"accident_id","lieu_id","date_id","cause_id","lum_id","intemp_id","etat_surface_id","impliq_id","nb_blesses_graves","nb_blesses_legers","nb_indemnes","gravite","nb_morts"
"101","632","101","52","3","1","7","0","0","1","0","1","0"
"102","633","102","52","3","1","7","6","0","4","1","1","0"
"103","633","103","52","3","1","7","6","0","4","1","1","0"
"104","633","104","81","3","1","7","0","1","0","0","2","0"
"105","633","105","22","1","1","7","5","0","1","1","1","0"
"106","633","106","26","3","1","1","2","0","1","1","1","0"
"107","633","107","52","3","1","7","0","1","1","0","2","0"
"108","633","108","52","3","1","7","0","1","1","0","2","0"
"109","633","109","52","3","1","7","0","3","0","0","2","0"
"110","633","110","52","3","3","1","0","0","1","0","3","0"
"111","633","111","52","3","1","7","0","1","0","0","2","0"
"112","633","112","52","4","1","7","0","0","1","0","1","0"
"113","633","113","52","1","1","1","0","0","0","0","3","0"
"114","633","114","52","3","1","7","0","0","0","0","3","0"
"115","633","115","52","3","3","2","6","0","2","3","1","0"
"116","633","116","52","3","3","2","0","0","0","0","3","0"
"117","633","117","52","1","3","2","0","0","1","0","1","0"
"118","633","118","52","3","1","2","0","1","0","0","2","0"
"119","634","119","71","3","1","7","6","0","2","0","3","0"
"120","634","120","61","1","1","7","3","1","0","1","2","0"
"121","660","121","64","1","1","7","6","0","1","1","1","0"
"122","674","122","72","4","1","7","4","0","1","1","1","0"
"123","691","123","72","2","1","7","6","1","0","1","2","0"
"124","694","124","71","1","1","7","6","0","1","1","1","0"
"125","694","125","71","2","1","7","6","1","0","1","2","0"
"126","694","126","81","3","4","3","6","0","3","1","1","0"
"127","694","127","51","1","1","7","6","0","2","4","1","0"
"128","694","128","23","1","1","7","5","0","1","1","3","0"
"129","696","129","67","1","1","7","4","0","1","1","1","0"
"130","696","130","21","3","1","7","4","1","0","1","2","0"
"131","696","131","63","1","1","7","4","0","2","1","1","0"
"132","697","132","72","1","1","7","3","0","1","1","1","0"
"133","697","133","11","3","1","7","6","0","0","1","3","0"
"134","697","134","64","1","1","7","6","0","2","3","1","0"
"135","699","135","23","2","1","7","5","1","1","0","2","0"
"136","700","136","72","2","1","1","6","1","0","1","2","0"
"137","701","137","64","3","1","7","4","0","1","1","1","0"
"138","701","138","71","1","1","7","6","0","1","1","1","0"
"139","701","139","23","1","1","7","5","1","0","1","2","0"
"140","702","140","23","1","1","7","6","1","0","1","2","0"
"141","702","141","21","5","1","7","4","0","2","0","1","0"
"142","704","142","52","3","3","2","4","0","1","1","1","0"
"143","709","143","22","1","3","1","6","0","1","2","1","0"
"144","713","144","72","1","1","7","6","0","1","1","1","0"
"145","718","145","26","1","1","7","2","0","0","1","3","0"
"146","725","146","72","1","1","7","6","1","0","1","2","0"
"147","725","147","72","1","1","7","6","1","0","1","2","0"
"148","725","148","72","3","1","7","6","0","1","1","1","0"
"149","738","149","26","4","1","1","4","0","1","1","1","0"
"150","771","150","52","1","2","2","6","0","1","1","1","0"
"151","771","151","52","1","2","1","2","1","3","1","2","0"
"152","772","152","72","3","3","2","6","1","0","2","2","0"
"153","774","153","26","1","1","2","2","1","0","1","2","0"
"154","776","154","52","1","1","7","3","0","2","1","1","0"
"155","792","155","52","3","1","7","0","2","0","0","2","0"
"156","792","156","12","1","1","7","6","0","1","1","1","0"
"157","792","157","21","3","1","7","6","0","1","1","1","0"
"158","792","158","52","3","1","7","0","1","2","0","2","0"
"159","794","159","26","1","1","7","4","1","0","1","2","0"
"160","794","160","52","3","3","2","0","0","2","1","1","0"
"161","794","161","26","1","1","7","2","0","1","1","1","0"
"162","796","162","52","2","1","2","0","0","2","1","1","0"
"163","796","163","52","3","1","2","6","1","0","1","2","0"
"164","796","164","21","3","1","1","8","0","1","1","1","0"
"165","796","165","52","3","1","7","0","0","2","0","1","0"
"166","796","166","53","1","1","7","0","1","0","1","2","0"
"167","796","167","26","3","1","7","2","0","1","1","1","0"
"168","796","168","52","1","1","1","6","0","1","1","1","0"
"169","797","169","74","1","1","7","6","0","1","1","1","0"
"170","798","170","64","1","1","7","6","1","1","1","2","0"
"171","798","171","64","1","3","1","5","1","0","1","2","0"
"172","798","172","13","1","1","2","6","0","2","1","1","0"
"173","804","173","51","1","1","7","3","1","0","1","2","0"
"174","805","174","23","1","1","7","6","0","1","1","1","0"
"175","816","175","52","3","3","1","0","0","1","0","1","0"
"176","824","176","61","1","1","7","3","0","1","1","1","0"
"177","824","177","71","1","1","7","6","1","0","1","2","0"
"178","826","178","72","1","1","7","6","1","0","1","2","0"
"179","833","179","23","1","1","1","6","0","1","1","1","0"
"180","833","180","52","1","1","7","6","0","1","0","1","0"
"181","833","181","52","1","1","7","6","1","0","1","2","0"
"182","833","182","67","1","1","7","5","0","1","1","1","0"
"183","833","183","36","1","1","7","6","0","1","1","1","0"
"184","835","184","72","1","1","7","6","1","0","1","2","0"
"185","835","185","73","2","1","7","6","1","1","1","2","0"
"186","835","186","26","1","1","7","1","1","0","1","2","0"
"187","835","187","71","1","1","7","6","0","1","1","1","0"
"188","835","188","64","1","1","7","4","0","1","1","1","0"
"189","836","189","61","1","1","7","3","1","0","0","2","0"
"190","836","190","64","1","1","7","5","0","1","1","1","0"
"191","836","191","72","1","1","7","6","0","1","2","1","0"
"192","836","192","61","1","1","7","3","0","1","1","1","0"
"193","836","193","64","1","1","7","4","1","0","1","2","0"
"194","838","194","23","3","1","7","6","0","1","1","1","0"
"195","838","195","71","3","1","2","6","0","1","1","1","0"
"196","840","196","67","2","1","1","6","0","1","1","1","0"
"197","840","197","71","1","1","7","6","1","0","1","2","0"
"198","841","198","71","1","1","7","6","0","1","1","1","0"
"199","844","199","67","1","1","7","5","0","1","1","1","0"
"200","844","200","36","3","1","7","5","2","1","1","3","1"
"201","844","201","64","1","1","7","4","0","1","1","1","0"
"202","844","202","71","2","1","1","5","0","2","0","1","0"
"203","847","203","72","1","1","7","6","0","2","1","1","0"
"204","848","204","36","3","1","7","6","0","1","1","1","0"
"205","848","205","52","3","4","3","6","1","2","0","2","0"
"206","848","206","99","3","1","7","0","1","0","0","2","0"
"207","848","207","72","2","1","7","7","0","1","1","1","0"
"208","848","208","23","1","1","7","4","0","1","1","1","0"
"209","848","209","51","1","2","2","6","0","2","2","1","0"
"210","848","210","51","1","1","7","6","0","1","1","1","0"
"211","848","211","72","1","1","7","6","0","1","1","1","0"
"212","849","212","52","1","4","4","6","0","3","2","1","0"
"213","850","213","51","1","1","7","6","0","2","1","1","0"
"214","850","214","51","3","1","7","6","0","1","1","1","0"
"215","852","215","51","1","1","7","6","1","1","2","2","0"
"216","860","216","71","1","1","7","7","1","0","1","2","0"
"217","860","217","81","3","1","7","6","1","4","0","3","1"
"218","860","218","23","2","1","7","6","0","1","1","1","0"
"219","860","219","63","1","1","7","6","0","1","1","1","0"
"220","860","220","25","1","1","7","6","0","1","0","1","0"
"221","884","221","52","1","1","7","2","1","2","0","2","0"
"222","884","222","51","1","1","7","3","0","1","1","1","0"
"223","884","223","81","2","1","2","6","0","1","1","1","0"
"224","884","224","61","1","1","7","3","1","0","1","2","0"
"225","887","225","26","1","1","7","2","0","1","1","1","0"
"226","888","226","71","1","1","7","6","1","0","1","2","0"
"227","889","227","25","3","1","7","6","0","1","1","1","0"
"228","889","228","71","1","1","7","6","1","0","1","2","0"
"229","889","229","52","3","1","7","6","1","0","2","2","0"
"230","890","230","26","1","1","7","1","0","2","0","1","0"
"231","891","231","82","3","1","1","6","0","4","0","1","0"
"232","894","232","25","1","1","7","7","1","0","0","2","0"
"233","900","233","26","4","1","7","1","0","1","1","1","0"
"234","910","234","52","3","1","7","6","1","0","1","2","0"
"235","910","235","21","1","1","7","6","0","1","1","1","0"
"236","910","236","20","1","1","7","6","1","0","1","2","0"
"237","926","237","71","1","1","7","6","0","1","1","1","0"
"238","928","238","72","5","2","2","6","0","1","1","1","0"
"239","928","239","51","3","1","7","6","0","2","0","1","0"
"240","929","240","22","1","1","7","6","0","1","1","1","0"
"241","931","241","25","1","1","7","7","1","0","1","2","0"
"242","931","242","36","1","1","7","3","0","1","1","1","0"
"243","931","243","64","1","1","7","6","0","2","2","1","0"
"244","938","244","72","1","1","7","6","0","0","1","3","0"
"245","938","245","52","1","3","1","2","0","1","1","1","0"
"246","938","246","52","1","1","2","6","0","2","1","1","0"
"247","938","247","81","1","1","7","6","0","1","3","1","0"
"248","947","248","52","5","1","7","0","0","2","0","1","0"
"249","947","249","52","2","2","1","6","0","2","2","1","0"
"250","947","250","52","2","2","2","6","0","2","1","1","0"
"251","956","251","72","1","1","7","6","0","1","1","1","0"
"252","970","252","51","1","1","7","2","0","1","1","1","0"
"253","971","253","72","1","1","7","6","1","0","1","2","0"
"254","972","254","71","1","1","7","6","0","1","1","1","0"
"255","975","255","72","1","1","7","6","0","1","1","1","0"
"256","975","256","41","1","1","7","6","1","0","1","2","0"
"257","976","257","26","1","1","7","2","0","1","1","1","0"
"258","976","258","26","1","1","7","2","1","0","1","2","0"
"259","978","259","72","1","1","7","6","1","0","1","2","0"
"260","978","260","25","1","1","1","6","0","1","1","1","0"
"261","981","261","72","1","1","7","6","0","1","0","1","0"
"262","991","262","71","1","1","7","6","1","0","1","2","0"
"263","993","263","67","1","1","7","6","0","2","0","1","0"
"264","993","264","20","1","1","7","6","0","1","1","1","0"
"265","993","265","41","1","1","7","1","0","1","1","1","0"
"266","993","266","71","1","1","7","6","0","1","1","1","0"
"267","994","267","72","3","1","7","6","0","1","1","1","0"
"268","1014","268","51","4","1","1","7","1","0","1","2","0"
"269","1045","269","51","1","1","7","6","0","1","1","1","0"
"270","1046","270","21","4","3","2","6","1","1","0","2","0"
"271","1056","271","52","2","1","7","6","0","2","1","1","0"
"272","1057","272","21","1","1","7","6","1","0","1","2","0"
"273","1062","273","81","1","1","7","0","0","2","0","1","0"
"274","1068","274","72","1","1","7","6","1","0","1","2","0"
"275","1080","275","81","1","1","7","6","0","2","0","1","0"
"276","1081","276","28","1","1","7","6","1","0","1","2","0"
"277","1081","277","22","1","3","1","7","0","0","1","3","0"
"278","1102","278","64","1","1","7","4","1","0","1","2","0"
"279","1103","279","51","1","1","1","2","1","0","2","2","0"
"280","1105","280","72","1","1","7","6","0","1","1","1","0"
"281","1107","281","64","1","1","7","5","0","1","1","1","0"
"282","1110","282","51","1","1","7","6","0","1","0","1","0"
"283","1110","283","36","2","1","7","6","0","1","1","1","0"
"284","1114","284","52","1","1","7","0","0","4","0","1","0"
"285","1114","285","23","1","1","7","6","0","3","1","1","0"
"286","1114","286","52","1","2","2","0","1","0","0","2","0"
"287","1114","287","52","3","1","7","0","0","1","0","1","0"
"288","1117","288","52","1","1","7","5","1","1","1","2","0"
"289","1117","289","16","3","1","7","5","1","0","1","2","0"
"290","1120","290","64","4","1","2","6","2","0","0","2","0"
"291","1120","291","36","3","1","2","3","0","1","0","1","0"
"292","1123","292","52","2","1","4","6","0","1","1","1","0"
"293","1124","293","72","1","1","7","6","1","0","1","2","0"
"294","1124","294","72","1","1","7","6","0","1","1","1","0"
"295","1130","295","52","1","3","2","0","0","1","1","1","0"
"296","1158","296","52","1","1","7","6","0","2","0","1","0"
"297","1197","297","71","1","1","7","6","1","0","1","2","0"
"298","1199","298","19","1","1","7","6","0","1","1","1","0"
"299","1200","299","52","1","3","2","0","0","2","0","1","0"
"300","1202","300","28","1","1","7","9","0","1","0","1","0"
"301","1202","301","72","1","1","7","6","0","1","1","1","0"
"302","1219","302","81","3","1","7","0","0","1","1","1","0"
"303","1220","303","81","5","1","7","2","0","1","1","1","0"
"304","1223","304","72","1","1","7","6","1","0","1","2","0"
"305","1230","305","53","1","1","7","6","0","1","0","1","0"
"306","1232","306","53","1","1","7","6","0","2","1","1","0"
"307","1232","307","18","1","1","7","6","0","1","1","1","0"
"308","1232","308","51","3","1","7","6","0","3","3","1","0"
"309","1236","309","52","3","1","2","0","0","0","0","3","0"
"310","1242","310","81","3","3","1","2","0","0","1","3","0"
"311","1242","311","51","1","1","7","6","0","2","1","1","0"
"312","1242","312","21","3","3","2","6","0","1","3","1","0"
"313","1243","313","21","5","1","7","4","0","0","1","3","0"
"314","1277","314","51","1","1","7","4","0","1","1","1","0"
"315","1277","315","61","1","1","7","3","1","0","1","2","0"
"316","1277","316","25","3","1","7","6","0","1","1","1","0"
"317","1279","317","82","1","1","7","0","0","1","1","3","0"
"318","1320","318","64","2","1","7","4","0","1","1","1","0"
"319","1320","319","52","2","1","7","6","0","1","1","1","0"
"320","1320","320","64","1","1","7","4","0","1","2","1","0"
"321","1320","321","21","1","1","7","3","0","2","0","1","0"
"322","1320","322","26","1","1","2","4","0","1","1","1","0"
"323","1320","323","67","1","1","7","6","0","1","1","1","0"
"324","1320","324","26","1","1","7","2","0","1","1","1","0"
"325","1320","325","26","3","1","1","4","0","0","1","3","0"
"326","1320","326","13","1","1","7","3","1","0","1","3","0"
"327","1320","327","26","1","1","7","3","0","1","1","1","0"
"328","1320","328","13","1","1","7","4","0","1","1","1","0"
"329","1322","329","72","1","1","7","6","1","0","1","2","0"
"330","1327","330","14","1","1","7","3","0","1","1","1","0"
"331","1330","331","26","1","1","7","2","0","1","1","1","0"
"332","1330","332","26","1","1","7","2","0","1","1","1","0"
"333","1331","333","26","1","1","7","2","0","1","1","1","0"
"334","1331","334","71","1","1","7","6","0","1","1","1","0"
"335","1344","335","73","1","1","7","3","1","0","1","2","0"
"336","1374","336","52","3","3","1","0","1","2","0","2","0"
"337","1374","337","51","1","3","1","6","0","3","2","1","0"
"338","1374","338","52","3","1","2","0","0","1","0","1","0"
"339","1376","339","23","3","1","7","4","1","0","1","2","0"
"340","1376","340","23","3","1","7","6","0","1","1","1","0"
"341","1379","341","52","3","1","7","6","1","1","1","2","0"
"342","1379","342","72","1","1","7","6","0","1","1","1","0"
"343","1379","343","52","1","1","7","6","0","1","1","1","0"
"344","1380","344","51","1","1","7","3","1","0","1","2","0"
"345","1380","345","52","1","1","7","6","1","0","1","2","0"
"346","1380","346","52","1","1","7","0","0","1","1","1","0"
"347","1384","347","71","1","1","7","6","0","1","1","1","0"
"348","1405","348","21","3","1","7","7","1","0","1","2","0"
"349","1420","349","26","1","1","2","2","0","1","1","1","0"
"350","1420","350","26","1","1","7","2","0","1","1","1","0"
"351","1420","351","72","1","1","7","6","0","1","1","1","0"
"352","1420","352","41","3","1","7","4","0","1","0","1","0"
"353","1421","353","64","1","1","7","6","0","1","1","1","0"
"354","1426","354","72","3","1","5","6","1","0","1","2","0"
"355","1427","355","66","1","1","7","1","1","0","1","2","0"
"356","1427","356","35","1","1","7","5","0","2","1","1","0"
"357","1429","357","72","1","1","7","6","0","1","1","1","0"
"358","1436","358","72","3","3","1","6","0","1","1","1","0"
"359","1437","359","66","1","1","7","1","0","1","1","1","0"
"360","1437","360","72","1","1","7","6","0","1","0","1","0"
"361","1438","361","73","1","1","7","6","1","0","1","2","0"
"362","1454","362","71","1","1","7","6","0","1","1","1","0"
"363","1455","363","64","1","1","7","6","1","0","1","2","0"
"364","1456","364","23","1","1","7","4","0","1","1","1","0"
"365","1456","365","21","1","1","7","4","0","1","1","1","0"
"366","1456","366","52","1","1","1","6","0","1","1","1","0"
"367","1456","367","52","3","1","7","0","0","2","0","1","0"
"368","1456","368","72","1","1","1","4","0","2","2","1","0"
"369","1456","369","19","3","1","7","6","0","1","1","1","0"
"370","1459","370","36","3","1","7","3","1","0","1","2","0"
"371","1462","371","72","1","1","7","6","0","1","1","1","0"
"372","1462","372","72","2","1","7","6","0","1","1","1","0"
"373","1462","373","72","1","1","7","6","1","1","1","2","0"
"374","1463","374","51","1","1","7","6","0","3","2","1","0"
"375","1475","375","14","3","1","7","3","0","1","1","1","0"
"376","1475","376","67","1","1","7","6","0","1","1","1","0"
"377","1476","377","26","1","1","7","1","0","1","1","1","0"
"378","1476","378","71","1","1","7","6","0","1","1","1","0"
"379","1476","379","26","1","3","1","1","0","1","1","1","0"
"380","1485","380","72","1","1","7","4","0","1","2","1","0"
"381","1494","381","18","3","1","7","6","0","1","1","1","0"
"382","1498","382","61","1","1","7","3","0","1","1","1","0"
"383","1500","383","61","1","1","7","8","0","1","1","1","0"
"384","1502","384","52","3","1","7","2","1","1","0","2","0"
"385","1502","385","73","1","1","7","6","0","1","1","1","0"
"386","1502","386","72","1","1","7","6","0","1","1","1","0"
"387","1502","387","67","2","3","2","4","0","1","1","1","0"
"388","1508","388","71","1","1","7","6","0","1","1","1","0"
"389","1528","389","64","2","1","7","6","0","1","1","1","0"
"390","1534","390","64","1","1","7","1","1","0","1","2","0"
"391","1548","391","72","1","1","7","6","0","1","1","1","0"
"392","1606","392","71","1","1","7","6","0","1","1","1","0"
"393","1606","393","81","3","1","7","7","0","1","1","1","0"
"394","1606","394","13","1","1","7","7","0","1","1","1","0"
"395","1606","395","51","1","1","7","0","0","2","0","1","0"
"396","1606","396","66","1","1","7","6","0","1","1","1","0"
"397","1606","397","66","1","1","7","6","0","2","1","1","0"
"398","1606","398","66","1","1","7","6","0","1","1","1","0"
"399","1607","399","21","3","1","7","4","1","1","0","2","0"
"400","1607","400","21","3","3","1","6","0","2","1","1","0"
"401","1607","401","51","1","1","7","6","0","1","1","1","0"
"402","1607","402","67","1","1","7","4","1","0","1","2","0"
"403","1626","403","72","1","1","7","6","0","1","1","1","0"
"404","1629","404","13","1","3","2","6","0","2","1","1","0"
"405","1629","405","99","1","1","7","2","0","1","1","1","0"
"406","1693","406","52","1","1","2","0","0","1","0","1","0"
"407","1723","407","72","1","1","7","6","1","0","0","2","0"
"408","1723","408","81","3","1","7","6","0","1","1","1","0"
"409","1823","409","52","3","1","2","0","0","1","0","1","0"
"410","1824","410","24","1","1","7","4","0","1","1","1","0"
"411","1824","411","19","1","1","7","6","0","1","1","1","0"
"412","1850","412","51","5","1","7","4","0","1","1","1","0"
"413","1866","413","51","3","3","1","6","0","1","3","1","0"
"414","1866","414","51","1","3","2","6","0","2","0","1","0"
"415","1872","415","74","1","1","7","6","0","1","1","1","0"
"416","1926","416","64","1","1","7","6","0","1","1","1","0"
"417","1947","417","51","2","3","2","3","0","1","1","1","0"
"418","1952","418","26","1","1","7","2","0","1","1","1","0"
"419","1956","419","81","3","1","7","6","0","2","2","1","0"
"420","1999","420","12","1","1","7","6","0","2","0","1","0"
"421","2022","421","51","1","1","7","6","0","4","2","1","0"
"422","2022","422","51","1","1","7","7","1","0","1","2","0"
"423","2026","423","35","1","1","1","6","1","0","2","2","0"
"424","2026","424","41","3","1","7","6","1","2","0","2","0"
"425","2083","425","36","1","2","1","6","0","3","1","1","0"
"426","2083","426","21","1","1","7","6","0","2","0","1","0"
"427","2083","427","23","2","1","7","6","0","1","2","1","0"
"428","2083","428","81","5","1","2","6","1","1","5","3","2"
"429","2137","429","85","5","1","7","6","0","1","2","1","0"
"430","2137","430","51","1","1","7","6","0","1","3","1","0"
"431","2137","431","52","2","3","1","0","0","2","1","1","0"
"432","2151","432","52","3","4","3","6","1","3","1","2","0"
"433","2151","433","52","1","1","7","6","1","2","1","2","0"
"434","2174","434","13","1","1","7","5","0","1","1","1","0"
"435","2184","435","64","1","1","7","6","0","1","1","1","0"
"436","2184","436","52","1","1","7","0","0","1","0","1","0"
"437","2185","437","26","1","1","7","4","1","0","1","2","0"
"438","2185","438","72","1","1","7","4","1","1","0","2","0"
"439","2193","439","73","1","1","7","6","0","1","0","1","0"
"440","2206","440","81","3","1","7","2","0","1","1","1","0"
"441","2213","441","52","1","1","7","6","0","2","0","1","0"
"442","2223","442","21","1","1","7","6","0","1","1","1","0"
"443","2244","443","76","1","1","7","6","0","1","1","1","0"
"444","2247","444","64","1","1","7","6","1","0","0","2","0"
"445","2254","445","21","1","1","7","3","0","1","1","1","0"
"446","2278","446","26","1","3","1","2","0","1","1","1","0"
"447","2281","447","86","1","1","7","2","1","0","3","2","0"
"448","2741","448","72","1","1","7","6","1","0","1","2","0"
"449","2745","449","81","3","1","7","0","1","0","1","2","0"
"450","2747","450","72","1","1","7","6","0","1","1","1","0"
"451","3376","451","63","1","1","7","6","0","2","0","1","0"
"452","3378","452","52","3","4","3","6","0","1","1","1","0"
"453","3378","453","52","3","1","7","3","0","1","1","1","0"
"454","3378","454","36","1","3","1","3","0","1","1","1","0"
"455","3378","455","81","2","1","7","6","0","0","2","3","0"
"456","3378","456","52","1","1","7","6","0","3","0","1","0"
"457","3378","457","51","1","1","7","4","0","1","1","1","0"
"458","3378","458","21","1","1","7","6","0","5","0","1","0"
"459","3378","459","51","1","1","7","6","0","2","0","1","0"
"460","3400","460","52","3","1","7","6","0","2","1","1","0"
"461","3400","461","72","3","3","2","4","1","1","0","2","0"
"462","3431","462","72","1","1","7","6","1","0","1","2","0"
"463","3457","463","51","1","1","7","6","0","1","1","1","0"
"464","3460","464","12","1","1","7","6","1","3","0","2","0"
"465","3460","465","72","1","1","1","6","0","1","1","1","0"
"466","3466","466","71","1","1","7","6","0","1","1","1","0"
"467","3468","467","71","1","1","7","6","0","1","1","1","0"
"468","3470","468","72","1","1","7","6","0","1","1","1","0"
"469","3470","469","81","1","1","7","2","0","1","1","1","0"
"470","3476","470","41","1","1","7","6","1","0","2","2","0"
"471","3481","471","26","1","1","7","1","0","1","1","1","0"
"472","3484","472","35","1","1","7","3","0","1","1","1","0"
"473","3485","473","71","1","1","7","6","1","0","1","2","0"
"474","3487","474","52","3","1","7","0","1","0","0","2","0"
"475","3491","475","73","3","1","7","6","1","0","1","2","0"
"476","3491","476","72","2","3","1","5","1","0","1","2","0"
"477","3499","477","81","1","1","7","6","0","1","1","1","0"
"478","3500","478","72","1","1","7","6","1","0","1","2","0"
"479","3512","479","72","1","1","7","6","0","1","1","1","0"
"480","3512","480","52","1","1","7","6","1","0","2","2","0"
"481","3512","481","64","3","3","1","6","1","0","1","2","0"
"482","3514","482","52","3","1","7","6","1","1","0","3","0"
"483","3516","483","81","3","1","7","6","0","1","3","1","0"
"484","3527","484","81","2","1","7","3","0","1","1","1","0"
"485","3528","485","72","3","3","1","4","0","1","1","1","0"
"486","3528","486","51","1","1","7","6","2","0","0","2","0"
"487","3530","487","52","3","1","7","0","1","0","0","2","0"
"488","3532","488","25","1","3","2","6","0","1","1","1","0"
"489","3532","489","26","2","1","7","2","0","1","1","1","0"
"490","3532","490","99","1","1","7","2","1","0","4","2","0"
"491","3533","491","81","3","2","1","2","0","0","1","3","0"
"492","3534","492","21","3","3","2","6","0","1","1","1","0"
"493","3534","493","51","1","1","4","6","1","0","1","2","0"
"494","3534","494","71","1","1","7","6","1","0","1","2","0"
"495","3534","495","52","3","1","7","6","0","2","0","1","0"
"496","3534","496","81","3","3","1","6","0","4","0","1","0"
"497","3547","497","52","1","1","7","6","1","0","2","2","0"
"498","3550","498","52","3","1","7","0","1","1","0","2","0"
"499","3550","499","81","3","1","7","0","0","1","0","1","0"
"500","3550","500","71","3","4","3","6","0","1","1","1","0"
"501","3550","501","71","2","3","2","6","1","0","1","2","0"
"502","3550","502","82","1","1","7","0","0","0","1","3","0"
"503","3550","503","51","1","3","1","3","0","1","1","1","0"
"504","3550","504","25","1","3","1","6","0","1","1","1","0"
"505","3551","505","72","1","1","7","4","1","0","1","2","0"
"506","3558","506","72","1","1","7","6","0","1","1","1","0"
"507","3573","507","72","1","1","7","4","0","1","1","1","0"
"508","3584","508","61","1","1","7","3","1","0","1","2","0"
"509","3584","509","71","1","1","7","6","0","1","1","1","0"
"510","3584","510","71","3","3","1","6","1","0","1","2","0"
"511","3585","511","52","1","1","7","0","2","2","0","2","0"
"512","3590","512","72","1","1","7","6","1","0","1","2","0"
"513","3592","513","25","1","1","7","0","1","0","0","2","0"
"514","3592","514","61","1","7","7","3","1","0","1","2","0"
"515","3592","515","81","3","1","7","6","1","0","1","2","0"
"516","3592","516","52","1","1","7","2","0","1","1","3","0"
"517","3596","517","72","3","1","7","6","1","0","2","2","0"
"518","3609","518","28","1","1","7","0","0","1","0","1","0"
"519","3616","519","64","1","1","7","6","1","0","1","2","0"
"520","3617","520","52","1","1","7","0","1","0","0","2","0"
"521","3617","521","52","1","1","7","0","0","1","0","1","0"
"522","3617","522","81","3","1","7","6","1","0","1","2","0"
"523","3618","523","61","1","3","1","3","0","1","1","1","0"
"524","3618","524","67","3","1","7","4","0","1","1","1","0"
"525","3618","525","51","3","1","7","3","0","1","1","1","0"
"526","3618","526","26","2","1","7","2","1","0","1","2","0"
"527","3618","527","67","1","1","7","4","1","0","1","2","0"
"528","3619","528","72","2","1","7","6","1","0","1","2","0"
"529","3619","529","25","3","1","7","7","1","1","1","2","0"
"530","3620","530","51","1","1","7","7","0","1","1","1","0"
"531","3620","531","71","3","1","7","6","1","0","1","2","0"
"532","3620","532","52","3","1","7","6","1","0","0","2","0"
"533","3621","533","71","1","1","7","6","0","0","1","3","0"
"534","3621","534","71","3","1","7","6","1","0","1","2","0"
"535","3623","535","12","3","1","7","9","0","0","1","3","0"
"536","3636","536","71","1","1","7","6","1","0","1","2","0"
"537","3637","537","26","1","1","7","2","1","0","1","2","0"
"538","3645","538","32","1","1","7","6","1","0","2","2","0"
"539","3645","539","35","1","1","7","4","0","1","1","1","0"
"540","3651","540","81","1","1","7","6","0","3","0","1","0"
"541","3652","541","25","3","1","7","6","0","1","1","1","0"
"542","3652","542","27","3","1","1","0","1","0","0","2","0"
"543","3653","543","51","1","1","7","2","0","0","2","3","0"
"544","3654","544","52","2","1","4","0","2","1","0","2","0"
"545","3654","545","81","3","1","7","6","0","2","0","1","0"
"546","3654","546","52","1","1","7","6","0","5","0","1","0"
"547","3657","547","99","1","1","7","6","0","1","1","1","0"
"548","3663","548","20","1","3","1","2","1","0","1","2","0"
"549","3663","549","81","3","3","1","6","1","0","1","2","0"
"550","3665","550","23","1","1","7","5","1","0","2","2","0"
"551","3665","551","71","1","1","7","5","1","0","1","2","0"
"552","3666","552","26","3","1","7","2","0","1","1","1","0"
"553","3679","553","73","1","1","7","6","0","1","1","1","0"
"554","3681","554","21","1","1","7","6","0","1","1","1","0"
"555","3682","555","81","5","1","7","6","0","2","2","1","0"
"556","3682","556","22","3","3","2","6","0","5","1","1","0"
"557","3682","557","81","3","1","7","0","1","2","0","2","0"
"558","3683","558","71","1","1","7","6","1","0","1","2","0"
"559","3685","559","25","1","7","7","0","1","0","0","2","0"
"560","3687","560","23","1","1","7","6","0","1","3","1","0"
"561","3689","561","81","1","1","7","6","0","1","1","1","0"
"562","3717","562","81","3","1","7","6","1","2","1","2","0"
"563","3749","563","26","1","1","7","1","0","2","1","1","0"
"564","3749","564","26","1","1","7","2","1","0","1","2","0"
"565","3756","565","21","1","1","7","4","0","1","1","1","0"
"566","3757","566","63","1","1","7","6","0","1","4","1","0"
"567","3757","567","72","1","3","1","6","0","1","1","1","0"
"568","3758","568","71","1","1","7","6","0","1","1","1","0"
"569","3797","569","74","1","1","7","4","0","1","1","1","0"
"570","3810","570","36","1","1","7","5","0","1","1","1","0"
"571","3816","571","73","2","1","7","6","1","0","1","2","0"
"572","3832","572","35","1","1","7","3","0","1","1","1","0"
"573","3832","573","81","1","1","7","6","1","0","1","2","0"
"574","3834","574","63","3","6","1","4","1","0","1","2","0"
"575","3836","575","72","3","3","2","6","1","0","1","2","0"
"576","3836","576","71","1","1","7","6","1","0","1","2","0"
"577","3840","577","51","3","3","2","7","1","0","1","2","0"
"578","3840","578","64","3","1","7","3","0","1","1","1","0"
"579","3841","579","72","1","3","1","6","1","0","1","2","0"
"580","3841","580","71","3","1","1","6","1","0","1","3","0"
"581","3841","581","72","1","3","1","6","1","0","1","2","0"
"582","3841","582","23","3","1","7","5","2","0","1","2","0"
"583","3841","583","51","3","2","1","6","0","1","1","1","0"