"accident_id","lieu_id","date_id","cause_id","lum_id","intemp_id","etat_surface_id","impliq_id","nb_blesses_graves","nb_blesses_legers","nb_indemnes","gravite","nb_morts"
"1060","12564","1060","36","1","3","2","8","1","0","2","2","0"
"1061","12564","1061","52","3","1","7","0","3","0","0","2","0"
"1062","12565","1062","81","3","7","1","6","0","2","0","1","0"
"1063","12565","1063","52","3","3","1","0","0","1","0","1","0"
"1064","12566","1064","52","3","1","1","6","1","0","1","3","0"
"1065","12591","1065","64","5","3","2","6","0","2","0","1","0"
"1066","12591","1066","52","2","3","1","0","0","2","0","1","0"
"1067","12592","1067","81","1","3","1","6","1","1","0","2","0"
"1068","12592","1068","52","3","7","1","0","0","1","0","1","0"
"1069","12592","1069","52","2","1","7","0","0","1","0","1","0"
"1070","12593","1070","52","3","1","7","0","0","2","0","1","0"
"1071","12595","1071","52","1","1","7","0","0","1","0","1","0"
"1072","12595","1072","52","1","3","1","6","0","3","0","1","0"
"1073","13108","1073","52","3","1","7","6","0","1","1","1","0"
"1074","13129","1074","72","2","2","2","6","1","0","1","2","0"
"1075","13129","1075","52","3","1","7","0","0","1","0","1","0"
"1076","13129","1076","72","1","1","7","4","0","1","1","1","0"
"1077","13129","1077","72","3","1","7","6","0","1","1","1","0"
"1078","13129","1078","71","3","1","7","6","0","1","1","1","0"
"1079","13130","1079","51","3","1","7","6","0","2","4","1","0"
"1080","13130","1080","72","3","1","1","6","0","1","1","1","0"
"1081","13132","1081","67","3","3","2","3","0","1","1","1","0"
"1082","13132","1082","21","3","1","7","6","1","1","0","2","0"
"1083","13132","1083","72","1","1","7","6","1","0","1","2","0"
"1084","13132","1084","72","1","1","7","6","0","1","1","1","0"
"1085","13133","1085","26","1","1","7","2","0","1","1","1","0"
"1086","13133","1086","75","3","1","7","6","0","0","1","3","0"
"1087","13133","1087","25","3","3","2","6","0","2","2","1","0"
"1088","13133","1088","72","3","4","3","6","0","1","1","1","0"
"1089","13134","1089","52","2","1","7","6","0","3","0","1","0"
"1090","13134","1090","71","1","1","7","8","1","0","1","2","0"
"1091","13137","1091","21","1","1","7","6","0","1","2","1","0"
"1092","13148","1092","72","1","1","7","6","0","1","1","1","0"
"1093","13173","1093","64","1","1","7","2","0","1","1","1","0"
"1094","13177","1094","21","1","1","7","6","0","2","1","1","0"
"1095","13177","1095","52","1","1","7","7","0","1","1","1","0"
"1096","13177","1096","52","1","1","7","0","0","1","0","1","0"
"1097","13197","1097","18","1","1","7","6","0","1","1","1","0"
"1098","13206","1098","72","1","1","7","6","0","1","1","1","0"
"1099","13207","1099","72","1","1","7","6","1","0","1","2","0"
"1100","13209","1100","72","1","1","7","6","0","1","1","1","0"
"1101","13214","1101","72","1","1","7","6","0","1","1","1","0"
"1102","13222","1102","61","1","1","7","3","0","1","1","1","0"
"1103","13238","1103","72","1","1","7","6","0","1","1","1","0"
"1104","13239","1104","51","1","1","7","6","0","1","1","1","0"
"1105","13251","1105","51","3","1","7","0","1","0","0","2","0"
"1106","13275","1106","63","1","1","7","6","0","1","1","1","0"
"1107","13287","1107","71","1","1","7","6","0","0","1","3","0"
"1108","13287","1108","72","1","1","7","6","1","0","1","2","0"
"1109","13294","1109","72","1","3","1","6","0","1","1","1","0"
"1110","13296","1110","61","1","1","7","3","0","1","1","1","0"
"1111","13296","1111","52","3","3","2","6","0","1","1","1","0"
"1112","13296","1112","61","3","1","7","4","0","1","1","1","0"
"1113","13296","1113","71","2","7","7","6","0","1","1","1","0"
"1114","13297","1114","67","1","1","7","6","0","2","3","1","0"
"1115","13299","1115","64","3","1","7","5","0","1","1","1","0"
"1116","13312","1116","51","1","1","7","6","0","1","2","1","0"
"1117","13312","1117","52","3","3","2","6","1","1","0","2","0"
"1118","13312","1118","23","1","1","7","5","0","1","1","1","0"
"1119","13312","1119","21","1","1","7","3","0","2","0","1","0"
"1120","13312","1120","51","1","1","7","6","0","3","4","1","0"
"1121","13312","1121","52","1","3","1","0","0","1","1","1","0"
"1122","13312","1122","52","1","1","7","6","0","1","2","1","0"
"1123","13313","1123","71","1","1","7","6","0","1","1","1","0"
"1124","13313","1124","51","1","3","1","6","0","1","3","1","0"
"1125","13313","1125","23","1","2","1","6","0","2","1","1","0"
"1126","13313","1126","71","3","1","7","6","1","0","1","2","0"
"1127","13313","1127","51","2","3","1","6","0","2","1","1","0"
"1128","13313","1128","51","1","1","1","6","0","2","3","1","0"
"1129","13313","1129","71","3","3","1","6","1","0","1","2","0"
"1130","13314","1130","52","3","3","1","0","0","1","0","1","0"
"1131","13328","1131","74","3","1","7","3","0","1","1","1","0"
"1132","13328","1132","41","1","1","6","2","0","1","1","1","0"
"1133","13329","1133","74","1","1","2","4","0","1","1","1","0"
"1134","13334","1134","71","1","3","2","6","0","1","1","1","0"
"1135","13334","1135","52","1","1","7","7","1","0","1","2","0"
"1136","13334","1136","72","1","1","7","6","0","1","1","1","0"
"1137","13334","1137","21","1","1","7","6","0","1","1","1","0"
"1138","13334","1138","51","1","1","7","6","0","1","1","1","0"
"1139","13334","1139","71","2","1","7","6","1","0","1","2","0"
"1140","13336","1140","61","1","1","7","3","0","1","1","1","0"
"1141","13338","1141","64","1","1","7","6","0","1","1","1","0"
"1142","13338","1142","26","3","1","7","2","0","2","1","1","0"
"1143","13338","1143","71","1","1","7","6","0","1","1","1","0"
"1144","13338","1144","26","5","3","1","2","0","1","1","1","0"
"1145","13338","1145","26","3","1","7","1","0","1","1","1","0"
"1146","13339","1146","71","1","3","1","6","0","1","1","1","0"
"1147","13339","1147","52","1","3","1","6","0","1","1","1","0"
"1148","13341","1148","52","1","1","7","7","0","1","1","1","0"
"1149","13343","1149","36","1","1","7","6","0","1","1","1","0"
"1150","13343","1150","61","2","1","7","3","0","1","1","1","0"
"1151","13345","1151","52","1","1","7","6","0","1","1","1","0"
"1152","13345","1152","25","3","3","1","6","0","1","2","1","0"
"1153","13346","1153","64","3","1","7","5","0","1","1","1","0"
"1154","13349","1154","51","3","1","7","6","0","1","1","1","0"
"1155","13358","1155","21","1","1","7","6","0","2","1","1","0"
"1156","13368","1156","71","3","1","2","6","0","0","1","3","0"
"1157","13368","1157","72","3","1","2","6","1","0","1","2","0"
"1158","13373","1158","52","3","1","2","6","0","2","1","1","0"
"1159","13374","1159","52","1","3","1","6","0","1","2","1","0"
"1160","13376","1160","51","1","1","7","6","0","1","1","1","0"
"1161","13385","1161","51","1","1","7","0","0","1","0","1","0"
"1162","13403","1162","27","1","1","7","4","0","1","0","1","0"
"1163","13408","1163","51","1","3","2","6","0","1","1","1","0"
"1164","13408","1164","25","1","1","7","6","0","1","1","1","0"
"1165","13408","1165","25","1","1","7","6","1","0","1","2","0"
"1166","13408","1166","71","1","1","7","6","0","1","1","1","0"
"1167","13409","1167","72","1","1","7","6","0","2","1","1","0"
"1168","13413","1168","72","1","1","7","6","0","1","1","1","0"
"1169","13414","1169","25","1","1","7","7","0","1","1","1","0"
"1170","13421","1170","26","1","1","7","2","0","1","1","1","0"
"1171","13421","1171","71","1","1","7","6","0","1","1","1","0"
"1172","13422","1172","52","3","1","7","6","0","1","0","1","0"
"1173","13422","1173","32","1","1","7","6","0","1","2","1","0"
"1174","13422","1174","51","1","1","7","6","0","2","1","1","0"
"1175","13422","1175","71","3","3","1","6","0","1","1","1","0"
"1176","13424","1176","71","1","3","1","6","0","1","1","1","0"
"1177","13426","1177","71","3","1","7","6","1","0","1","2","0"
"1178","13426","1178","26","2","1","7","2","0","1","1","1","0"
"1179","13426","1179","25","3","1","7","6","0","1","1","1","0"
"1180","13426","1180","25","1","1","7","6","0","1","0","1","0"
"1181","13426","1181","51","3","3","1","6","0","1","4","1","0"
"1182","13428","1182","71","3","3","2","6","1","0","1","2","0"
"1183","13428","1183","64","1","1","7","5","0","2","1","1","0"
"1184","13428","1184","72","1","1","7","6","1","0","1","2","0"
"1185","13428","1185","67","1","1","7","4","0","1","1","1","0"
"1186","13428","1186","23","3","1","7","6","0","1","1","1","0"
"1187","13428","1187","81","1","1","7","6","0","4","0","1","0"
"1188","13428","1188","21","1","3","1","6","0","2","0","1","0"
"1189","13428","1189","63","3","1","7","4","0","1","1","1","0"
"1190","13429","1190","67","1","1","7","6","0","1","1","1","0"
"1191","13429","1191","52","3","1","7","6","0","1","1","1","0"
"1192","13429","1192","51","1","1","7","6","0","1","1","1","0"
"1193","13430","1193","72","1","1","7","4","0","1","1","1","0"
"1194","13430","1194","71","1","3","2","6","0","1","1","1","0"
"1195","13430","1195","26","1","1","7","1","0","1","1","1","0"
"1196","13430","1196","61","1","1","7","3","0","1","1","1","0"
"1197","13430","1197","72","2","3","1","6","0","1","1","1","0"
"1198","13430","1198","52","3","1","7","0","0","1","1","1","0"
"1199","13430","1199","51","3","1","1","6","0","1","0","1","0"
"1200","13430","1200","51","3","2","1","6","0","1","1","1","0"
"1201","13430","1201","51","1","1","7","6","0","1","1","1","0"
"1202","13431","1202","51","1","1","7","6","0","1","1","1","0"
"1203","13432","1203","26","2","1","7","1","0","1","1","1","0"
"1204","13432","1204","25","1","1","7","6","0","1","1","1","0"
"1205","13432","1205","72","1","1","7","5","0","1","1","1","0"
"1206","13432","1206","51","3","1","7","6","0","1","1","1","0"
"1207","13432","1207","71","2","1","7","5","0","2","0","1","0"
"1208","13433","1208","52","3","1","4","2","1","0","3","2","0"
"1209","13433","1209","51","1","1","7","0","0","1","0","1","0"
"1210","13433","1210","71","1","1","1","6","0","1","1","1","0"
"1211","13434","1211","63","1","1","7","4","0","1","1","1","0"
"1212","13434","1212","61","3","1","7","3","0","1","1","1","0"
"1213","13435","1213","26","1","1","1","2","0","2","1","1","0"
"1214","13436","1214","72","3","1","7","5","1","0","1","2","0"
"1215","13437","1215","72","1","1","7","6","0","1","1","1","0"
"1216","13437","1216","26","1","1","7","2","0","1","1","1","0"
"1217","13437","1217","26","1","1","7","2","0","1","1","1","0"
"1218","13449","1218","72","1","1","7","6","1","0","1","2","0"
"1219","13449","1219","25","3","3","1","6","0","2","1","1","0"
"1220","13450","1220","71","1","1","7","6","0","1","1","1","0"
"1221","13456","1221","71","1","1","7","6","0","1","1","1","0"
"1222","13464","1222","25","3","1","7","6","0","1","0","1","0"
"1223","13467","1223","72","1","1","7","6","0","1","1","1","0"
"1224","13488","1224","35","1","7","7","4","0","1","1","1","0"
"1225","13488","1225","71","1","1","7","4","0","2","0","1","0"
"1226","13515","1226","72","1","1","7","6","0","1","1","1","0"
"1227","13531","1227","72","1","1","7","6","0","1","1","1","0"
"1228","13542","1228","72","1","1","7","6","0","1","1","1","0"
"1229","13542","1229","64","1","1","7","6","0","1","1","1","0"
"1230","13542","1230","23","1","1","7","3","0","1","1","1","0"
"1231","13546","1231","71","1","1","7","6","0","1","1","1","0"
"1232","13565","1232","71","1","1","7","4","0","1","1","1","0"
"1233","13568","1233","71","1","1","7","6","0","1","1","1","0"
"1234","13586","1234","25","1","1","7","6","0","2","0","1","0"
"1235","13589","1235","64","1","3","1","4","0","1","1","1","0"
"1236","13589","1236","23","1","1","7","6","0","1","1","1","0"
"1237","13603","1237","72","1","1","7","6","0","1","1","1","0"
"1238","13603","1238","72","1","1","7","6","1","0","2","2","0"
"1239","13603","1239","21","1","1","7","5","0","1","1","1","0"
"1240","13604","1240","23","3","1","7","4","0","1","1","1","0"
"1241","13607","1241","51","1","1","7","4","1","0","1","2","0"
"1242","13607","1242","52","2","1","7","0","0","1","1","1","0"
"1243","13607","1243","51","3","1","7","6","0","1","1","1","0"
"1244","13607","1244","25","1","1","7","6","0","1","1","1","0"
"1245","13607","1245","61","1","1","7","4","0","1","1","1","0"
"1246","13609","1246","51","1","1","7","6","0","1","1","1","0"
"1247","13615","1247","51","1","4","4","4","0","1","1","1","0"
"1248","13616","1248","64","1","1","7","6","0","1","1","1","0"
"1249","13617","1249","26","1","1","7","2","0","1","1","1","0"
"1250","13617","1250","51","1","1","7","6","1","0","1","2","0"
"1251","13617","1251","26","3","1","7","2","1","0","1","2","0"
"1252","13617","1252","26","1","1","7","2","0","1","1","1","0"
"1253","13617","1253","51","3","1","1","0","0","1","0","1","0"
"1254","13617","1254","51","1","1","7","6","0","3","1","1","0"
"1255","13617","1255","51","1","1","7","6","0","1","1","1","0"
"1256","13617","1256","71","1","2","1","6","0","1","1","1","0"
"1257","13617","1257","25","3","6","1","6","0","1","1","1","0"
"1258","13617","1258","26","1","1","7","2","0","1","1","1","0"
"1259","13618","1259","26","1","1","7","2","0","1","1","1","0"
"1260","13618","1260","63","1","1","7","4","0","1","0","1","0"
"1261","13651","1261","72","1","1","7","6","1","0","1","2","0"
"1262","13655","1262","72","1","1","7","6","0","1","1","1","0"
"1263","13666","1263","72","1","1","7","6","0","1","1","1","0"
"1264","13667","1264","21","3","1","7","4","1","0","1","2","0"
"1265","13670","1265","51","1","1","7","6","1","0","2","2","0"
"1266","13670","1266","71","1","1","7","6","0","1","1","1","0"
"1267","13670","1267","99","1","3","1","3","0","2","0","1","0"
"1268","13671","1268","72","3","1","7","6","1","0","1","2","0"
"1269","13673","1269","52","1","1","2","0","0","3","0","1","0"
"1270","13688","1270","41","1","1","7","6","1","0","1","2","0"
"1271","13688","1271","72","1","1","1","6","1","0","1","2","0"
"1272","13691","1272","32","3","1","7","6","0","1","1","1","0"
"1273","13692","1273","51","3","1","7","6","0","3","0","1","0"
"1274","13693","1274","72","1","1","7","6","0","0","1","3","0"
"1275","13693","1275","99","3","1","1","9","0","1","0","1","0"
"1276","13695","1276","72","3","1","2","6","0","0","1","3","0"
"1277","13695","1277","51","1","1","7","7","0","3","1","1","0"
"1278","13695","1278","35","3","1","7","4","0","1","1","1","0"
"1279","13695","1279","25","3","1","7","6","0","1","1","1","0"
"1280","13695","1280","11","1","1","1","6","0","1","1","1","0"
"1281","13715","1281","20","1","1","7","2","0","1","1","1","0"
"1282","13716","1282","71","1","3","2","6","0","1","1","1","0"
"1283","13718","1283","63","1","1","7","4","0","1","1","1","0"
"1284","13729","1284","14","1","1","7","6","0","1","1","1","0"
"1285","13772","1285","64","1","1","7","6","0","1","1","1","0"
"1286","13772","1286","18","1","1","2","6","0","1","1","1","0"
"1287","13772","1287","20","1","1","7","2","0","1","1","1","0"
"1288","13773","1288","18","1","1","7","6","0","1","1","1","0"
"1289","13776","1289","21","1","3","2","6","1","0","1","2","0"
"1290","13776","1290","72","1","1","7","6","1","1","0","2","0"
"1291","13777","1291","64","3","1","7","6","1","1","1","2","0"
"1292","13777","1292","36","1","3","2","7","0","0","1","3","0"
"1293","13777","1293","51","1","1","7","6","0","1","3","1","0"
"1294","13777","1294","51","1","3","1","6","0","2","0","1","0"
"1295","13777","1295","21","1","3","1","6","0","1","1","1","0"
"1296","14377","1296","22","1","1","2","6","0","1","3","1","0"
"1297","14399","1297","52","1","1","7","0","0","0","0","3","0"
"1298","14399","1298","52","1","1","7","6","1","0","2","2","0"
"1299","14399","1299","52","1","3","1","3","0","1","1","1","0"
"1300","14399","1300","52","5","7","1","0","1","3","0","2","0"
"1301","14399","1301","52","1","2","1","0","0","2","3","1","0"
"1302","14399","1302","52","2","3","1","0","0","0","0","3","0"
"1303","14399","1303","52","1","1","1","0","0","0","0","3","0"
"1304","14407","1304","81","3","1","7","6","1","0","1","2","0"
"1305","14427","1305","52","1","4","4","0","1","0","2","2","0"
"1306","14431","1306","82","1","1","7","6","1","0","1","2","0"
"1307","14443","1307","65","1","1","7","3","0","1","1","1","0"
"1308","14443","1308","52","1","6","4","6","1","2","0","2","0"
"1309","14443","1309","52","5","2","2","0","2","0","0","2","0"
"1310","14443","1310","21","1","1","7","6","3","0","0","3","2"
"1311","14537","1311","52","1","6","7","7","0","1","0","3","0"
"1312","14564","1312","81","5","1","7","6","1","0","1","2","0"
"1313","15122","1313","32","1","1","7","6","0","1","1","1","0"
"1314","15123","1314","63","3","1","7","4","0","1","1","1","0"
"1315","15151","1315","52","1","3","1","0","0","1","1","1","0"
"1316","15159","1316","26","1","1","7","3","0","1","1","1","0"
"1317","15159","1317","21","1","1","7","6","2","0","0","2","0"
"1318","15160","1318","81","5","1","7","0","0","2","0","1","0"
"1319","15160","1319","36","1","1","2","6","0","4","0","1","0"
"1320","15167","1320","71","2","1","7","6","1","0","0","2","0"
"1321","15169","1321","81","3","1","7","6","0","2","0","1","0"
"1322","15183","1322","52","3","1","7","6","0","1","2","1","0"
"1323","15194","1323","72","1","1","7","6","0","1","1","1","0"
"1324","15220","1324","64","1","1","7","6","0","1","1","1","0"
"1325","15234","1325","21","1","3","2","3","0","2","1","1","0"
"1326","15234","1326","52","1","1","7","0","1","0","0","2","0"
"1327","15235","1327","52","1","4","4","6","0","2","0","1","0"
"1328","15236","1328","52","1","3","5","6","1","0","0","3","0"
"1329","15237","1329","52","3","1","7","0","1","0","0","2","0"
"1330","15237","1330","21","1","1","7","6","0","1","1","1","0"
"1331","15237","1331","52","1","3","2","0","0","2","0","1","0"
"1332","15239","1332","52","1","3","1","6","0","2","1","1","0"
"1333","15239","1333","52","1","3","1","6","0","3","1","1","0"
"1334","15239","1334","21","5","1","7","5","1","0","0","2","0"
"1335","15245","1335","52","3","6","7","0","0","2","2","1","0"
"1336","15248","1336","52","1","3","2","0","1","0","0","2","0"
"1337","15259","1337","52","5","1","7","2","0","1","1","1","0"
"1338","15263","1338","21","1","3","2","8","0","2","0","1","0"
"1339","15264","1339","36","1","1","7","6","0","4","0","1","0"
"1340","15266","1340","64","1","2","2","6","0","1","1","1","0"
"1341","15267","1341","64","1","1","7","6","0","1","1","1","0"
"1342","15298","1342","52","1","1","7","0","1","0","0","2","0"
"1343","15298","1343","21","1","3","2","6","1","1","0","2","0"
"1344","15315","1344","21","1","3","2","6","0","1","1","1","0"
"1345","15911","1345","27","2","1","7","6","1","0","0","2","0"
"1346","15911","1346","23","1","6","7","5","0","1","3","1","0"
"1347","15911","1347","26","3","1","7","2","1","0","1","2","0"
"1348","15922","1348","36","1","1","7","4","1","0","1","2","0"
"1349","15925","1349","81","1","1","7","6","0","2","1","1","0"
"1350","15930","1350","67","1","1","7","5","0","1","1","1","0"
"1351","15960","1351","72","3","2","1","6","1","0","1","2","0"
"1352","15984","1352","18","1","1","7","5","0","1","1","1","0"
"1353","15991","1353","51","3","1","7","6","1","0","2","2","0"
"1354","16001","1354","26","1","1","7","2","0","1","0","1","0"
"1355","16584","1355","35","1","1","7","4","0","1","1","1","0"
"1356","16591","1356","71","1","1","7","6","1","0","1","2","0"
"1357","16594","1357","52","1","1","1","6","0","2","3","1","0"
"1358","16608","1358","52","1","1","7","0","0","1","0","1","0"
"1359","16611","1359","81","5","1","7","0","1","0","0","2","0"
"1360","16611","1360","81","1","1","7","0","1","0","0","2","0"
"1361","16642","1361","28","1","1","7","9","1","0","1","2","0"
"1362","16642","1362","52","5","1","7","0","1","0","0","2","0"
"1363","16649","1363","81","5","1","7","0","0","1","0","1","0"
"1364","16696","1364","18","1","1","7","6","0","1","1","1","0"
"1365","16696","1365","51","1","3","1","6","0","1","1","1","0"
"1366","16712","1366","52","3","1","7","0","1","0","1","2","0"
"1367","16712","1367","67","1","1","7","5","1","0","1","2","0"
"1368","16712","1368","71","1","1","7","8","1","0","1","2","0"
"1369","16733","1369","52","5","1","7","0","0","2","0","1","0"
"1370","16733","1370","21","5","1","7","6","0","2","0","1","0"
"1371","16734","1371","71","1","1","7","6","0","1","2","1","0"
"1372","16734","1372","35","1","1","7","4","0","1","1","1","0"
"1373","16734","1373","52","5","1","7","0","1","1","0","2","0"
"1374","16734","1374","41","1","3","2","4","1","0","1","2","0"
"1375","16734","1375","67","1","1","7","3","0","1","1","1","0"
"1376","16734","1376","52","5","1","7","6","0","2","0","1","0"
"1377","16735","1377","18","1","1","7","4","0","1","1","1","0"
"1378","16738","1378","52","1","1","7","0","1","0","0","2","0"
"1379","16745","1379","51","1","1","7","6","0","1","1","1","0"
"1380","16760","1380","52","1","1","7","6","1","0","2","2","0"
"1381","16760","1381","51","3","2","1","6","0","2","2","1","0"
"1382","16763","1382","41","1","2","2","0","1","0","0","2","0"
"1383","16763","1383","51","3","1","7","9","0","1","1","1","0"
"1384","16763","1384","41","3","1","2","6","2","0","4","2","0"
"1385","17328","1385","81","5","1","7","0","1","0","1","2","0"
"1386","17949","1386","99","1","1","7","0","2","0","1","2","0"
"1387","17958","1387","21","3","1","7","6","0","2","6","1","0"
"1388","17959","1388","81","3","1","7","6","1","0","0","2","0"
"1389","17960","1389","21","5","1","7","7","0","1","1","3","0"
"1390","17960","1390","74","5","6","1","6","1","0","1","2","0"
"1391","17961","1391","74","1","1","7","6","0","1","1","1","0"
"1392","17961","1392","81","3","1","7","0","0","0","0","3","0"
"1393","17962","1393","23","5","1","7","6","0","2","2","1","0"
"1394","17963","1394","81","1","1","7","1","1","0","1","2","0"
"1395","17963","1395","51","1","1","7","5","0","1","1","1","0"
"1396","17964","1396","52","1","1","7","0","0","1","0","1","0"
"1397","17965","1397","81","3","1","7","0","0","1","0","1","0"
"1398","17965","1398","23","5","1","2","5","0","2","1","1","0"
"1399","17965","1399","52","3","2","1","0","1","1","0","2","0"
"1400","17966","1400","81","1","2","2","0","0","2","4","1","0"
"1401","17966","1401","21","2","3","1","7","1","0","1","2","0"
"1402","17980","1402","81","3","2","2","2","1","0","1","2","0"
"1403","17981","1403","51","1","3","2","6","1","0","1","2","0"
"1404","17982","1404","52","1","1","7","0","1","0","0","2","0"
"1405","17984","1405","72","1","1","7","4","0","2","0","1","0"
"1406","17984","1406","52","3","1","7","0","1","0","0","2","0"
"1407","17984","1407","52","3","1","7","0","4","1","0","2","0"
"1408","17985","1408","23","1","1","7","6","1","0","1","2","0"
"1409","17987","1409","25","1","1","7","6","1","0","1","2","0"
"1410","17987","1410","22","1","1","7","6","1","0","1","2","0"
"1411","17987","1411","52","3","1","1","6","0","1","1","1","0"
"1412","17988","1412","64","1","3","2","6","1","1","0","2","0"
"1413","17988","1413","26","1","1","7","2","0","1","1","1","0"
"1414","17991","1414","71","1","1","2","6","1","0","1","2","0"
"1415","17992","1415","64","1","3","2","6","1","0","1","2","0"
"1416","17992","1416","51","3","1","7","2","1","0","1","2","0"
"1417","17992","1417","26","5","1","7","2","0","0","1","3","0"
"1418","17997","1418","23","3","1","2","6","1","0","1","2","0"
"1419","17997","1419","51","3","1","7","6","0","1","1","1","0"
"1420","18003","1420","26","1","1","4","1","0","2","1","1","0"
"1421","18003","1421","71","5","3","2","6","0","1","1","1","0"
"1422","18013","1422","72","2","1","7","6","2","0","0","2","0"
"1423","18017","1423","52","5","1","7","0","1","0","0","2","0"
"1424","18019","1424","52","5","1","7","2","1","0","1","2","0"
"1425","18024","1425","81","1","1","7","0","1","0","0","2","0"
"1426","18024","1426","52","3","2","1","0","1","0","0","2","0"
"1427","18026","1427","51","2","1","7","0","1","0","0","2","0"
"1428","18026","1428","81","5","1","7","0","1","0","2","2","0"
"1429","18043","1429","71","1","1","7","6","1","0","1","2","0"
"1430","18083","1430","72","1","1","7","6","1","0","1","2","0"
"1431","18152","1431","32","1","1","7","7","1","0","1","2","0"
"1432","19378","1432","72","1","2","1","6","1","0","1","2","0"
"1433","19381","1433","21","1","1","7","6","0","1","1","1","0"
"1434","19385","1434","72","1","1","7","6","1","0","1","2","0"
"1435","19420","1435","24","1","1","7","3","1","0","1","2","0"
"1436","19438","1436","71","1","1","7","6","1","0","1","2","0"
"1437","19438","1437","71","1","1","7","6","0","1","1","1","0"
"1438","19450","1438","52","1","3","2","0","0","2","1","1","0"
"1439","19452","1439","71","1","1","7","6","0","1","1","1","0"
"1440","19457","1440","23","1","1","7","6","0","1","2","1","0"
"1441","19461","1441","71","1","1","7","6","1","0","1","2","0"
"1442","19471","1442","81","3","1","7","6","1","0","0","2","0"
"1443","19471","1443","72","1","2","1","6","1","0","1","2","0"
"1444","19490","1444","71","1","1","7","6","0","1","1","1","0"
"1445","19498","1445","64","1","1","7","6","1","0","1","2","0"
"1446","19520","1446","52","3","1","7","0","0","1","0","1","0"
"1447","19545","1447","41","1","1","7","2","1","0","1","2","0"
"1448","19547","1448","62","5","3","1","2","1","0","1","2","0"
"1449","19547","1449","71","5","1","7","6","1","0","1","2","0"
"1450","19551","1450","67","1","1","7","4","0","2","1","1","0"
"1451","19552","1451","72","1","3","1","6","0","1","1","1","0"
"1452","19618","1452","81","2","1","7","6","1","0","1","2","0"
"1453","19618","1453","23","1","1","7","6","0","1","1","1","0"
"1454","19618","1454","21","1","1","7","6","0","3","1","1","0"
"1455","19619","1455","71","1","1","7","6","1","0","1","2","0"
"1456","19622","1456","63","1","3","1","4","0","1","1","1","0"
"1457","19637","1457","72","1","1","7","5","1","1","0","2","0"
"1458","19640","1458","51","3","6","1","6","1","0","0","2","0"
"1459","19642","1459","20","1","1","7","6","0","1","1","1","0"
"1460","19643","1460","67","1","2","2","6","0","3","0","1","0"
"1461","19647","1461","26","3","1","7","2","0","1","1","1","0"
"1462","19649","1462","71","1","1","1","6","1","0","1","2","0"
"1463","19651","1463","71","1","1","7","6","1","0","1","2","0"
"1464","19680","1464","51","1","1","7","6","0","1","0","1","0"
"1465","19693","1465","51","1","3","2","6","0","1","1","1","0"
"1466","19693","1466","72","1","1","7","6","1","0","1","2","0"
"1467","19696","1467","75","1","1","7","6","1","0","1","2","0"
"1468","19696","1468","52","1","1","7","9","1","0","0","2","0"
"1469","19696","1469","72","1","1","7","6","0","1","1","1","0"
"1470","19697","1470","23","4","1","7","6","1","2","1","2","0"
"1471","19697","1471","21","1","1","7","6","0","3","0","1","0"
"1472","19700","1472","72","2","1","7","6","1","0","0","2","0"
"1473","19739","1473","52","3","1","7","0","0","2","0","1","0"
"1474","19740","1474","67","1","1","7","4","1","0","1","2","0"
"1475","19740","1475","67","1","3","1","6","0","1","1","1","0"
"1476","19774","1476","71","1","1","7","6","0","1","1","1","0"
"1477","19787","1477","52","1","1","7","6","0","1","0","1","0"
"1478","19797","1478","26","1","1","7","2","2","0","1","2","0"
"1479","19798","1479","67","2","3","1","2","1","0","1","2","0"
"1480","19852","1480","64","1","1","7","5","0","1","1","1","0"
"1481","19915","1481","71","2","1","7","6","1","0","1","2","0"
"1482","19927","1482","62","1","1","7","5","1","0","1","2","0"
"1483","19927","1483","21","1","3","1","6","0","2","0","1","0"
"1484","19963","1484","52","1","1","7","6","0","2","0","1","0"
"1485","19964","1485","74","1","1","7","6","0","0","1","3","0"
"1486","19965","1486","67","1","1","7","6","1","0","1","2","0"
"1487","19969","1487","23","1","2","2","4","1","0","1","2","0"
"1488","19973","1472","72","2","1","7","6","1","0","2","2","0"
"1489","19974","1489","64","1","1","7","6","1","0","1","2","0"
"1490","20542","1490","82","3","1","7","0","0","1","0","1","0"
"1491","20549","1491","52","1","3","1","0","0","2","0","1","0"
"1492","21212","1492","25","1","1","7","7","0","3","1","3","2"
"1493","21237","1493","81","5","1","7","6","1","3","0","2","0"
"1494","21238","1494","51","5","1","7","6","0","4","0","1","0"
"1495","21238","1495","52","1","7","7","6","1","2","1","2","0"
"1496","21238","1496","52","5","1","3","7","0","0","1","3","0"
"1497","21238","1497","52","3","1","1","0","1","1","0","2","0"
"1498","21238","1498","52","5","1","7","6","1","0","0","3","0"
"1499","21238","1499","81","1","1","7","6","1","1","0","2","0"
"1500","21238","1500","52","1","2","1","6","1","0","1","2","0"
"1501","21238","1501","36","2","1","7","6","0","3","1","1","0"
"1502","21239","1502","72","2","1","7","6","1","0","1","2","0"
"1503","21257","1503","52","5","4","4","7","1","0","1","2","0"
"1504","21258","1504","81","5","1","7","0","0","2","1","1","0"
"1505","21259","1505","53","1","1","7","0","2","0","0","2","0"
"1506","21259","1506","52","5","3","2","0","2","0","0","3","0"
"1507","21259","1507","52","5","1","4","0","0","0","0","3","0"
"1508","21259","1508","52","5","1","7","6","3","0","0","2","0"
"1509","21259","1509","52","5","1","7","0","2","1","0","2","0"
"1510","21259","1510","52","5","1","4","0","0","0","0","3","0"
"1511","21273","1511","81","5","1","7","6","0","1","5","1","0"
"1512","21905","1512","72","1","1","7","6","0","1","1","1","0"
"1513","21906","1513","52","1","3","1","0","1","2","0","2","0"
"1514","21908","1514","21","1","1","7","7","0","0","2","3","0"
"1515","21908","1515","52","3","3","2","6","1","2","0","2","0"
"1516","21908","1516","81","5","1","7","6","0","3","6","1","0"
"1517","21935","1517","51","1","1","7","3","0","1","1","3","0"