"accident_id","lieu_id","date_id","cause_id","lum_id","intemp_id","etat_surface_id","impliq_id","nb_blesses_graves","nb_blesses_legers","nb_indemnes","gravite","nb_morts"
"1518","21935","1518","52","1","1","7","0","1","1","0","2","0"
"1519","21940","1519","52","5","1","7","6","1","0","1","2","0"
"1520","21940","1520","72","1","3","2","6","0","1","1","1","0"
"1521","21940","1521","71","5","3","2","6","0","1","1","1","0"
"1522","21940","1522","67","1","1","7","6","2","0","1","2","0"
"1523","21940","1523","25","1","3","1","6","1","0","1","2","0"
"1524","21943","1524","63","1","3","2","6","0","5","1","1","0"
"1525","21943","1525","81","2","3","2","4","0","1","0","3","0"
"1526","21943","1526","52","5","2","2","6","2","3","0","3","0"
"1527","21943","1527","52","1","3","2","0","1","2","0","2","0"
"1528","21943","1528","52","3","1","7","7","1","0","1","3","0"
"1529","21945","1529","81","1","1","7","7","0","1","1","1","0"
"1530","21949","1530","51","1","1","7","9","0","1","0","1","0"
"1531","21952","1531","21","3","1","7","6","1","1","0","2","0"
"1532","21953","1532","51","1","1","7","3","0","1","1","1","0"
"1533","21954","1533","52","1","1","5","0","1","0","1","2","0"
"1534","21955","1534","52","3","1","1","0","0","2","0","3","0"
"1535","21992","1535","52","1","1","7","7","4","0","2","2","0"
"1536","22063","1536","21","2","1","7","6","1","1","0","2","0"
"1537","22063","1537","81","1","1","7","0","1","1","1","2","0"
"1538","22063","1538","51","1","1","2","6","0","3","0","1","0"
"1539","22071","1539","52","1","1","7","8","1","0","0","2","0"
"1540","22655","1540","71","3","3","1","6","1","0","1","2","0"
"1541","22679","1541","21","1","2","2","6","0","1","1","1","0"
"1542","22694","1542","18","1","1","7","8","0","0","1","3","0"
"1543","22705","1543","63","3","3","2","4","0","1","1","1","0"
"1544","22715","1544","52","1","1","7","0","0","0","0","3","0"
"1545","22719","1545","21","1","3","1","6","2","1","0","3","0"
"1546","22721","1546","72","3","1","7","6","0","1","1","1","0"
"1547","22740","1547","72","1","1","7","6","1","0","1","2","0"
"1548","22749","1548","52","5","1","7","0","1","0","3","2","0"
"1549","22750","1549","52","3","2","2","0","1","0","1","3","0"
"1550","22750","1550","21","1","1","7","6","1","1","1","2","0"
"1551","22750","1551","81","1","1","7","0","0","1","0","1","0"
"1552","22750","1552","81","1","1","7","0","0","1","0","1","0"
"1553","22750","1553","52","3","3","1","6","0","1","2","1","0"
"1554","22750","1554","81","3","1","7","0","0","1","0","1","0"
"1555","22750","1555","52","5","1","7","6","1","5","0","2","0"
"1556","22751","1556","81","5","1","7","7","0","1","1","1","0"
"1557","22752","1557","99","1","1","7","7","0","0","1","3","0"
"1558","22752","1558","35","1","1","7","6","0","1","1","1","0"
"1559","22752","1559","51","1","3","1","7","0","2","3","1","0"
"1560","22752","1560","51","3","1","7","6","1","0","1","2","0"
"1561","22779","1561","52","3","1","2","0","0","2","0","1","0"
"1562","22782","1562","28","3","6","1","9","0","1","0","1","0"
"1563","22787","1563","21","3","1","2","6","1","1","0","2","0"
"1564","22787","1564","21","1","2","2","6","2","1","0","2","0"
"1565","22787","1565","65","5","1","7","7","0","1","2","1","0"
"1566","22787","1566","35","1","1","7","6","1","0","1","2","0"
"1567","22787","1567","21","1","1","7","4","1","1","0","2","0"
"1568","22787","1568","81","1","2","1","0","0","1","0","1","0"
"1569","22787","1569","52","1","1","7","6","0","3","0","1","0"
"1570","22787","1570","52","1","1","1","6","1","0","1","3","0"
"1571","22836","1571","67","1","1","7","5","1","0","1","2","0"
"1572","22843","1572","64","1","1","2","6","1","0","1","2","0"
"1573","22874","1573","52","5","1","7","0","0","2","0","1","0"
"1574","22875","1574","21","1","1","7","6","3","0","0","3","2"
"1575","22875","1575","21","1","1","7","7","1","0","1","2","0"
"1576","22881","1576","23","1","1","7","6","0","1","1","1","0"
"1577","22900","1577","51","1","1","7","9","1","0","1","2","0"
"1578","23497","1578","64","1","1","7","6","0","1","2","1","0"
"1579","23519","1579","52","2","1","7","0","1","0","1","2","0"
"1580","23526","1580","51","1","1","7","9","0","1","0","1","0"
"1581","23528","1581","52","5","1","4","0","1","0","0","2","0"
"1582","23535","1582","52","5","1","7","0","1","1","0","2","0"
"1583","23572","1583","72","1","1","7","6","0","1","1","1","0"
"1584","24196","1584","67","1","1","7","6","2","0","2","2","0"
"1585","24198","1585","25","1","3","2","7","0","1","1","1","0"
"1586","24198","1586","51","1","1","7","6","1","0","2","2","0"
"1587","24201","1587","52","1","1","7","2","1","0","1","2","0"
"1588","24204","1588","52","1","1","7","0","1","2","0","2","0"
"1589","24204","1589","22","1","1","7","6","0","1","1","1","0"
"1590","24222","1590","51","1","1","7","2","1","0","1","2","0"
"1591","24222","1591","23","2","1","7","4","1","0","1","2","0"
"1592","24222","1592","23","1","1","7","6","1","0","1","2","0"
"1593","24222","1593","81","3","1","1","6","4","0","1","3","1"
"1594","24235","1594","81","3","1","7","6","0","1","1","1","0"
"1595","24245","1595","65","5","1","7","4","1","0","1","2","0"
"1596","24249","1596","21","1","1","7","6","0","1","1","1","0"
"1597","24249","1597","81","1","1","7","4","0","1","1","1","0"
"1598","24258","1598","52","3","1","2","6","1","0","1","2","0"
"1599","24272","1599","52","2","1","7","0","2","0","0","2","0"
"1600","24274","1600","81","1","1","1","6","0","2","1","1","0"
"1601","24274","1601","52","1","3","1","6","1","0","3","2","0"
"1602","24283","1602","21","1","1","7","6","3","0","1","2","0"
"1603","24284","1603","52","5","1","7","6","2","0","1","2","0"
"1604","24284","1604","51","1","3","2","0","2","0","1","2","0"
"1605","24284","1605","82","5","1","7","6","0","1","0","3","0"
"1606","24284","1606","36","1","6","7","6","0","1","2","1","0"
"1607","24286","1607","67","1","3","2","6","0","1","1","1","0"
"1608","24310","1608","26","1","1","7","3","1","0","1","2","0"
"1609","24328","1609","67","5","1","7","6","1","0","3","2","0"
"1610","24939","1610","52","1","1","1","0","0","1","0","1","0"
"1611","24941","1611","81","3","1","7","0","0","1","0","1","0"
"1612","24950","1612","72","1","1","7","8","0","1","0","1","0"
"1613","24954","1613","72","1","1","7","6","0","1","1","1","0"
"1614","24969","1614","86","2","1","1","2","1","0","1","2","0"
"1615","24969","1615","74","3","2","1","6","0","0","1","3","0"
"1616","24971","1616","21","1","1","7","6","0","1","1","1","0"
"1617","24988","1617","71","1","1","7","6","1","0","1","2","0"
"1618","24994","1618","72","1","1","7","6","0","1","1","1","0"
"1619","24996","1619","52","1","1","7","6","1","0","1","2","0"
"1620","25012","1620","64","1","1","7","6","0","1","1","1","0"
"1621","25045","1621","72","1","3","1","6","0","1","1","1","0"
"1622","25048","1622","71","1","1","7","6","0","1","1","1","0"
"1623","25052","1623","71","2","1","7","6","0","1","1","1","0"
"1624","25053","1624","51","2","1","7","4","0","1","1","1","0"
"1625","25053","1625","72","3","1","1","6","0","1","1","1","0"
"1626","25053","1626","72","1","1","7","6","1","0","1","2","0"
"1627","25101","1627","72","1","3","1","6","1","0","1","2","0"
"1628","25112","1628","72","1","1","7","7","0","1","1","1","0"
"1629","25119","1629","72","1","1","7","6","0","1","1","1","0"
"1630","25127","1630","51","1","1","7","4","0","2","1","1","0"
"1631","25173","1631","71","1","3","1","6","0","1","1","1","0"
"1632","25175","1632","72","1","1","7","6","0","1","1","1","0"
"1633","25176","1633","71","1","1","7","6","0","1","1","1","0"
"1634","25205","1634","51","1","3","2","6","1","1","1","2","0"
"1635","25205","1635","61","1","1","7","4","0","1","1","1","0"
"1636","25205","1636","53","3","1","7","6","0","1","1","1","0"
"1637","25205","1637","63","3","1","7","5","1","0","1","2","0"
"1638","25205","1638","21","1","1","7","6","0","2","0","1","0"
"1639","25205","1639","72","1","1","7","6","0","1","1","1","0"
"1640","25205","1640","81","1","1","7","6","1","1","0","3","0"
"1641","25206","1641","75","1","1","7","4","0","2","0","1","0"
"1642","25206","1642","64","1","1","7","4","0","1","1","1","0"
"1643","25206","1643","61","1","1","7","4","0","1","1","1","0"
"1644","25208","1644","36","1","1","7","6","0","1","1","1","0"
"1645","25208","1645","72","1","1","7","4","0","1","1","1","0"
"1646","25208","1646","23","3","1","7","6","0","1","1","1","0"
"1647","25209","1647","81","3","1","7","6","1","1","0","2","0"
"1648","25209","1648","21","1","1","7","6","0","2","0","3","0"
"1649","25209","1649","51","3","1","1","6","0","2","2","1","0"
"1650","25209","1650","61","1","1","7","4","0","1","1","1","0"
"1651","25209","1651","23","2","1","7","4","0","1","1","1","0"
"1652","25211","1652","71","1","1","7","4","0","2","0","1","0"
"1653","25211","1653","51","1","1","7","6","0","1","2","1","0"
"1654","25211","1654","26","1","1","7","2","0","1","1","1","0"
"1655","25212","1655","72","1","1","7","6","0","1","1","1","0"
"1656","25213","1656","81","3","3","1","6","0","3","2","1","0"
"1657","25213","1657","21","1","1","7","6","1","1","0","2","0"
"1658","25213","1658","51","1","2","2","6","0","1","2","1","0"
"1659","25218","1659","20","1","1","7","2","0","2","0","1","0"
"1660","25222","1660","72","1","1","7","6","1","0","1","2","0"
"1661","25222","1661","81","1","1","7","6","0","1","1","1","0"
"1662","25223","1662","52","3","3","1","6","0","3","0","1","0"
"1663","25223","1663","52","3","3","1","6","0","3","0","1","0"
"1664","25224","1664","64","1","1","7","5","0","1","2","1","0"
"1665","25227","1665","71","1","1","7","6","0","1","1","1","0"
"1666","25230","1666","52","4","1","7","0","0","2","0","1","0"
"1667","25238","1667","22","1","1","7","3","0","1","1","1","0"
"1668","25239","1668","67","1","1","7","6","0","1","1","1","0"
"1669","25245","1669","36","2","1","7","6","0","3","0","1","0"
"1670","25246","1670","52","5","3","2","0","1","0","0","2","0"
"1671","25246","1671","64","3","3","1","6","0","3","2","1","0"
"1672","25248","1672","21","1","1","7","6","0","6","0","1","0"
"1673","25248","1673","21","3","4","1","6","0","1","1","1","0"
"1674","25248","1674","52","1","1","1","0","1","0","0","2","0"
"1675","25251","1675","21","1","2","2","6","1","0","1","2","0"
"1676","25251","1676","21","1","1","7","6","1","0","1","2","0"
"1677","25252","1677","72","1","1","7","6","1","0","1","2","0"
"1678","25257","1678","52","1","1","7","2","0","1","1","1","0"
"1679","25258","1679","52","5","6","1","0","0","3","2","1","0"
"1680","25262","1680","21","1","1","1","6","0","2","0","1","0"
"1681","25271","1681","81","3","2","1","6","0","1","2","1","0"
"1682","25273","1682","64","3","1","7","4","0","1","1","1","0"
"1683","25274","1683","51","1","1","7","6","0","1","1","1","0"
"1684","25274","1684","71","2","1","1","6","1","0","1","2","0"
"1685","25274","1685","71","1","1","7","6","0","0","1","3","0"
"1686","25278","1686","72","1","1","7","6","0","1","1","1","0"
"1687","25278","1687","51","1","1","7","7","0","1","1","1","0"
"1688","25278","1688","72","1","1","7","5","0","2","0","1","0"
"1689","25278","1689","52","3","2","1","6","1","0","2","2","0"
"1690","25278","1690","27","3","1","7","0","0","2","0","1","0"
"1691","25279","1691","51","1","1","7","8","0","2","1","1","0"
"1692","25279","1692","22","1","1","2","6","0","1","2","1","0"
"1693","25279","1693","51","2","1","7","6","0","1","0","1","0"
"1694","25279","1694","64","1","1","7","5","1","0","1","2","0"
"1695","25279","1695","21","3","3","1","6","0","2","0","3","0"
"1696","25290","1696","72","1","1","1","6","0","1","1","1","0"
"1697","25295","1697","72","1","1","7","6","0","1","1","1","0"
"1698","25306","1698","72","1","1","7","6","0","1","1","1","0"
"1699","25345","1699","23","1","1","7","5","1","0","1","2","0"
"1700","25346","1700","81","2","7","7","6","0","1","1","1","0"
"1701","25347","1701","72","1","3","1","6","0","1","1","1","0"
"1702","25347","1702","71","1","1","7","6","0","0","1","3","0"
"1703","25350","1703","64","1","1","7","6","0","1","1","1","0"
"1704","25351","1704","23","1","1","7","4","0","1","1","1","0"
"1705","25352","1705","33","1","6","1","6","0","1","0","1","0"
"1706","25352","1706","23","1","1","7","6","0","2","0","1","0"
"1707","25353","1707","81","3","1","7","0","0","1","0","1","0"
"1708","25353","1708","52","1","1","7","0","0","0","0","3","0"
"1709","25356","1709","21","1","1","7","6","0","2","0","1","0"
"1710","25356","1710","67","2","1","7","6","1","1","0","2","0"
"1711","25356","1711","51","1","3","1","3","0","1","1","1","0"
"1712","25359","1712","52","1","1","7","0","0","4","0","1","0"
"1713","25407","1713","51","1","1","7","3","1","0","1","2","0"
"1714","25408","1714","65","3","1","1","6","1","0","1","2","0"
"1715","25408","1715","52","3","1","4","0","0","1","0","1","0"
"1716","25420","1716","81","1","1","7","6","0","1","1","1","0"
"1717","25433","1717","23","1","1","7","6","0","1","1","1","0"
"1718","25448","1718","21","1","1","7","6","0","1","1","1","0"
"1719","25509","1719","72","1","1","7","6","0","1","1","1","0"
"1720","25559","1720","72","1","1","1","6","1","0","1","2","0"
"1721","25561","1721","21","1","2","1","6","0","1","1","1","0"
"1722","25562","1722","67","3","1","7","6","1","0","1","2","0"
"1723","25562","1723","64","1","1","1","6","1","0","1","2","0"
"1724","25595","1724","64","1","3","1","6","0","1","1","1","0"
"1725","25598","1725","52","3","1","7","0","0","4","0","1","0"
"1726","25604","1726","72","3","1","7","6","0","0","1","3","0"
"1727","25604","1727","67","1","1","7","5","0","1","1","1","0"
"1728","25604","1728","27","1","1","7","3","1","0","0","2","0"
"1729","25606","1729","72","1","1","7","6","0","1","1","1","0"
"1730","25630","1730","52","1","3","1","0","0","1","0","1","0"
"1731","25630","1731","52","2","1","1","6","0","2","0","1","0"
"1732","25630","1732","21","1","1","7","5","1","0","1","2","0"
"1733","25630","1733","52","1","3","5","6","0","2","0","1","0"
"1734","25649","1734","86","3","1","7","6","0","1","1","1","0"
"1735","25650","1735","81","3","1","7","0","0","1","0","1","0"
"1736","26150","1736","73","1","1","7","6","1","0","4","2","0"
"1737","26151","1737","64","1","1","7","6","1","0","1","2","0"
"1738","26159","1738","81","1","1","7","0","1","0","0","2","0"
"1739","26161","1739","21","1","1","7","6","0","1","1","1","0"
"1740","26177","1740","52","1","1","7","6","1","0","1","2","0"
"1741","26783","1741","51","1","3","1","6","0","1","1","1","0"
"1742","26783","1742","35","3","1","7","6","0","1","1","1","0"
"1743","26785","1743","67","1","1","7","4","0","1","1","1","0"
"1744","26785","1744","52","1","1","1","6","0","4","0","1","0"
"1745","26785","1745","51","1","1","7","6","0","1","1","1","0"
"1746","26785","1746","23","3","1","7","4","0","0","1","3","0"
"1747","26786","1747","61","1","1","7","3","0","1","1","1","0"
"1748","26788","1748","26","1","1","7","1","0","1","1","1","0"
"1749","26788","1749","71","1","1","7","6","0","1","1","1","0"
"1750","26789","1750","71","1","1","7","6","0","1","1","1","0"
"1751","26790","1751","26","1","3","1","2","0","1","1","1","0"
"1752","26799","1752","72","1","1","7","6","0","1","1","1","0"
"1753","26803","1753","25","3","1","7","6","0","2","0","1","0"
"1754","26806","1754","32","1","1","7","6","0","1","2","1","0"
"1755","26806","1755","64","3","3","2","4","0","1","1","1","0"
"1756","26806","1756","62","3","1","7","2","0","1","1","1","0"
"1757","26810","1757","67","1","1","7","4","0","1","1","1","0"
"1758","26810","1758","63","1","1","7","6","0","1","2","1","0"
"1759","26832","1759","64","1","1","7","6","0","1","1","1","0"
"1760","26844","1760","21","1","1","7","6","0","1","1","1","0"
"1761","26854","1761","20","1","1","7","2","0","1","1","1","0"
"1762","26854","1762","25","1","1","7","6","0","1","2","1","0"
"1763","26856","1763","26","1","1","7","1","0","1","1","1","0"
"1764","26857","1764","21","1","1","7","4","1","2","0","2","0"
"1765","26863","1765","25","3","2","2","6","0","1","1","1","0"
"1766","26866","1766","51","1","1","7","7","0","1","1","1","0"
"1767","26868","1767","72","1","1","7","4","0","1","1","1","0"
"1768","26895","1768","21","3","3","2","6","0","2","1","1","0"
"1769","26895","1769","64","3","1","7","6","0","2","0","1","0"
"1770","26896","1770","12","3","1","7","9","1","0","0","2","0"
"1771","26905","1771","61","1","1","2","4","0","1","1","1","0"
"1772","26905","1772","51","1","1","7","8","0","1","1","1","0"
"1773","26906","1773","26","1","1","7","2","0","1","1","1","0"
"1774","26906","1774","72","1","1","7","6","0","1","1","1","0"
"1775","26906","1775","35","2","1","7","4","0","1","1","1","0"
"1776","26906","1776","23","1","1","7","4","1","0","1","2","0"
"1777","26906","1777","23","1","1","7","5","0","1","1","1","0"
"1778","26906","1778","63","1","1","7","8","0","1","3","1","0"
"1779","26906","1779","26","1","1","7","2","0","1","1","1","0"
"1780","26906","1780","64","3","1","7","6","0","1","2","1","0"
"1781","26907","1781","72","3","2","2","6","0","1","1","1","0"
"1782","26908","1782","72","1","1","7","6","0","1","1","1","0"
"1783","26914","1783","24","1","1","7","2","1","0","1","2","0"
"1784","26929","1784","73","1","1","7","6","1","0","1","2","0"
"1785","26931","1785","81","3","1","7","6","0","2","2","1","0"
"1786","26931","1786","36","2","1","7","4","0","1","0","1","0"
"1787","26931","1787","71","3","1","7","6","0","1","1","1","0"
"1788","26932","1788","26","1","1","7","2","0","1","1","1","0"
"1789","26932","1789","72","1","1","7","6","0","1","1","1","0"
"1790","26932","1790","71","1","1","7","6","0","1","1","1","0"
"1791","26933","1791","71","1","1","7","6","1","0","1","2","0"
"1792","26933","1792","51","1","1","7","6","0","1","1","1","0"
"1793","26938","1793","71","1","1","7","6","1","0","1","2","0"
"1794","26938","1794","81","3","1","7","0","0","1","0","1","0"
"1795","26940","1795","81","3","1","7","6","0","1","0","1","0"
"1796","26942","1796","67","3","1","7","6","0","1","1","1","0"
"1797","26948","1797","23","1","1","7","6","0","1","2","1","0"
"1798","26951","1798","25","1","1","7","6","0","1","0","1","0"
"1799","26957","1799","72","1","1","7","6","0","1","1","1","0"
"1800","26957","1800","72","3","1","7","6","0","1","1","1","0"
"1801","26957","1801","64","1","3","2","6","0","1","1","1","0"
"1802","26967","1802","71","1","1","7","6","0","1","1","1","0"
"1803","26967","1803","72","1","1","7","4","1","0","1","2","0"
"1804","26986","1804","81","3","1","7","3","0","1","0","1","0"
"1805","26998","1805","25","1","1","7","6","0","1","1","1","0"
"1806","26998","1806","51","1","1","7","4","0","1","0","1","0"
"1807","27000","1807","61","1","1","7","3","0","1","1","1","0"
"1808","27013","1808","41","1","1","7","6","0","1","1","1","0"
"1809","27013","1809","51","3","1","7","6","0","1","1","1","0"
"1810","27017","1810","72","1","1","7","6","0","1","1","1","0"
"1811","27019","1811","72","1","1","7","6","1","0","1","2","0"
"1812","27019","1812","23","3","3","2","4","0","1","1","1","0"
"1813","27019","1813","63","3","3","1","6","0","2","1","1","0"
"1814","27019","1814","52","3","6","1","6","0","1","0","1","0"
"1815","27022","1815","52","1","1","7","6","0","1","1","1","0"
"1816","27022","1816","52","1","1","7","0","0","1","0","1","0"
"1817","27023","1817","52","1","3","2","0","0","2","0","1","0"
"1818","27023","1818","52","1","7","7","0","0","1","0","1","0"
"1819","27024","1819","25","1","2","2","6","1","2","1","2","0"
"1820","27024","1131","22","3","1","7","4","0","2","0","1","0"
"1821","27024","1821","72","5","3","1","6","0","1","1","1","0"
"1822","27024","1822","64","1","1","7","5","0","1","1","1","0"
"1823","27024","1823","51","1","1","7","4","0","1","0","1","0"
"1824","27091","1824","81","3","1","7","0","1","0","0","2","0"
"1825","27091","1825","25","2","1","7","6","0","2","0","1","0"
"1826","27091","1826","64","1","1","7","2","1","0","1","2","0"
"1827","27091","1827","72","1","3","1","6","0","1","1","1","0"
"1828","27091","1828","20","3","1","7","7","0","1","1","1","0"
"1829","27092","1829","73","1","1","7","7","1","0","1","2","0"
"1830","27092","1830","41","1","1","7","6","0","1","1","1","0"
"1831","27096","1831","25","3","3","1","6","0","2","0","1","0"
"1832","27097","1832","72","1","1","7","6","1","0","1","2","0"
"1833","27098","1833","25","1","1","7","6","0","1","1","1","0"
"1834","27098","1834","25","1","1","7","6","0","1","2","1","0"
"1835","27098","1835","72","1","1","7","6","0","1","1","1","0"
"1836","27098","1836","22","1","1","7","6","1","0","1","2","0"
"1837","27104","1837","63","1","1","7","5","0","1","1","1","0"
"1838","27107","1838","52","1","1","7","6","0","1","2","1","0"
"1839","27109","1839","21","1","1","7","5","0","1","2","1","0"
"1840","27109","1840","63","1","1","7","4","0","1","1","1","0"
"1841","27109","1841","25","3","1","7","6","0","2","0","1","0"
"1842","27111","1842","36","1","1","7","6","0","1","2","1","0"
"1843","27112","1843","26","1","1","7","0","0","1","1","1","0"
"1844","27112","1844","26","1","1","7","1","0","1","1","1","0"
"1845","27112","1845","25","1","1","7","7","0","1","1","1","0"
"1846","27112","1846","72","1","1","7","6","0","1","1","1","0"
"1847","27112","1847","23","1","1","7","5","0","1","1","1","0"
"1848","27113","1848","25","3","1","7","6","0","2","1","1","0"
"1849","27116","1849","23","1","1","7","5","0","1","1","1","0"
"1850","27116","1850","61","1","1","7","3","0","1","2","1","0"
"1851","27116","1851","51","3","3","1","6","0","1","3","1","0"
"1852","27118","1852","72","1","1","7","6","0","1","1","1","0"
"1853","27118","1853","71","3","1","7","6","0","1","1","1","0"
"1854","27119","1854","25","1","1","7","6","0","1","0","1","0"
"1855","27120","1855","51","1","1","7","6","0","1","1","1","0"
"1856","27122","1856","52","3","1","7","0","0","0","0","3","0"
"1857","27122","1857","11","1","1","7","6","0","1","1","1","0"
"1858","27124","1858","52","3","1","7","0","0","1","0","1","0"
"1859","27124","1859","82","1","1","7","6","0","2","0","1","0"
"1860","27124","1860","52","1","1","7","6","1","0","0","2","0"
"1861","27127","1861","18","2","1","7","4","0","2","0","1","0"
"1862","27134","1862","35","1","1","7","4","1","0","1","2","0"
"1863","27134","1863","52","3","1","7","0","0","1","0","1","0"
"1864","27135","1864","52","5","3","2","6","0","2","0","1","0"
"1865","27135","1865","14","1","1","7","3","0","1","1","1","0"
"1866","27136","1866","72","1","1","7","6","1","0","2","2","0"
"1867","27136","1867","64","1","1","7","6","1","0","1","2","0"
"1868","27148","1868","21","3","1","7","6","0","1","1","1","0"
"1869","27149","1869","71","1","1","7","6","0","1","1","1","0"
"1870","27199","1870","99","1","1","7","2","0","1","1","1","0"
"1871","27199","1871","82","1","1","7","6","0","1","4","1","0"
"1872","27215","1872","25","3","1","7","6","1","0","0","2","0"
"1873","27216","1873","72","1","1","7","6","0","1","1","1","0"
"1874","27231","1874","82","1","3","1","6","0","1","1","1","0"
"1875","27242","1875","72","1","1","7","6","0","1","1","1","0"
"1876","27258","1876","61","3","1","7","3","0","1","1","1","0"
"1877","27278","1877","72","1","1","7","6","1","0","1","2","0"
"1878","27286","1878","72","1","1","7","6","0","1","1","1","0"
"1879","27286","1879","51","1","1","7","6","0","1","1","1","0"
"1880","27286","1880","26","3","1","7","1","1","0","1","2","0"
"1881","27286","1881","75","1","1","7","4","0","2","0","1","0"
"1882","27292","1882","52","3","3","1","6","0","1","0","1","0"
"1883","27298","1883","22","1","1","7","6","0","1","1","1","0"
"1884","27298","1884","82","1","1","7","6","0","0","1","3","0"
"1885","27298","1885","52","3","1","7","0","0","2","0","1","0"
"1886","27298","1886","21","1","1","7","6","0","2","0","1","0"
"1887","27298","1887","52","3","1","7","0","0","1","0","1","0"
"1888","27298","1888","51","1","1","7","6","0","1","1","1","0"
"1889","27298","1889","71","2","1","7","8","0","1","1","1","0"
"1890","27299","1890","21","3","1","7","4","1","0","1","2","0"
"1891","27302","1891","63","1","4","2","4","0","1","1","1","0"
"1892","27302","1892","75","3","1","7","6","0","1","1","1","0"
"1893","27302","1893","64","1","1","7","6","0","2","0","1","0"
"1894","27302","1894","63","3","3","2","6","1","1","0","2","0"
"1895","27302","1895","51","2","6","1","6","0","2","2","1","0"
"1896","27302","1896","64","3","1","7","6","0","1","1","1","0"
"1897","27305","1897","52","1","1","7","0","1","0","0","2","0"
"1898","27855","1898","67","1","1","7","6","0","1","1","1","0"
"1899","27872","1899","51","1","1","7","6","0","2","0","1","0"
"1900","27872","1900","72","1","1","7","6","0","1","1","1","0"
"1901","27872","1901","72","1","1","7","4","1","0","1","2","0"
"1902","27875","1902","72","1","1","7","6","0","1","1","1","0"
"1903","27879","1903","72","1","1","7","6","0","1","1","1","0"
"1904","27879","1904","72","1","1","7","6","1","0","1","2","0"
"1905","27881","1905","72","1","1","6","6","0","1","1","1","0"
"1906","27881","1906","72","3","1","7","6","0","1","1","1","0"
"1907","27881","1907","72","1","1","7","6","0","1","1","1","0"
"1908","27897","1908","72","1","1","7","6","0","1","1","1","0"
"1909","27926","1909","72","1","3","2","6","0","2","1","1","0"
"1910","27946","1910","72","1","1","7","4","0","2","0","1","0"
"1911","27957","1911","72","1","1","7","6","0","1","1","1","0"
"1912","27966","1912","51","1","1","7","6","0","1","1","1","0"
"1913","27966","1913","63","1","1","7","4","0","1","1","1","0"
"1914","27967","1914","72","1","1","7","6","0","1","1","1","0"
"1915","27967","1915","72","1","1","7","6","1","0","1","2","0"
"1916","27967","1916","21","5","1","7","6","0","3","2","1","0"
"1917","27967","1917","63","3","1","7","4","0","1","1","1","0"
"1918","27968","1918","22","1","1","7","6","0","1","1","1","0"
"1919","27971","1919","72","1","1","7","6","0","1","1","1","0"
"1920","27972","1920","52","3","1","7","6","0","1","2","1","0"
"1921","27974","1921","25","1","1","7","6","0","1","1","1","0"
"1922","27975","1922","71","1","1","7","6","0","1","1","1","0"
"1923","27979","1923","74","3","1","7","6","1","0","1","2","0"
"1924","27979","1924","52","1","1","7","6","0","1","2","1","0"
"1925","27980","1925","51","1","1","7","6","0","1","1","1","0"
"1926","28003","1926","25","1","1","7","6","0","1","1","1","0"
"1927","28004","1927","72","1","1","7","6","1","0","1","2","0"
"1928","28006","1928","81","3","1","7","0","0","1","0","1","0"
"1929","28007","1929","72","1","1","7","6","0","1","1","1","0"
"1930","28010","1930","72","1","1","7","6","0","1","1","1","0"
"1931","28017","1931","71","1","1","7","6","0","0","1","3","0"
"1932","28018","1932","71","4","3","1","6","1","0","1","2","0"
"1933","28018","1933","71","1","1","7","6","0","1","1","1","0"
"1934","28033","1934","21","1","1","7","6","0","1","1","1","0"
"1935","28043","1935","20","4","1","7","2","0","1","1","1","0"
"1936","28043","1936","51","1","1","7","6","0","1","1","1","0"
"1937","28047","1937","22","1","1","7","6","0","1","1","1","0"
"1938","28047","1938","71","2","3","2","4","0","1","1","1","0"
"1939","28048","1939","21","1","1","7","6","0","1","1","1","0"
"1940","28060","1940","71","1","1","7","6","0","1","1","1","0"
"1941","28062","1941","61","1","1","7","3","0","1","1","1","0"
"1942","28068","1942","51","3","1","7","6","0","1","1","1","0"
"1943","28078","1943","81","1","1","7","6","0","1","1","1","0"
"1944","28082","1944","63","1","1","7","5","0","1","2","1","0"
"1945","28100","1945","71","1","1","7","6","0","1","1","1","0"
"1946","28105","1946","51","1","1","1","6","0","1","4","1","0"
"1947","28105","1947","26","1","1","7","1","0","1","1","1","0"
"1948","28106","1948","81","1","1","7","0","0","0","0","3","0"
"1949","28118","1949","52","3","1","7","6","0","1","0","1","0"
"1950","28119","1950","81","1","1","7","6","0","1","1","1","0"
"1951","28124","1951","22","1","1","7","6","0","1","0","1","0"
"1952","28140","1952","72","1","1","7","6","0","1","1","1","0"
"1953","28142","1953","41","1","1","7","6","0","1","1","1","0"
"1954","28159","1954","71","1","1","7","6","0","1","1","1","0"
"1955","28159","1955","71","3","1","1","6","0","1","1","1","0"
"1956","28160","1956","52","1","1","7","6","0","1","0","1","0"
"1957","28160","1957","62","1","1","7","4","0","1","1","1","0"
"1958","28160","1958","36","1","1","7","3","0","0","1","3","0"
"1959","28164","1959","67","1","1","7","4","0","2","1","1","0"
"1960","28164","1960","52","1","1","7","6","1","0","2","2","0"
"1961","28168","1961","26","1","1","7","2","1","0","1","2","0"
"1962","28168","1962","21","4","2","1","6","0","2","2","1","0"
"1963","28171","1963","72","3","1","2","6","0","1","1","1","0"
"1964","28178","1964","63","1","1","7","6","0","1","2","1","0"
"1965","28179","1965","21","1","1","7","7","0","1","1","1","0"
"1966","28179","1966","52","3","3","1","6","1","0","1","3","0"
"1967","28179","1967","23","1","1","7","5","0","1","1","1","0"
"1968","28179","1968","71","4","1","7","6","0","1","1","1","0"
"1969","28179","1969","81","3","3","1","6","0","2","1","1","0"
"1970","28179","1970","81","3","3","1","0","0","1","4","1","0"
"1971","28179","1971","52","3","3","1","0","0","2","1","1","0"
"1972","28179","1972","81","3","1","7","0","0","3","0","3","0"
"1973","28179","1973","21","1","1","1","6","0","3","2","1","0"
"1974","28180","1974","67","1","1","7","5","1","0","1","2","0"