"accident_id","lieu_id","date_id","cause_id","lum_id","intemp_id","etat_surface_id","impliq_id","nb_blesses_graves","nb_blesses_legers","nb_indemnes","gravite","nb_morts"
"2433","33441","2433","51","1","2","1","6","0","1","3","1","0"
"2434","33441","2434","52","3","1","4","0","1","1","0","2","0"
"2435","33441","2435","41","1","1","7","3","2","0","0","2","0"
"2436","33441","2436","41","1","1","7","4","0","2","1","1","0"
"2437","33442","2437","41","3","1","7","4","0","2","0","1","0"
"2438","33443","2438","72","1","1","7","6","0","1","1","1","0"
"2439","33443","2439","67","3","1","7","5","0","1","1","1","0"
"2440","33446","2440","81","3","3","1","6","0","1","2","1","0"
"2441","33448","2441","67","4","3","1","4","1","0","1","2","0"
"2442","33449","2442","71","1","1","7","6","0","1","1","1","0"
"2443","33449","2443","71","1","3","2","6","0","1","1","1","0"
"2444","33450","2444","26","1","1","1","2","0","1","1","1","0"
"2445","33450","2445","71","1","3","2","6","0","1","1","1","0"
"2446","33450","2446","67","1","1","7","4","0","1","1","1","0"
"2447","33450","2447","71","1","1","1","6","0","0","1","3","0"
"2448","33450","2448","51","1","1","7","6","0","1","1","1","0"
"2449","33452","2449","72","3","1","7","6","1","0","1","2","0"
"2450","33452","2450","67","2","1","1","5","0","1","1","1","0"
"2451","33455","2451","71","1","1","7","6","0","0","1","3","0"
"2452","33460","2452","81","1","1","7","6","0","1","1","1","0"
"2453","33460","2453","64","1","2","1","4","0","1","1","1","0"
"2454","33470","2454","26","1","1","1","2","0","1","1","1","0"
"2455","33470","2455","26","1","1","7","2","0","1","1","1","0"
"2456","33470","2456","52","3","1","7","6","0","1","3","1","0"
"2457","33471","2457","21","1","1","7","6","0","2","0","1","0"
"2458","33473","2458","52","1","3","1","6","0","2","1","1","0"
"2459","33477","2459","24","1","1","7","2","1","0","1","2","0"
"2460","33484","2460","41","1","3","1","6","1","0","2","2","0"
"2461","33500","2461","63","1","1","7","6","0","1","1","1","0"
"2462","33500","2462","52","1","1","7","6","3","0","0","2","0"
"2463","33517","2463","22","1","3","1","6","0","1","1","1","0"
"2464","33517","2464","67","2","1","7","4","0","1","1","1","0"
"2465","33518","2465","67","1","1","7","6","0","1","1","1","0"
"2466","33530","2466","71","1","1","7","6","0","1","1","1","0"
"2467","33562","2467","51","1","1","7","3","0","1","1","1","0"
"2468","33564","2468","72","1","1","7","6","1","0","1","2","0"
"2469","33564","2469","71","1","1","7","6","0","1","1","1","0"
"2470","33575","2470","71","1","1","7","4","1","1","0","2","0"
"2471","33577","2471","36","1","1","7","6","0","1","2","1","0"
"2472","33584","2472","24","1","1","7","2","0","1","1","1","0"
"2473","33585","2473","72","3","1","7","6","0","1","1","1","0"
"2474","33585","2474","71","1","1","7","6","1","0","1","2","0"
"2475","33595","2475","61","1","7","7","3","0","1","1","1","0"
"2476","33600","2476","61","1","1","7","3","0","1","1","1","0"
"2477","33602","2477","64","1","1","7","4","1","0","1","2","0"
"2478","33613","2478","72","1","1","7","8","0","1","1","1","0"
"2479","33621","2479","72","1","1","7","6","0","1","1","1","0"
"2480","33626","2480","51","1","2","1","6","0","1","6","1","0"
"2481","33627","2481","51","1","1","7","6","0","1","1","1","0"
"2482","33627","2482","51","1","1","7","6","0","2","0","1","0"
"2483","33628","2483","72","1","3","2","6","1","0","1","2","0"
"2484","33628","2484","61","1","1","7","4","0","1","1","1","0"
"2485","33628","2485","41","3","1","1","6","0","1","1","1","0"
"2486","33628","2486","52","1","3","1","2","0","2","0","1","0"
"2487","33628","2487","64","1","1","7","3","0","1","1","1","0"
"2488","33629","2488","26","3","1","7","2","0","1","1","1","0"
"2489","33631","2489","26","1","1","7","4","0","1","1","1","0"
"2490","33631","2490","26","1","1","7","4","0","1","1","1","0"
"2491","33639","2491","51","1","3","2","3","0","1","1","1","0"
"2492","33639","2492","52","1","2","2","6","0","1","1","1","0"
"2493","33640","2493","71","3","3","2","6","1","0","1","2","0"
"2494","33640","2494","81","1","1","7","0","0","1","1","1","0"
"2495","33641","2495","81","3","1","7","3","0","1","1","1","0"
"2496","33641","2496","51","3","3","1","4","0","1","1","1","0"
"2497","33643","2497","22","1","1","7","5","0","1","1","1","0"
"2498","33643","2498","51","1","3","2","6","0","2","2","1","0"
"2499","33644","2499","72","2","1","7","5","0","1","2","1","0"
"2500","33644","2500","51","2","3","1","6","1","0","1","2","0"
"2501","33644","2501","52","2","1","1","0","1","0","0","2","0"
"2502","33644","2502","72","3","1","7","5","1","1","0","2","0"
"2503","33644","2503","22","1","1","7","6","0","1","1","1","0"
"2504","33644","2504","52","3","2","2","0","0","1","0","1","0"
"2505","33645","2505","52","3","3","2","0","0","0","0","3","0"
"2506","33645","2506","63","1","1","7","6","0","1","1","1","0"
"2507","33645","2507","23","1","1","7","5","0","1","1","1","0"
"2508","33647","2508","51","1","1","7","6","0","1","1","1","0"
"2509","33647","2509","52","1","1","7","6","1","0","1","2","0"
"2510","33648","2510","72","1","1","7","6","0","0","2","0","0"
"2511","33649","2511","67","1","3","2","6","1","2","2","2","0"
"2512","33649","2512","23","1","1","7","6","0","1","1","1","0"
"2513","33649","2513","51","1","1","7","6","0","1","1","1","0"
"2514","33650","2514","52","1","1","7","0","1","3","0","2","0"
"2515","33651","2515","64","1","1","7","6","0","1","1","1","0"
"2516","33652","2516","51","1","1","7","6","0","2","1","1","0"
"2517","33663","2517","64","1","1","7","6","0","1","2","1","0"
"2518","33674","2518","72","1","1","7","6","0","1","1","1","0"
"2519","33675","2519","20","1","1","7","2","0","1","1","1","0"
"2520","33681","2520","71","2","1","7","6","0","1","1","1","0"
"2521","33684","2521","25","1","3","1","7","0","1","1","1","0"
"2522","33695","1978","25","5","2","2","7","0","1","0","1","0"
"2523","33705","2523","71","1","3","2","6","1","0","1","2","0"
"2524","33705","2524","23","1","1","7","6","1","0","1","2","0"
"2525","33705","2525","26","1","3","1","3","0","1","1","1","0"
"2526","33705","2526","72","3","1","7","6","0","1","1","1","0"
"2527","33706","2527","53","1","1","7","0","0","1","0","1","0"
"2528","33710","2528","52","3","1","7","0","0","0","0","3","0"
"2529","33711","2529","25","4","1","7","6","0","1","1","1","0"
"2530","33715","2530","52","1","1","7","2","1","0","1","2","0"
"2531","33726","2531","24","1","1","7","1","0","1","1","1","0"
"2532","33726","2532","72","3","2","2","6","0","1","1","1","0"
"2533","33726","2533","52","1","1","7","6","0","1","1","1","0"
"2534","33726","2534","52","1","1","7","6","0","1","1","1","0"
"2535","33726","2535","72","1","3","1","6","0","1","1","1","0"
"2536","33743","2536","72","1","1","7","4","0","1","1","1","0"
"2537","33745","2537","24","1","1","7","3","0","1","1","1","0"
"2538","33763","2538","21","3","1","7","6","1","0","1","2","0"
"2539","33766","2539","22","2","1","1","3","0","1","1","1","0"
"2540","33767","2540","51","1","1","7","6","0","1","1","1","0"
"2541","33767","2541","26","2","1","7","2","0","1","1","1","0"
"2542","33771","2542","51","3","1","7","4","0","1","2","1","0"
"2543","33772","2543","72","1","1","7","6","0","1","1","1","0"
"2544","33775","2544","81","3","3","2","6","0","2","0","1","0"
"2545","33775","2545","72","1","1","7","6","0","1","1","1","0"
"2546","33775","2546","52","3","1","7","6","0","1","1","1","0"
"2547","33801","2547","25","1","2","2","6","0","1","1","1","0"
"2548","33819","2548","82","1","1","7","0","0","1","0","1","0"
"2549","33820","2549","72","3","1","7","6","0","1","1","1","0"
"2550","33823","2550","16","1","1","7","4","0","2","0","1","0"
"2551","33823","2551","52","3","1","7","0","0","1","0","1","0"
"2552","33841","2552","23","1","1","7","4","0","1","1","1","0"
"2553","33843","2553","36","3","3","1","3","0","1","1","1","0"
"2554","33851","2554","52","3","1","7","0","0","1","1","1","0"
"2555","33863","2555","71","3","1","7","6","0","1","1","1","0"
"2556","33866","2556","64","1","3","1","4","0","1","1","1","0"
"2557","33905","2557","71","1","1","7","6","1","0","1","2","0"
"2558","33905","2558","21","3","1","7","4","0","1","1","1","0"
"2559","33905","2559","63","1","1","7","6","0","2","0","1","0"
"2560","33905","2560","63","1","1","7","5","0","1","1","1","0"
"2561","33905","2561","72","1","1","7","6","0","1","1","1","0"
"2562","33906","2562","21","1","1","7","6","0","3","0","1","0"
"2563","33907","2563","35","1","1","7","6","1","0","1","2","0"
"2564","33907","2564","64","1","1","7","6","0","1","1","1","0"
"2565","33909","2565","51","3","3","1","3","0","1","1","1","0"
"2566","33909","2566","22","1","1","7","4","0","2","1","1","0"
"2567","33927","2567","82","3","1","7","6","0","6","2","1","0"
"2568","33933","2568","52","3","3","1","6","0","1","1","1","0"
"2569","33934","2569","51","3","3","1","3","0","1","1","1","0"
"2570","33938","2570","51","1","1","7","4","0","2","0","1","0"
"2571","33939","2571","52","1","2","2","6","0","2","0","1","0"
"2572","33939","2572","67","1","1","7","2","0","1","1","1","0"
"2573","33970","2573","72","1","1","7","6","0","1","1","1","0"
"2574","34012","2574","61","2","1","7","4","0","1","3","1","0"
"2575","34057","2575","26","1","1","7","1","0","1","1","1","0"
"2576","34066","2576","25","3","1","7","7","0","0","1","3","0"
"2577","34066","2577","52","3","1","7","0","0","2","1","1","0"
"2578","34066","2578","52","1","1","7","0","1","0","0","2","0"
"2579","34066","2579","52","1","1","1","6","0","2","1","1","0"
"2580","34066","2580","81","3","3","1","6","0","2","1","1","0"
"2581","34066","2581","66","1","1","7","4","0","1","1","1","0"
"2582","34066","2582","52","3","1","7","0","0","2","0","1","0"
"2583","34096","2583","41","3","3","1","6","0","1","1","1","0"
"2584","34109","2584","52","3","1","7","0","0","1","0","1","0"
"2585","34113","2585","72","1","1","7","6","0","1","1","1","0"
"2586","34118","2586","61","2","1","7","4","0","1","1","1","0"
"2587","34119","2587","52","1","1","7","0","0","1","0","1","0"
"2588","34119","2588","52","1","1","1","6","0","1","1","1","0"
"2589","34119","2589","21","1","3","2","6","0","1","1","1","0"
"2590","34119","2590","71","1","3","2","6","0","1","1","1","0"
"2591","34119","2591","52","1","1","7","6","0","1","1","1","0"
"2592","34121","2592","71","1","1","7","6","1","0","1","2","0"
"2593","34121","2593","64","3","1","1","4","0","1","1","1","0"
"2594","34121","2594","21","1","1","7","6","1","1","1","2","0"
"2595","34121","2595","72","1","1","7","6","0","1","1","1","0"
"2596","34124","2596","26","1","1","7","1","0","1","1","1","0"
"2597","34128","2597","21","1","1","7","6","0","2","0","1","0"
"2598","34130","2598","72","1","1","7","6","0","1","1","1","0"
"2599","34130","2599","72","1","1","7","6","1","0","1","2","0"
"2600","34130","2600","72","1","1","7","6","0","1","1","1","0"
"2601","34131","2601","72","3","1","7","4","0","1","1","1","0"
"2602","34656","2602","52","3","1","7","6","1","0","0","2","0"
"2603","34679","2603","52","1","1","7","1","0","1","1","1","0"
"2604","34685","2604","71","1","1","7","6","0","1","1","1","0"
"2605","34688","2605","71","1","1","7","6","0","1","1","1","0"
"2606","34692","2606","72","1","1","7","6","0","1","1","1","0"
"2607","34714","2607","71","3","3","1","6","0","1","1","1","0"
"2608","34714","2608","71","3","3","2","6","0","1","1","1","0"
"2609","34714","2609","26","1","1","7","2","0","1","1","1","0"
"2610","34714","2610","24","1","1","7","2","1","0","1","2","0"
"2611","34714","2611","72","1","1","7","4","0","1","2","1","0"
"2612","34714","2612","51","1","1","7","6","0","1","1","1","0"
"2613","34714","2613","36","1","1","7","6","0","2","1","1","0"
"2614","34714","2614","51","1","1","7","2","0","1","1","1","0"
"2615","34714","2615","51","1","1","7","2","0","1","1","1","0"
"2616","34715","2616","26","3","1","7","2","0","1","1","1","0"
"2617","34715","2617","13","1","1","7","4","0","1","1","1","0"
"2618","34716","2618","52","1","1","7","6","1","4","1","2","0"
"2619","34726","2619","51","1","1","7","6","0","1","0","1","0"
"2620","34726","2620","52","1","1","7","6","0","1","1","1","0"
"2621","34738","2621","25","1","1","7","6","0","1","4","1","0"
"2622","35375","2622","72","1","1","7","6","0","1","1","1","0"
"2623","35393","2623","22","3","1","7","6","0","1","2","1","0"
"2624","35394","2624","26","1","1","7","1","1","0","1","2","0"
"2625","35399","2625","74","1","1","7","6","0","1","1","1","0"
"2626","35420","2626","21","1","3","1","6","0","2","0","1","0"
"2627","35420","2627","21","2","3","1","6","0","1","0","1","0"
"2628","35422","2628","72","1","1","7","6","0","1","1","1","0"
"2629","35424","2629","52","3","1","7","6","0","1","0","1","0"
"2630","35427","2630","35","1","1","7","4","0","1","1","1","0"
"2631","35427","2631","61","1","1","7","3","0","1","1","1","0"
"2632","35431","2632","77","1","1","4","1","1","0","1","2","0"
"2633","35437","2633","75","1","1","7","6","0","1","1","1","0"
"2634","35472","2634","51","1","1","1","3","0","1","1","1","0"
"2635","35473","2635","82","2","3","1","6","0","1","0","1","0"
"2636","35474","2636","21","1","3","2","6","0","4","0","1","0"
"2637","35475","2637","51","1","1","7","0","0","1","0","1","0"
"2638","35478","2638","72","1","1","7","6","0","0","1","3","0"
"2639","35486","2639","64","1","1","7","6","0","1","1","1","0"
"2640","35493","2640","71","3","1","1","6","0","0","1","3","0"
"2641","35494","2641","67","2","2","1","6","0","1","1","1","0"
"2642","35494","2642","21","1","1","7","6","0","5","0","1","0"
"2643","35497","2643","81","1","1","7","6","0","4","0","1","0"
"2644","35499","2644","81","3","1","7","6","1","0","1","2","0"
"2645","35499","2645","21","3","3","1","6","0","2","0","1","0"
"2646","35499","2646","52","1","1","7","6","0","1","1","1","0"
"2647","35500","2647","51","3","4","3","8","0","1","0","1","0"
"2648","35500","2648","51","1","1","1","7","1","0","1","2","0"
"2649","35500","2649","52","3","1","7","0","0","2","0","1","0"
"2650","35506","2650","64","1","1","7","6","0","1","1","1","0"
"2651","35525","2651","52","1","2","1","6","0","1","0","1","0"
"2652","35528","2652","74","1","1","7","6","0","1","2","1","0"
"2653","35529","2653","72","1","1","7","6","0","1","1","1","0"
"2654","35530","2654","21","1","1","7","6","0","1","1","1","0"
"2655","35532","2655","72","1","1","7","6","1","0","1","2","0"
"2656","35563","2656","52","1","3","1","2","0","3","0","1","0"
"2657","35565","2657","22","1","3","2","6","0","1","1","1","0"
"2658","35565","2658","26","1","1","7","1","1","0","1","2","0"
"2659","35578","2659","36","3","1","7","6","0","2","0","1","0"
"2660","35578","2660","25","3","1","7","7","0","2","0","1","0"
"2661","35580","2661","25","1","1","7","6","1","0","1","2","0"
"2662","35582","2662","72","1","1","7","6","0","1","1","1","0"
"2663","35583","2663","71","1","1","7","6","0","0","1","3","0"
"2664","35589","2664","71","1","1","7","6","0","1","1","1","0"
"2665","35593","2665","51","1","1","7","3","0","1","1","1","0"
"2666","35599","2666","51","3","1","7","6","0","1","1","1","0"
"2667","35599","2667","52","1","3","1","2","0","1","0","1","0"
"2668","35604","2668","21","3","1","7","6","0","1","2","1","0"
"2669","35607","2669","25","3","6","1","0","0","1","0","1","0"
"2670","35609","2670","52","3","3","1","6","0","1","1","1","0"
"2671","35609","2671","21","3","1","7","4","1","0","0","2","0"
"2672","35609","2672","23","3","1","7","4","0","1","1","1","0"
"2673","35614","2673","67","1","1","7","5","0","1","1","1","0"
"2674","35633","2674","64","1","1","7","6","0","1","2","1","0"
"2675","35633","2675","74","1","1","7","6","0","1","1","1","0"
"2676","35633","2676","72","1","1","7","6","0","1","1","1","0"
"2677","35633","2677","26","1","1","7","2","0","2","0","1","0"
"2678","35633","2678","66","1","7","7","6","0","1","1","1","0"
"2679","35633","2679","51","1","1","7","6","1","0","1","2","0"
"2680","35633","2680","66","1","1","7","2","0","1","1","1","0"
"2681","35634","2681","63","1","1","7","4","0","1","1","1","0"
"2682","35634","2682","21","1","1","7","6","0","2","2","1","0"
"2683","35634","2683","19","1","3","1","6","0","1","2","1","0"
"2684","35634","2684","71","1","1","7","6","0","1","1","1","0"
"2685","35635","2685","73","1","1","7","7","0","1","2","1","0"
"2686","35635","2686","41","1","1","1","6","0","1","1","1","0"
"2687","35635","2687","71","3","2","1","6","0","1","1","1","0"
"2688","35638","2688","31","1","1","7","6","0","1","1","1","0"
"2689","35638","2689","14","1","3","2","6","0","1","0","1","0"
"2690","35638","2690","71","1","1","7","6","0","2","1","1","0"
"2691","35638","2691","66","1","1","7","6","0","1","1","1","0"
"2692","35638","2692","73","2","1","7","6","0","1","0","1","0"
"2693","35638","2693","66","1","1","7","6","0","1","0","1","0"
"2694","35638","2694","66","1","1","2","6","1","0","1","2","0"
"2695","35638","2695","19","1","1","7","6","0","1","1","1","0"
"2696","35638","2696","14","1","1","7","6","0","1","1","1","0"
"2697","35638","2697","26","1","1","7","2","0","1","1","1","0"
"2698","35719","2698","71","1","1","7","4","0","1","1","1","0"
"2699","35719","2699","51","3","1","7","6","0","1","2","1","0"
"2700","35720","2700","64","1","1","7","4","0","1","1","1","0"
"2701","35722","2701","52","3","1","7","0","0","4","0","1","0"
"2702","35723","2702","21","5","3","1","6","0","2","1","1","0"
"2703","35772","2703","52","1","1","7","6","0","1","0","1","0"
"2704","35789","2704","26","2","1","1","2","1","0","1","2","0"
"2705","35823","2705","81","1","3","1","3","0","1","1","1","0"
"2706","35823","2706","21","1","3","1","7","0","1","1","1","0"
"2707","35823","2707","52","3","1","1","6","1","1","0","3","0"
"2708","35823","2708","21","1","1","7","6","0","1","1","1","0"
"2709","35823","2709","27","1","1","7","9","0","1","1","1","0"
"2710","35827","2710","52","1","1","7","7","0","2","0","3","0"
"2711","35829","2711","28","4","1","2","0","0","1","0","1","0"
"2712","35830","2712","28","4","1","2","0","0","1","0","1","0"
"2713","35834","2713","72","1","1","1","6","0","1","1","1","0"
"2714","35834","2714","72","2","1","7","6","0","1","1","1","0"
"2715","35842","2715","21","1","1","7","6","0","1","1","1","0"
"2716","35843","2716","81","3","1","7","6","0","1","2","1","0"
"2717","35843","2717","21","1","1","1","6","0","1","1","1","0"
"2718","35847","2718","52","3","3","2","0","0","1","0","1","0"
"2719","36363","2719","51","1","3","2","6","1","1","1","2","0"
"2720","36366","2720","32","1","1","7","7","1","0","1","2","0"
"2721","36375","2721","13","1","1","7","7","1","0","1","2","0"
"2722","36389","2722","86","5","1","1","1","0","1","1","1","0"
"2723","36403","2723","71","1","1","7","6","0","1","2","1","0"
"2724","36412","2724","73","1","1","7","6","0","1","1","1","0"
"2725","36417","2725","21","1","3","1","6","0","0","1","3","0"
"2726","36424","2726","23","1","1","7","6","0","1","1","1","0"
"2727","36424","2727","23","1","1","7","6","0","1","1","1","0"
"2728","36427","2728","67","1","1","7","4","0","1","1","1","0"
"2729","36435","2729","72","1","1","7","4","0","1","1","1","0"
"2730","36442","2730","82","3","1","1","0","1","0","0","2","0"
"2731","36452","2731","64","1","1","7","5","0","2","1","1","0"
"2732","36454","2732","51","1","1","7","7","0","3","1","1","0"
"2733","36454","2733","67","1","1","7","6","0","2","0","1","0"
"2734","36454","2734","51","1","1","7","6","0","1","1","1","0"
"2735","36456","2735","18","1","1","7","3","1","0","1","2","0"
"2736","36456","2736","35","5","1","7","6","1","0","1","2","0"
"2737","36456","2737","22","3","1","7","6","0","1","1","1","0"
"2738","36459","2738","52","1","4","3","0","0","2","0","1","0"
"2739","36483","2739","82","1","1","7","0","1","1","0","2","0"
"2740","36507","2740","67","1","1","7","7","0","1","3","1","0"
"2741","36507","2741","67","1","1","7","5","1","0","1","2","0"
"2742","36508","2742","13","1","1","2","6","0","1","1","1","0"
"2743","36509","2743","81","1","1","7","4","1","0","1","2","0"
"2744","36509","2744","72","1","1","7","6","0","1","1","1","0"
"2745","36511","2745","52","3","4","4","0","1","0","0","2","0"
"2746","36511","2746","52","1","1","4","6","1","1","0","2","0"
"2747","36511","2747","52","1","1","7","0","0","0","0","3","0"
"2748","36512","2748","22","1","1","7","6","0","1","1","1","0"
"2749","36543","2749","52","3","1","7","6","0","2","0","1","0"
"2750","36577","2750","64","1","1","7","6","0","1","2","1","0"
"2751","36577","2751","63","1","1","7","6","0","1","0","1","0"
"2752","36606","2752","22","1","2","2","6","0","1","1","1","0"
"2753","36631","2753","81","1","1","7","3","0","1","0","3","0"
"2754","36641","2754","72","1","1","7","6","1","0","1","2","0"
"2755","36648","2755","52","1","4","3","7","0","1","1","1","0"
"2756","36657","2756","41","1","1","7","7","0","0","1","3","0"
"2757","36660","2757","81","1","1","7","6","0","1","0","1","0"
"2758","36661","2758","11","1","1","7","9","0","0","1","3","0"
"2759","36664","2759","52","1","1","7","0","1","0","0","2","0"
"2760","36664","2760","81","5","3","1","6","0","3","0","1","0"
"2761","36664","2761","36","5","1","7","4","1","1","1","2","0"
"2762","36664","2762","81","1","1","7","0","1","0","0","2","0"
"2763","36681","2763","72","3","1","7","6","1","0","1","2","0"
"2764","36684","2764","52","3","1","7","0","0","0","0","3","0"
"2765","37243","2765","41","2","1","7","1","0","1","1","1","0"
"2766","37244","2766","72","3","1","7","6","0","1","1","1","0"
"2767","37252","2767","72","1","1","7","6","0","1","1","1","0"
"2768","37257","2768","41","1","1","7","6","0","2","0","1","0"
"2769","37260","2769","51","3","1","7","6","0","1","1","1","0"
"2770","37280","2770","51","1","1","7","7","0","1","1","1","0"
"2771","37280","2771","25","3","7","2","7","0","1","1","1","0"
"2772","37280","2772","21","1","1","7","6","1","0","1","2","0"
"2773","37280","2773","41","1","1","7","6","0","1","1","1","0"
"2774","37282","2774","71","1","1","7","6","1","0","1","2","0"
"2775","37282","2775","72","1","1","1","6","1","0","1","2","0"
"2776","37282","2776","52","1","3","1","6","0","1","1","1","0"
"2777","37283","2777","25","1","1","7","6","0","1","1","1","0"
"2778","37283","2778","52","3","1","7","0","0","2","1","1","0"
"2779","37284","2779","67","1","1","7","5","0","1","1","1","0"
"2780","37288","2780","52","1","1","7","6","3","1","1","3","1"
"2781","37291","2781","26","1","1","7","1","0","1","1","1","0"
"2782","37309","2782","51","2","7","2","6","0","1","2","1","0"
"2783","37312","2783","51","1","1","1","6","0","1","1","1","0"
"2784","37322","2784","52","2","1","5","0","1","0","0","2","0"
"2785","37322","2785","74","5","1","7","6","0","1","1","1","0"
"2786","37322","2786","52","3","1","7","0","0","2","0","1","0"
"2787","37322","2787","52","3","1","7","0","0","1","0","1","0"
"2788","37323","2788","21","2","1","7","6","0","3","0","1","0"
"2789","37323","2789","51","1","1","1","5","0","1","1","1","0"
"2790","37323","2790","52","1","1","7","0","0","1","1","1","0"
"2791","37340","2791","52","1","1","7","0","0","0","0","3","0"
"2792","37346","2792","52","1","6","1","6","0","2","2","1","0"
"2793","37346","2793","21","5","1","7","6","0","2","1","1","0"
"2794","37348","2794","51","1","1","2","7","0","2","1","1","0"
"2795","37360","2795","21","1","1","7","6","0","2","0","1","0"
"2796","37360","2796","16","2","3","1","6","0","2","3","1","0"
"2797","37967","2797","16","1","1","7","6","0","1","1","1","0"
"2798","37967","2798","64","1","1","7","6","0","1","2","1","0"
"2799","37967","2799","21","1","1","7","4","0","1","1","1","0"
"2800","37969","2800","21","1","1","7","6","0","1","2","1","0"
"2801","37971","2801","72","1","1","7","6","0","1","1","1","0"
"2802","37977","2802","71","3","1","7","6","0","1","1","1","0"
"2803","37987","2803","52","1","1","7","6","0","1","1","1","0"
"2804","38019","2804","63","1","1","7","5","0","1","1","1","0"
"2805","38023","2805","26","1","1","7","1","0","1","1","1","0"
"2806","38023","2806","26","1","1","7","1","0","1","1","1","0"
"2807","38025","2807","53","1","1","7","2","0","1","1","1","0"
"2808","38029","2808","81","1","1","7","0","0","1","1","1","0"
"2809","38029","2809","41","1","1","7","2","0","1","1","1","0"
"2810","38031","2810","14","1","1","7","6","0","2","1","1","0"
"2811","38031","2811","72","1","1","7","6","1","0","1","2","0"
"2812","38032","2812","52","3","1","7","7","0","2","1","1","0"
"2813","38046","2813","72","1","1","7","6","0","1","1","1","0"
"2814","38047","2814","71","1","1","7","6","0","1","1","1","0"
"2815","38054","2815","25","1","1","7","6","0","1","1","1","0"
"2816","38057","2816","71","1","1","7","6","1","0","1","2","0"
"2817","38057","2817","81","3","1","7","6","1","0","2","2","0"
"2818","38061","2818","72","1","1","7","6","0","1","1","1","0"
"2819","38061","2819","67","1","1","7","4","0","1","1","1","0"
"2820","38063","2820","72","1","3","2","6","1","0","1","2","0"
"2821","38063","2821","81","3","1","7","2","0","1","1","1","0"
"2822","38065","2822","51","3","3","2","6","0","1","4","1","0"
"2823","38066","2823","20","2","1","7","2","0","1","1","1","0"
"2824","38074","2824","72","1","1","7","6","0","1","1","1","0"
"2825","38077","2825","71","1","1","7","6","0","1","1","1","0"
"2826","38082","2826","64","1","3","2","4","0","1","1","1","0"
"2827","38083","2827","72","1","1","7","6","1","0","1","2","0"
"2828","38085","2828","23","1","1","7","6","0","1","1","1","0"
"2829","38086","2829","23","1","1","2","4","0","1","1","1","0"
"2830","38087","2830","67","1","1","7","4","0","1","1","1","0"
"2831","38089","2831","71","1","1","7","6","0","1","1","1","0"
"2832","38089","2832","26","1","1","7","2","0","1","1","1","0"
"2833","38090","2833","72","1","1","7","6","0","1","1","1","0"
"2834","38090","2834","71","1","1","7","6","0","1","1","1","0"
"2835","38090","2835","73","1","1","7","6","1","0","1","2","0"
"2836","38090","2836","71","1","1","7","6","0","1","1","1","0"
"2837","38090","2837","71","1","1","7","6","1","0","1","2","0"
"2838","38090","2838","52","2","1","7","7","0","2","2","1","0"
"2839","38090","2839","72","1","1","7","6","0","1","1","1","0"
"2840","38090","2840","71","1","1","7","6","0","1","1","1","0"
"2841","38090","2841","71","1","1","7","6","0","1","1","1","0"
"2842","38090","2842","81","3","1","7","6","0","1","1","1","0"
"2843","38090","2843","71","2","1","7","6","0","1","1","1","0"
"2844","38090","2844","72","1","1","7","6","0","1","1","1","0"
"2845","38091","2845","72","1","1","7","6","0","1","1","1","0"
"2846","38091","2846","71","1","1","7","6","0","2","1","1","0"
"2847","38092","2847","71","1","1","7","6","0","1","1","1","0"
"2848","38092","2848","72","1","1","7","6","0","1","1","1","0"
"2849","38092","2849","71","1","1","7","6","0","1","1","1","0"
"2850","38092","2850","72","1","1","7","6","0","1","1","1","0"
"2851","38092","2851","71","1","1","7","6","0","1","1","1","0"
"2852","38092","2852","64","1","1","7","4","0","1","2","1","0"
"2853","38093","2853","81","1","1","7","6","2","0","0","2","0"
"2854","38099","2854","71","1","3","1","6","0","1","1","1","0"
"2855","38102","2855","72","1","1","7","6","1","0","1","2","0"
"2856","38103","2856","72","1","1","7","6","0","1","1","1","0"
"2857","38103","2857","72","1","1","7","6","1","0","1","2","0"
"2858","38104","2858","67","1","3","2","6","0","1","1","1","0"
"2859","38106","2859","72","5","1","7","6","0","1","1","1","0"
"2860","38111","2860","71","1","1","7","6","1","1","1","2","0"
"2861","38111","2861","71","2","1","7","4","0","1","1","1","0"
"2862","38112","2862","72","1","1","7","6","0","1","1","1","0"
"2863","38118","2863","72","1","1","7","6","0","1","1","1","0"
"2864","38118","2864","72","1","1","7","6","0","1","1","1","0"
"2865","38118","2865","26","2","1","7","2","0","2","0","1","0"
"2866","38118","2866","71","1","1","7","6","0","1","1","1","0"
"2867","38118","2867","71","1","1","7","6","0","1","1","1","0"
"2868","38118","2868","71","1","1","7","6","0","0","2","3","0"
"2869","38118","2869","61","1","1","7","3","0","1","1","1","0"
"2870","38118","2870","71","1","1","7","6","0","1","1","1","0"
"2871","38118","2871","23","1","3","2","4","0","1","1","1","0"
"2872","38118","2872","71","1","1","7","6","0","1","1","1","0"
"2873","38118","2873","71","3","3","1","6","0","1","1","1","0"
"2874","38120","2874","51","3","1","7","4","0","1","1","1","0"
"2875","38120","2875","71","4","3","7","6","0","1","1","1","0"
"2876","38123","2876","22","3","3","1","6","0","1","2","1","0"
"2877","38123","2877","61","1","1","7","3","0","1","2","1","0"
"2878","38128","2878","26","1","1","2","2","0","2","0","1","0"
"2879","38128","2879","71","1","1","7","6","1","0","1","2","0"
"2880","38129","2880","22","3","1","7","4","0","1","2","1","0"
"2881","38131","2881","71","1","1","2","6","0","1","1","1","0"
"2882","38131","2882","72","1","1","7","6","1","0","1","2","0"
"2883","38132","2883","72","3","1","7","6","1","0","1","2","0"
"2884","38134","2884","72","1","1","7","6","0","1","1","1","0"
"2885","38134","2885","61","1","1","7","3","0","1","1","1","0"
"2886","38134","2886","21","1","3","2","6","0","1","1","1","0"
"2887","38146","2887","52","1","1","7","6","0","3","1","1","0"
"2888","38147","2888","71","1","1","7","5","0","1","1","1","0"
"2889","38148","2889","51","1","1","7","6","1","1","1","2","0"
"2890","38149","2890","81","3","1","7","5","1","0","1","3","0"