"accident_id","lieu_id","date_id","cause_id","lum_id","intemp_id","etat_surface_id","impliq_id","nb_blesses_graves","nb_blesses_legers","nb_indemnes","gravite","nb_morts"
"2891","38150","2891","81","3","1","7","6","0","2","2","1","0"
"2892","38155","2892","81","3","1","7","0","0","1","0","1","0"
"2893","38156","2893","72","1","1","7","6","0","1","1","1","0"
"2894","38157","2894","63","1","1","7","4","0","1","1","1","0"
"2895","38158","2895","26","1","1","7","1","0","1","1","1","0"
"2896","38159","2896","52","1","1","7","0","0","1","1","1","0"
"2897","38161","2897","28","3","1","7","0","0","2","0","1","0"
"2898","38161","2898","71","1","1","7","6","0","1","1","1","0"
"2899","38167","2899","63","1","1","7","4","0","1","1","1","0"
"2900","38168","2900","75","1","1","7","6","0","1","1","1","0"
"2901","38172","2901","51","1","1","7","6","0","1","1","1","0"
"2902","38175","2902","51","1","1","7","6","1","0","1","2","0"
"2903","38183","2903","71","1","3","1","6","0","1","1","1","0"
"2904","38183","2904","61","1","1","7","3","0","1","1","1","0"
"2905","38184","2905","71","1","1","7","6","0","1","1","1","0"
"2906","38188","2906","73","1","1","7","6","0","1","1","1","0"
"2907","38197","2907","72","1","1","7","6","0","1","1","1","0"
"2908","38203","2908","72","1","1","7","6","0","1","1","1","0"
"2909","38203","2909","73","1","1","7","6","0","0","1","3","0"
"2910","38205","2910","41","3","2","1","4","0","1","1","1","0"
"2911","38206","2911","51","1","1","7","6","0","1","1","1","0"
"2912","38219","2912","71","1","1","7","6","0","1","1","1","0"
"2913","38221","2913","71","1","1","7","6","0","1","1","1","0"
"2914","38221","2914","71","1","1","7","6","0","1","1","1","0"
"2915","38222","2915","74","1","1","7","7","1","0","1","2","0"
"2916","38222","2916","41","1","1","7","2","0","1","1","1","0"
"2917","38230","2917","71","1","1","7","6","0","1","1","1","0"
"2918","38230","2918","63","1","1","7","5","0","1","1","1","0"
"2919","38242","2919","72","1","1","7","6","0","1","1","1","0"
"2920","38243","2920","72","1","1","7","6","0","1","1","1","0"
"2921","38247","2921","71","1","1","7","6","0","1","1","1","0"
"2922","38252","2922","63","3","1","7","4","0","2","1","1","0"
"2923","38253","2923","28","1","1","7","6","0","1","1","1","0"
"2924","38257","2924","17","1","1","7","3","0","1","1","1","0"
"2925","38268","2925","41","1","1","7","2","0","1","1","1","0"
"2926","38270","2926","28","3","2","2","0","0","1","0","1","0"
"2927","38271","2927","51","1","1","7","6","0","1","2","1","0"
"2928","38273","2928","52","1","1","7","0","0","1","0","1","0"
"2929","38284","2929","72","1","1","7","6","1","0","1","2","0"
"2930","38294","2930","41","5","1","7","2","1","1","1","2","0"
"2931","38294","2931","51","2","2","2","6","0","1","2","1","0"
"2932","38299","2932","81","3","3","1","0","0","1","0","1","0"
"2933","38314","2933","81","1","1","7","1","0","1","1","1","0"
"2934","38314","2934","51","1","1","7","6","0","1","2","1","0"
"2935","38325","2935","72","1","1","7","6","1","0","1","2","0"
"2936","38326","2936","72","1","1","7","6","0","1","1","1","0"
"2937","38331","2937","72","1","1","7","6","0","1","1","1","0"
"2938","38334","2938","72","1","3","1","6","0","1","1","1","0"
"2939","38340","2939","63","1","3","2","6","0","2","0","1","0"
"2940","38340","2940","41","3","1","7","2","0","3","0","1","0"
"2941","38342","2941","23","1","1","7","6","0","1","1","1","0"
"2942","38358","2942","72","1","1","7","6","0","1","1","1","0"
"2943","38361","2943","72","1","1","7","6","0","1","1","1","0"
"2944","38364","2944","63","3","1","7","6","0","1","1","1","0"
"2945","38369","2945","72","4","3","1","6","1","0","1","2","0"
"2946","38371","2946","71","1","1","7","6","0","1","1","1","0"
"2947","38406","2947","71","1","1","7","6","0","1","1","1","0"
"2948","38409","2948","41","3","1","7","2","0","1","1","1","0"
"2949","38413","2949","82","3","1","7","6","0","1","1","1","0"
"2950","38414","2950","21","1","1","7","6","0","1","2","1","0"
"2951","38421","2951","72","1","1","7","6","0","1","1","1","0"
"2952","38421","2952","72","1","1","7","6","0","1","1","1","0"
"2953","38421","2953","52","3","1","7","0","0","1","0","1","0"
"2954","38422","2954","64","1","1","7","4","0","1","2","1","0"
"2955","38433","2955","25","3","1","7","6","0","1","1","1","0"
"2956","38434","2956","51","1","1","7","6","0","2","1","1","0"
"2957","38434","2957","25","1","1","7","6","0","1","1","1","0"
"2958","38438","2958","11","1","1","7","6","0","1","1","1","0"
"2959","38445","2959","71","1","1","7","6","0","1","1","1","0"
"2960","38445","2960","72","3","1","7","6","0","1","1","1","0"
"2961","38445","2961","72","1","1","7","6","1","0","1","2","0"
"2962","38445","2962","76","5","1","7","8","0","1","1","1","0"
"2963","38446","2963","41","1","1","7","6","0","1","1","1","0"
"2964","38446","2964","77","5","1","7","8","1","0","1","2","0"
"2965","38447","2965","72","1","1","7","6","0","1","1","1","0"
"2966","38451","2966","67","1","1","7","4","0","1","1","1","0"
"2967","38462","2967","64","1","1","7","6","0","1","1","1","0"
"2968","38462","2968","71","1","1","7","6","0","1","1","1","0"
"2969","38464","2969","72","1","1","7","6","1","0","1","2","0"
"2970","38480","2970","64","1","1","7","6","0","1","1","1","0"
"2971","38481","2971","72","1","1","7","6","0","1","1","1","0"
"2972","38481","2972","72","1","1","7","6","1","0","1","2","0"
"2973","38481","2973","72","1","1","7","6","0","1","1","1","0"
"2974","38481","2974","72","1","1","7","6","0","1","1","1","0"
"2975","38481","2975","52","3","3","1","6","2","0","1","2","0"
"2976","38481","2976","99","3","1","7","6","0","0","1","3","0"
"2977","38483","2977","51","5","1","7","6","0","2","1","1","0"
"2978","38483","2978","25","1","1","7","6","0","1","1","1","0"
"2979","38488","2979","72","1","1","7","6","0","1","1","1","0"
"2980","38488","2980","63","1","1","7","6","0","1","0","1","0"
"2981","38490","2981","71","3","3","1","6","0","1","1","1","0"
"2982","38490","2982","51","1","1","7","6","0","1","2","1","0"
"2983","38492","2983","71","1","1","7","8","0","1","1","1","0"
"2984","38492","2984","71","4","3","1","6","0","1","1","1","0"
"2985","38493","2985","71","1","3","2","6","0","1","1","1","0"
"2986","38494","2986","64","2","1","7","5","0","1","1","1","0"
"2987","38503","2987","72","1","1","7","6","0","1","1","1","0"
"2988","38503","2988","72","1","1","7","6","1","0","1","2","0"
"2989","38505","2989","41","1","1","7","4","0","1","1","1","0"
"2990","38507","2990","72","1","1","7","6","0","1","1","1","0"
"2991","38507","2991","72","5","1","1","6","0","1","1","1","0"
"2992","38514","2992","17","1","1","7","2","0","1","1","1","0"
"2993","38516","2993","22","1","1","7","6","0","1","1","1","0"
"2994","38520","2994","22","1","1","7","6","0","1","2","1","0"
"2995","38520","2995","51","1","1","7","6","0","3","1","1","0"
"2996","38520","2996","25","1","1","7","6","0","1","1","1","0"
"2997","38520","2997","51","1","1","7","0","0","1","0","1","0"
"2998","38520","2998","24","1","1","7","2","0","1","1","1","0"
"2999","38520","2999","72","1","1","7","6","0","1","1","1","0"
"3000","38520","3000","52","1","1","7","0","0","1","0","1","0"
"3001","38520","3001","72","1","1","7","6","0","1","1","1","0"
"3002","38520","3002","51","1","1","7","6","0","3","1","1","0"
"3003","38520","3003","52","5","1","7","0","0","2","0","1","0"
"3004","38520","3004","72","1","1","7","6","0","1","1","1","0"
"3005","38520","3005","71","3","1","7","6","0","1","1","1","0"
"3006","38520","3006","81","3","1","7","6","0","2","0","1","0"
"3007","38520","3007","72","3","1","2","6","0","1","1","1","0"
"3008","38521","3008","52","1","2","2","0","1","1","0","2","0"
"3009","38521","3009","52","3","3","2","0","0","1","0","1","0"
"3010","38521","3010","52","3","1","4","0","1","3","0","2","0"
"3011","38521","3011","51","3","1","7","6","0","1","2","1","0"
"3012","38521","3012","51","1","3","2","6","0","1","2","1","0"
"3013","38521","3013","52","1","1","7","6","0","2","2","1","0"
"3014","38521","3014","51","1","3","2","6","0","1","1","1","0"
"3015","38521","3015","52","1","1","1","6","0","3","1","1","0"
"3016","38521","3016","52","3","2","1","0","1","0","0","2","0"
"3017","38521","3017","51","3","1","7","6","0","2","1","1","0"
"3018","38521","3018","72","5","1","7","6","1","0","1","2","0"
"3019","38521","3019","74","1","1","7","4","0","2","0","1","0"
"3020","38522","3020","51","4","3","1","6","0","1","1","1","0"
"3021","38522","3021","72","1","1","6","9","0","1","1","1","0"
"3022","38526","3022","51","1","1","7","0","0","3","0","1","0"
"3023","38529","3023","72","1","1","7","4","0","1","1","1","0"
"3024","38535","3024","52","1","1","7","6","0","1","2","1","0"
"3025","38538","3025","51","3","1","7","3","0","1","0","1","0"
"3026","38544","3026","51","1","1","7","6","0","1","2","1","0"
"3027","38549","3027","71","1","1","7","6","0","1","1","1","0"
"3028","38559","3028","27","1","1","7","0","0","1","0","1","0"
"3029","38563","3029","63","1","1","7","6","0","1","2","1","0"
"3030","38569","3030","72","2","1","7","6","0","1","1","1","0"
"3031","38569","3031","72","1","1","7","6","0","1","1","1","0"
"3032","38569","3032","72","3","1","7","6","0","1","1","1","0"
"3033","38572","3033","64","1","1","7","3","0","1","1","1","0"
"3034","38572","3034","71","1","1","7","6","0","1","1","1","0"
"3035","38578","3035","75","1","1","7","4","0","1","3","1","0"
"3036","38578","3036","71","1","1","7","6","0","1","1","1","0"
"3037","38578","3037","61","1","1","7","5","0","1","3","1","0"
"3038","38578","3038","72","5","1","7","6","0","1","1","1","0"
"3039","38579","3039","64","1","1","7","4","0","1","1","1","0"
"3040","38591","3040","52","5","1","7","6","0","1","1","1","0"
"3041","38593","3041","25","1","1","7","6","0","1","0","1","0"
"3042","38594","3042","51","1","1","7","6","0","1","1","1","0"
"3043","38595","3043","52","1","1","7","0","1","0","0","2","0"
"3044","38595","3044","52","1","1","7","0","0","1","0","1","0"
"3045","38595","3045","81","3","3","1","6","0","1","3","1","0"
"3046","38595","3046","64","1","1","7","6","0","1","1","1","0"
"3047","38595","3047","52","1","1","1","6","0","4","0","1","0"
"3048","38595","3048","18","2","3","2","6","0","1","1","1","0"
"3049","38605","3049","72","1","1","7","6","0","1","1","1","0"
"3050","38608","3050","71","1","1","7","6","0","1","1","1","0"
"3051","38608","3051","52","3","1","7","0","0","1","0","1","0"
"3052","38626","3052","71","1","1","7","6","0","1","1","1","0"
"3053","38632","3053","72","1","1","7","6","0","1","1","1","0"
"3054","38641","3054","72","1","1","7","6","0","1","1","1","0"
"3055","38642","3055","71","1","3","2","6","0","1","1","1","0"
"3056","38649","3056","71","1","1","7","6","0","1","1","1","0"
"3057","38659","3057","72","1","1","7","6","0","1","1","1","0"
"3058","38659","3058","72","1","1","7","6","0","1","1","1","0"
"3059","38659","3059","71","1","1","7","6","0","1","1","1","0"
"3060","38676","3060","67","1","1","7","6","0","1","2","1","0"
"3061","38677","3061","72","1","1","7","6","1","0","1","2","0"
"3062","38684","3062","62","1","1","7","2","1","0","1","2","0"
"3063","38689","3063","21","1","1","7","6","0","1","1","1","0"
"3064","38689","3064","26","2","1","2","2","0","1","1","1","0"
"3065","38692","3065","52","1","3","2","6","0","1","1","1","0"
"3066","38695","3066","28","1","1","7","0","0","1","0","1","0"
"3067","38707","3067","64","1","1","7","4","1","0","1","2","0"
"3068","38709","3068","72","1","1","7","6","1","0","1","2","0"
"3069","38709","3069","73","1","1","7","6","0","1","1","1","0"
"3070","38717","3070","73","1","1","7","2","0","1","1","1","0"
"3071","38723","3071","71","1","1","7","6","0","1","1","1","0"
"3072","38730","3072","72","1","1","7","6","0","1","1","1","0"
"3073","38734","3073","73","1","1","7","6","0","1","1","1","0"
"3074","38735","3074","71","1","1","7","6","1","0","1","2","0"
"3075","38738","3075","21","1","1","7","6","0","1","1","1","0"
"3076","38741","3076","73","1","1","7","6","1","0","1","2","0"
"3077","38742","3077","72","1","1","7","4","0","2","0","1","0"
"3078","38746","3078","35","1","1","7","4","0","1","1","1","0"
"3079","38746","3079","52","1","3","2","6","0","1","3","1","0"
"3080","38746","3080","52","1","3","1","6","0","3","1","1","0"
"3081","38746","3081","52","2","1","7","0","0","1","0","1","0"
"3082","38747","3082","81","3","1","7","2","0","2","0","1","0"
"3083","38763","3083","52","3","1","7","0","0","1","0","1","0"
"3084","38764","3084","82","1","1","7","6","0","1","1","1","0"
"3085","38769","3085","71","1","1","7","6","0","1","1","1","0"
"3086","38774","3086","72","1","1","7","6","1","0","1","2","0"
"3087","38785","3087","72","1","1","7","6","1","0","1","2","0"
"3088","38792","3088","61","1","1","7","3","0","1","1","1","0"
"3089","38792","3089","71","1","1","7","6","0","0","1","3","0"
"3090","38792","3090","51","1","1","2","6","0","2","1","1","0"
"3091","38793","3091","64","1","1","7","4","0","1","1","1","0"
"3092","38793","3092","72","1","1","7","6","0","1","1","1","0"
"3093","38793","3093","25","1","1","7","8","0","1","2","1","0"
"3094","38797","3094","71","1","1","7","6","1","0","1","2","0"
"3095","38797","3095","52","3","1","7","6","0","1","1","1","0"
"3096","38798","3096","51","1","1","7","6","0","1","1","1","0"
"3097","38798","3097","51","3","1","7","6","0","1","1","1","0"
"3098","38798","3098","64","1","1","7","2","0","1","1","1","0"
"3099","38798","3099","52","1","1","1","7","0","1","2","1","0"
"3100","38798","3100","51","1","1","7","6","0","2","1","1","0"
"3101","38817","3101","52","1","3","1","0","0","1","0","1","0"
"3102","38817","3102","52","1","1","2","0","0","2","0","1","0"
"3103","38824","3103","26","1","1","7","2","1","0","1","2","0"
"3104","38824","3104","41","1","1","7","6","0","1","1","1","0"
"3105","38824","3105","51","1","3","1","6","0","1","1","1","0"
"3106","38825","3106","52","3","1","7","0","0","4","0","1","0"
"3107","38825","3107","52","3","1","7","6","0","1","2","1","0"
"3108","38825","3108","71","1","1","7","6","0","1","1","1","0"
"3109","38826","3109","20","1","1","7","6","0","1","1","1","0"
"3110","38826","3110","81","3","3","1","6","0","5","0","1","0"
"3111","38826","3111","81","3","1","7","6","0","1","1","1","0"
"3112","38827","3112","81","1","1","7","0","0","1","1","1","0"
"3113","38842","3113","67","1","2","1","5","0","1","1","1","0"
"3114","38855","3114","73","1","1","7","6","0","1","1","1","0"
"3115","38858","3115","72","1","1","7","8","0","1","1","1","0"
"3116","38863","3116","72","1","1","7","6","0","1","1","1","0"
"3117","38868","3117","72","1","1","7","6","1","0","1","2","0"
"3118","38886","3118","41","1","1","7","4","0","1","1","1","0"
"3119","38886","3119","52","1","1","7","0","0","1","0","1","0"
"3120","38886","3120","52","3","3","2","0","1","0","0","2","0"
"3121","38886","3121","51","3","6","2","6","0","1","4","1","0"
"3122","38889","3122","20","1","2","2","2","0","1","1","1","0"
"3123","38895","3123","72","1","1","7","6","0","1","1","1","0"
"3124","38896","3124","72","1","1","7","6","0","0","1","3","0"
"3125","38896","3125","64","1","1","7","4","1","0","1","2","0"
"3126","38896","3126","22","1","1","7","6","0","1","1","1","0"
"3127","38896","3127","52","1","3","2","0","0","1","1","1","0"
"3128","38900","3128","72","3","1","7","6","0","1","1","1","0"
"3129","38901","3129","72","3","1","7","4","0","1","1","1","0"
"3130","38901","3130","71","1","1","7","6","0","1","1","1","0"
"3131","38927","3131","71","1","1","7","6","0","1","1","1","0"
"3132","38930","3132","41","3","1","7","6","0","1","1","1","0"
"3133","38930","3133","52","3","1","7","0","1","1","0","2","0"
"3134","38931","3134","22","1","1","7","4","1","1","0","2","0"
"3135","38931","3135","52","3","1","2","0","1","0","0","2","0"
"3136","38932","3136","52","5","1","7","0","0","2","0","1","0"
"3137","38932","3137","74","1","1","7","6","0","2","1","1","0"
"3138","38933","3138","51","3","1","6","6","0","2","2","1","0"
"3139","38934","3139","64","5","3","1","6","0","1","1","1","0"
"3140","38935","3140","81","3","1","7","6","0","1","2","1","0"
"3141","38935","3141","81","3","1","7","6","0","2","1","1","0"
"3142","38935","3142","61","1","1","7","3","0","1","2","1","0"
"3143","38936","3143","21","4","1","7","6","0","1","3","1","0"
"3144","38937","3144","64","1","1","7","5","0","1","2","1","0"
"3145","38937","3145","72","3","4","3","6","0","1","1","1","0"
"3146","38937","3146","72","1","3","2","6","0","1","1","1","0"
"3147","38937","3147","99","1","1","7","2","0","1","1","1","0"
"3148","38937","3148","64","1","1","7","4","0","1","2","1","0"
"3149","38938","3149","81","1","1","7","6","0","1","1","1","0"
"3150","38939","3150","72","1","1","7","6","0","1","1","1","0"
"3151","38939","3151","26","1","1","7","1","0","1","1","1","0"
"3152","38940","3152","71","1","1","7","6","1","0","1","2","0"
"3153","38940","3153","71","1","1","7","6","0","1","1","1","0"
"3154","38940","3154","23","3","1","7","4","0","1","1","1","0"
"3155","38940","3155","85","3","3","2","6","0","1","2","1","0"
"3156","38941","3156","72","1","1","7","6","0","1","1","1","0"
"3157","38941","3157","52","3","1","7","6","0","1","0","1","0"
"3158","38942","3158","71","1","1","2","6","0","1","1","1","0"
"3159","38942","3159","72","3","1","7","6","0","1","1","1","0"
"3160","38945","3160","81","1","1","7","6","0","2","0","1","0"
"3161","38950","3161","25","5","1","7","6","0","1","0","1","0"
"3162","38954","3162","72","1","1","7","8","0","1","1","1","0"
"3163","38955","3163","52","5","1","7","0","0","1","0","1","0"
"3164","38955","3164","18","3","1","1","6","0","2","1","1","0"
"3165","38955","3165","23","2","1","7","4","0","1","1","1","0"
"3166","38959","3166","52","3","1","7","0","0","1","0","1","0"
"3167","38960","3167","72","1","1","7","6","0","1","1","1","0"
"3168","38962","3168","72","1","1","7","6","1","0","1","2","0"
"3169","38963","3169","72","1","1","7","6","0","1","1","1","0"
"3170","38965","3170","52","3","1","7","0","1","1","0","2","0"
"3171","38965","3171","71","1","1","7","6","0","1","1","1","0"
"3172","38966","3172","64","1","1","7","4","0","1","1","1","0"
"3173","38967","3173","61","1","1","7","3","1","0","1","2","0"
"3174","38973","3174","41","2","1","7","6","1","0","1","2","0"
"3175","38976","3175","81","1","1","7","1","0","1","1","1","0"
"3176","38976","3176","72","1","1","7","6","0","1","1","1","0"
"3177","38981","3177","72","1","1","7","6","0","1","1","1","0"
"3178","38984","3178","21","1","2","2","6","0","1","1","1","0"
"3179","38986","3179","24","1","1","7","2","0","1","1","1","0"
"3180","38987","3180","74","3","1","7","8","1","0","1","2","0"
"3181","38987","3181","72","1","1","7","6","0","2","1","1","0"
"3182","38987","3182","71","1","1","7","6","0","1","1","1","0"
"3183","38987","3183","71","1","1","7","8","0","1","1","1","0"
"3184","38987","3184","51","4","1","7","6","0","1","2","1","0"
"3185","38987","3185","72","1","1","7","8","0","1","1","1","0"
"3186","38987","3186","72","1","1","7","6","0","1","1","1","0"
"3187","38988","3187","67","1","1","7","5","0","1","1","1","0"
"3188","38993","3188","52","1","1","7","0","1","0","0","2","0"
"3189","38994","3189","52","3","2","1","0","0","1","0","1","0"
"3190","38994","3190","64","1","1","7","1","1","0","1","2","0"
"3191","38994","3191","18","1","1","7","6","0","1","1","1","0"
"3192","38994","3192","72","1","1","7","6","0","1","1","1","0"
"3193","38994","3193","72","1","1","7","4","0","1","2","1","0"
"3194","38994","3194","51","1","1","7","6","0","1","4","1","0"
"3195","38994","3195","72","1","1","7","6","0","1","1","1","0"
"3196","38994","3196","52","1","2","2","6","0","2","3","1","0"
"3197","38997","3197","72","1","1","7","6","0","1","1","1","0"
"3198","38997","3198","71","3","2","2","6","0","1","1","1","0"
"3199","38997","3199","71","4","1","7","6","1","0","1","2","0"
"3200","38997","3200","71","4","1","7","6","0","1","1","1","0"
"3201","38997","3201","23","3","1","7","6","0","1","4","1","0"
"3202","38998","3202","72","1","1","7","6","0","1","1","1","0"
"3203","38998","3203","71","1","1","7","6","0","1","1","1","0"
"3204","38998","3204","51","1","1","7","6","0","1","1","1","0"
"3205","39017","3205","24","1","1","7","2","0","1","1","1","0"
"3206","39018","3206","51","3","1","7","6","1","0","1","2","0"
"3207","39018","3207","72","3","1","7","2","0","1","1","1","0"
"3208","39018","3208","71","1","1","7","4","0","2","0","1","0"
"3209","39018","3209","86","3","1","7","2","0","2","1","1","0"
"3210","39018","3210","23","3","6","1","6","0","1","1","1","0"
"3211","39018","3211","51","1","1","7","6","0","1","1","1","0"
"3212","39018","3212","81","3","2","1","6","0","2","0","1","0"
"3213","39019","3213","21","1","1","7","2","0","1","1","1","0"
"3214","39019","3214","71","2","3","2","6","1","0","1","2","0"
"3215","39020","3215","64","1","1","7","4","1","0","2","2","0"
"3216","39020","3216","71","3","1","7","6","0","1","1","1","0"
"3217","39021","3217","64","3","3","2","6","0","4","1","1","0"
"3218","39022","3218","52","3","1","7","6","0","2","0","1","0"
"3219","39022","3219","63","1","1","7","5","0","2","1","1","0"
"3220","39023","3220","51","3","1","7","6","0","1","1","1","0"
"3221","39023","3221","51","1","1","7","6","0","1","1","1","0"
"3222","39023","3222","26","2","3","2","2","0","1","2","1","0"
"3223","39023","3223","23","1","1","7","5","1","0","1","2","0"
"3224","39027","3224","51","1","1","7","6","0","1","1","1","0"
"3225","39027","3225","64","1","3","2","3","0","1","1","1","0"
"3226","39027","3226","72","3","2","2","6","1","1","1","2","0"
"3227","39027","3227","67","3","1","1","4","0","1","1","1","0"
"3228","39027","3228","42","1","1","7","6","0","1","1","1","0"
"3229","39028","3229","11","1","1","2","6","0","1","1","1","0"
"3230","39030","3230","71","3","1","7","6","0","1","1","1","0"
"3231","39030","3231","63","3","1","7","6","0","3","1","1","0"
"3232","39031","3232","72","1","1","7","6","1","0","1","2","0"
"3233","39031","3233","51","1","1","7","6","0","2","1","1","0"
"3234","39031","3234","52","3","1","7","6","0","2","2","1","0"
"3235","39031","3235","51","1","2","1","6","0","2","2","1","0"
"3236","39031","3236","72","1","1","7","6","0","1","1","1","0"
"3237","39032","3237","64","3","1","7","3","0","1","1","1","0"
"3238","39033","3238","71","1","1","7","5","0","1","1","1","0"
"3239","39033","3239","71","1","1","7","6","0","1","1","1","0"
"3240","39033","3240","81","3","1","7","6","0","1","0","1","0"
"3241","39034","3241","61","1","1","7","3","0","1","1","1","0"
"3242","39035","3242","71","5","1","7","6","0","1","1","1","0"
"3243","39035","3243","71","1","1","7","6","0","1","1","1","0"
"3244","39035","3244","71","1","3","1","6","1","0","1","2","0"
"3245","39037","3245","74","3","1","7","5","0","2","0","3","0"
"3246","39037","3246","52","3","1","7","0","0","1","0","1","0"
"3247","39037","3247","81","3","1","7","0","0","1","0","1","0"
"3248","39047","3248","72","3","1","7","6","1","0","1","2","0"
"3249","39047","3249","21","3","2","2","7","1","0","1","2","0"
"3250","39047","3250","99","1","1","7","0","2","0","0","2","0"
"3251","39047","3251","52","3","1","7","6","0","2","1","1","0"
"3252","39047","3252","52","3","3","2","6","0","3","0","1","0"
"3253","39047","3253","52","1","1","7","6","0","1","1","1","0"
"3254","39047","3254","52","5","1","4","6","0","1","1","1","0"
"3255","39047","3255","81","3","1","7","3","0","0","1","3","0"
"3256","39047","3256","67","5","6","1","4","0","1","1","1","0"
"3257","39047","3257","21","3","3","1","6","0","4","0","1","0"
"3258","39047","3258","67","1","1","7","4","0","1","1","1","0"
"3259","39047","3259","52","1","1","2","6","0","1","1","1","0"
"3260","39047","3260","81","3","1","7","0","0","1","0","1","0"
"3261","39047","3261","36","1","1","7","8","0","1","2","1","0"
"3262","39048","3262","72","1","2","2","6","0","1","4","1","0"
"3263","39048","3263","81","1","1","7","2","0","1","1","1","0"
"3264","39049","3264","71","1","1","7","4","0","1","1","1","0"
"3265","39049","3265","21","3","1","7","4","0","1","1","1","0"
"3266","39049","3266","71","3","1","7","6","0","1","1","1","0"
"3267","39049","3267","71","3","1","7","4","0","1","1","1","0"
"3268","39049","3268","71","1","3","1","6","0","1","1","1","0"
"3269","39049","3269","61","1","1","7","3","0","1","2","1","0"
"3270","39052","3270","64","3","1","7","6","0","1","1","1","0"
"3271","39054","3271","71","1","1","7","6","0","1","1","1","0"
"3272","39054","3272","63","1","1","7","6","0","3","0","1","0"
"3273","39055","3273","32","1","1","7","6","0","1","1","1","0"
"3274","39056","3274","71","1","1","7","6","0","1","1","1","0"
"3275","39056","3275","71","2","1","7","5","0","2","0","1","0"
"3276","39056","3276","71","1","1","7","4","0","2","0","1","0"
"3277","39057","3277","71","1","3","1","6","1","0","1","2","0"
"3278","39058","3278","51","1","1","7","6","0","1","1","1","0"
"3279","39058","3279","71","3","1","7","6","0","1","1","1","0"
"3280","39059","3280","65","3","1","7","6","0","1","1","1","0"
"3281","39059","3281","72","1","1","7","6","0","1","1","1","0"
"3282","39059","3282","72","1","1","7","6","0","1","1","1","0"
"3283","39059","3283","71","1","1","1","6","0","1","1","1","0"
"3284","39059","3284","51","3","1","7","6","0","2","1","1","0"
"3285","39060","3285","23","3","1","7","6","0","1","1","1","0"
"3286","39060","3286","63","1","1","7","6","0","2","0","1","0"
"3287","39060","3287","67","3","3","1","5","0","1","1","1","0"
"3288","39060","3288","71","1","1","7","6","1","0","1","2","0"
"3289","39086","3289","72","1","1","7","6","0","1","1","1","0"
"3290","39097","3290","64","1","1","7","4","0","2","0","1","0"
"3291","39099","3291","72","1","1","7","6","0","1","1","1","0"
"3292","39099","3292","71","1","1","7","4","1","0","1","2","0"
"3293","39099","3293","61","1","1","7","4","1","0","1","2","0"
"3294","39099","3294","71","4","6","1","6","0","1","1","1","0"
"3295","39101","3295","72","1","1","7","6","0","1","1","1","0"
"3296","39103","3296","24","1","1","7","2","0","1","1","1","0"
"3297","39109","3297","64","1","1","7","6","0","1","1","1","0"
"3298","39113","3298","71","1","1","7","6","1","0","1","2","0"
"3299","39113","3299","21","5","1","7","6","0","1","1","1","0"
"3300","39114","3300","24","1","1","7","2","0","1","1","1","0"
"3301","39116","3301","75","3","1","7","6","0","1","1","1","0"
"3302","39117","3302","21","5","1","7","6","0","1","1","1","0"
"3303","39118","3303","61","1","1","7","3","0","1","1","1","0"
"3304","39127","3304","51","1","1","7","6","0","3","0","1","0"
"3305","39128","3305","52","1","1","7","6","0","1","1","1","0"
"3306","39133","3306","72","1","1","7","6","0","1","1","1","0"
"3307","39134","3307","72","1","1","7","6","0","1","1","1","0"
"3308","39136","3308","72","1","3","2","6","0","1","1","1","0"
"3309","39136","3309","21","3","3","2","6","0","1","1","1","0"
"3310","39136","3310","72","1","1","7","4","1","0","1","2","0"
"3311","39136","3311","25","5","3","1","7","1","1","1","2","0"
"3312","39139","3312","72","2","1","7","6","1","0","1","2","0"
"3313","39141","3313","26","1","1","7","1","0","1","1","1","0"
"3314","39148","3314","51","3","1","7","6","0","2","0","1","0"
"3315","39148","3315","51","3","3","2","6","0","2","1","1","0"
"3316","39151","3316","81","3","1","7","2","0","2","0","3","0"
"3317","39152","3317","53","1","3","2","2","0","1","1","1","0"
"3318","39162","3318","71","1","1","7","6","1","0","1","2","0"
"3319","39177","3319","71","1","1","7","6","0","1","1","1","0"
"3320","39185","3320","81","5","1","7","0","0","1","1","1","0"
"3321","39185","3321","52","3","1","7","4","0","1","1","1","0"
"3322","39185","3322","52","1","1","7","0","0","1","0","1","0"
"3323","39185","3323","52","1","1","7","6","0","1","1","1","0"
"3324","39185","3324","52","1","1","7","0","0","1","0","1","0"
"3325","39185","3325","52","1","1","1","0","0","1","0","3","0"
"3326","39185","3326","52","2","3","1","0","0","1","0","1","0"
"3327","39187","3327","72","1","1","7","4","0","2","1","1","0"
"3328","39188","3328","71","3","3","2","6","0","1","1","1","0"
"3329","39188","3329","71","1","1","7","8","0","1","1","1","0"
"3330","39190","3330","71","5","1","7","6","0","1","1","1","0"
"3331","39191","3331","81","3","1","7","6","0","1","1","1","0"
"3332","39191","3332","71","1","3","1","6","1","0","1","2","0"
"3333","39200","3333","52","3","1","7","6","0","1","2","1","0"
"3334","39201","3334","72","3","1","7","6","0","1","1","1","0"
"3335","39201","3335","72","1","2","1","6","0","1","1","1","0"
"3336","39205","3336","72","1","1","7","6","1","0","1","2","0"
"3337","39205","3337","36","1","1","7","3","0","1","1","1","0"
"3338","39205","3338","72","1","1","7","6","1","0","1","2","0"
"3339","39205","3339","16","1","1","7","5","0","1","1","1","0"
"3340","39205","3340","71","1","1","2","6","0","1","1","1","0"
"3341","39206","3341","71","1","1","7","5","0","1","1","1","0"
"3342","39206","3342","51","1","1","7","6","1","0","1","2","0"
"3343","39206","3343","18","1","1","7","4","0","1","1","1","0"
"3344","39223","3344","71","1","1","7","6","0","1","1","1","0"
"3345","39256","3345","72","1","1","7","6","0","1","1","1","0"
"3346","39264","3346","72","1","1","7","6","0","1","1","1","0"
"3347","39264","3347","72","1","1","7","6","1","0","1","2","0"