"accident_id","lieu_id","date_id","cause_id","lum_id","intemp_id","etat_surface_id","impliq_id","nb_blesses_graves","nb_blesses_legers","nb_indemnes","gravite","nb_morts"
"4263","40869","4263","72","1","1","7","6","0","1","1","1","0"
"4264","40879","4264","64","1","1","7","3","0","1","1","1","0"
"4265","40883","4265","52","1","1","7","6","0","5","0","1","0"
"4266","40883","4266","64","1","1","7","3","0","1","1","1","0"
"4267","40885","4267","32","1","1","7","6","0","1","1","1","0"
"4268","40886","4268","41","1","1","7","6","0","1","1","1","0"
"4269","40886","4269","65","1","1","7","4","0","1","1","1","0"
"4270","40889","4270","25","2","3","2","6","0","2","1","1","0"
"4271","40889","4271","32","1","1","7","6","0","1","1","1","0"
"4272","40889","4272","51","1","3","2","6","0","1","2","1","0"
"4273","40889","4273","72","1","1","2","3","0","1","1","1","0"
"4274","40889","4274","52","4","3","1","0","0","2","0","1","0"
"4275","40890","4275","81","1","1","7","8","0","1","2","1","0"
"4276","40890","4276","71","1","1","7","6","0","1","1","1","0"
"4277","40907","4277","32","1","1","7","6","0","1","1","1","0"
"4278","40907","4278","28","1","1","7","9","0","1","1","1","0"
"4279","40912","4279","25","1","1","7","6","0","1","1","1","0"
"4280","40918","4280","52","3","1","7","0","0","1","0","1","0"
"4281","40925","4281","71","1","1","7","6","0","1","1","1","0"
"4282","40925","4282","71","1","3","1","6","0","1","1","1","0"
"4283","40926","4283","16","1","1","7","6","0","1","1","1","0"
"4284","40929","4284","63","3","2","1","6","0","1","2","1","0"
"4285","40930","4285","51","3","3","2","3","0","1","1","1","0"
"4286","40930","4286","52","3","1","1","0","0","1","0","1","0"
"4287","40934","4287","72","1","1","7","6","0","1","1","1","0"
"4288","40934","4288","18","1","1","7","6","0","1","2","1","0"
"4289","40936","4289","62","1","1","7","3","0","1","1","1","0"
"4290","40936","4290","81","3","1","7","6","1","0","2","2","0"
"4291","40936","4291","74","3","1","7","6","0","1","1","1","0"
"4292","40936","4292","52","3","2","1","0","0","3","0","1","0"
"4293","40937","4293","51","3","1","7","6","0","1","1","1","0"
"4294","40938","4294","26","1","1","7","2","0","1","1","1","0"
"4295","40938","4295","63","2","3","2","4","0","1","1","1","0"
"4296","40939","4296","51","1","1","7","6","1","0","2","2","0"
"4297","40940","4297","51","1","1","7","6","0","2","3","1","0"
"4298","40940","4298","71","1","1","7","6","1","0","1","2","0"
"4299","40940","4299","23","3","2","2","5","0","2","1","1","0"
"4300","40940","4300","81","3","2","1","0","2","2","0","2","0"
"4301","40941","4301","64","1","1","7","6","0","2","0","1","0"
"4302","40941","4302","71","3","1","7","6","0","1","1","1","0"
"4303","40941","4303","81","3","3","1","6","1","0","1","2","0"
"4304","40941","4304","24","3","1","7","2","0","1","1","1","0"
"4305","40945","4305","64","1","1","7","6","0","1","1","1","0"
"4306","40947","4306","72","1","1","7","8","0","1","1","1","0"
"4307","40947","4307","71","1","1","7","6","0","1","1","1","0"
"4308","40961","4308","81","1","1","7","6","0","1","2","1","0"
"4309","40965","4309","64","1","1","7","1","0","1","1","1","0"
"4310","40973","4310","64","1","1","7","6","0","2","1","1","0"
"4311","40973","4311","61","1","1","7","3","0","1","1","1","0"
"4312","40973","4312","64","1","1","7","6","0","1","2","1","0"
"4313","40989","4313","52","1","1","7","6","0","1","1","1","0"
"4314","40994","4314","75","1","1","7","6","0","1","1","1","0"
"4315","40994","4315","81","1","1","7","1","0","1","1","1","0"
"4316","40995","4316","21","1","1","7","6","0","1","1","1","0"
"4317","40997","4317","72","1","1","7","6","0","1","1","1","0"
"4318","40999","4318","26","1","1","7","1","0","1","1","1","0"
"4319","40999","4319","71","1","1","7","6","0","1","1","1","0"
"4320","41000","4320","81","3","1","7","1","1","1","1","2","0"
"4321","41000","4321","71","5","1","7","6","0","1","1","1","0"
"4322","41002","4322","71","1","1","7","6","1","0","1","2","0"
"4323","41003","4323","81","1","1","7","1","0","1","1","1","0"
"4324","41003","4324","72","1","1","7","6","0","1","1","1","0"
"4325","41013","4325","52","5","1","7","0","0","3","1","1","0"
"4326","41013","4326","52","3","1","7","0","0","1","1","1","0"
"4327","41013","4327","52","1","1","7","6","0","2","0","1","0"
"4328","41013","4328","51","1","3","1","6","0","2","0","1","0"
"4329","41014","4329","52","3","1","7","0","0","1","0","1","0"
"4330","41014","4330","51","1","1","7","6","0","1","1","1","0"
"4331","41014","3118","41","1","1","7","4","0","1","1","1","0"
"4332","41014","4332","18","1","1","7","6","0","1","1","1","0"
"4333","41014","4333","52","3","2","2","0","0","3","0","1","0"
"4334","41014","4334","52","5","1","7","0","0","1","0","1","0"
"4335","41014","4335","51","4","1","7","6","0","2","1","1","0"
"4336","41014","4336","18","2","1","1","6","0","2","2","1","0"
"4337","41014","4337","18","3","1","7","6","0","1","2","1","0"
"4338","41017","4338","72","5","2","1","6","0","1","1","1","0"
"4339","41018","4339","51","3","1","7","3","0","1","1","1","0"
"4340","41018","4340","52","1","1","7","3","0","1","1","1","0"
"4341","41018","4341","51","1","1","7","6","0","1","1","1","0"
"4342","41019","4342","21","3","3","2","6","0","1","1","1","0"
"4343","41021","4343","85","3","1","2","6","1","0","1","2","0"
"4344","41021","4344","52","3","1","1","0","0","1","0","1","0"
"4345","41022","4345","51","1","1","7","6","0","1","1","1","0"
"4346","41022","4346","52","1","3","2","0","1","1","0","2","0"
"4347","41022","4347","52","1","1","7","0","0","1","0","1","0"
"4348","41024","4348","51","1","1","7","6","0","1","1","1","0"
"4349","41024","4349","52","1","1","7","0","0","1","0","1","0"
"4350","41026","4350","52","3","1","2","2","0","1","1","1","0"
"4351","41026","4351","52","3","1","7","0","0","1","0","1","0"
"4352","41028","4352","24","3","1","7","6","0","1","2","1","0"
"4353","41028","4353","52","2","1","2","0","1","0","0","2","0"
"4354","41031","4354","35","5","1","7","6","1","1","3","2","0"
"4355","41031","4355","18","1","3","1","6","0","1","1","1","0"
"4356","41031","4356","52","3","1","7","0","0","1","1","1","0"
"4357","41033","4357","51","5","1","7","6","1","0","1","2","0"
"4358","41036","4358","52","3","1","7","0","0","1","0","1","0"
"4359","41037","4359","41","3","1","7","6","0","1","1","1","0"
"4360","41041","4360","63","1","1","7","4","0","1","0","3","0"
"4361","41042","4361","81","5","1","7","2","0","1","1","1","0"
"4362","41053","4362","41","1","1","7","9","0","1","0","1","0"
"4363","41073","4363","51","1","1","7","7","0","1","2","1","0"
"4364","41078","4364","51","1","1","2","6","0","2","1","1","0"
"4365","41079","4365","72","1","1","7","6","0","1","1","1","0"
"4366","41083","4366","52","1","1","2","0","0","1","0","1","0"
"4367","41083","4367","81","3","1","7","0","0","5","0","1","0"
"4368","41084","4368","18","1","1","7","3","0","1","1","1","0"
"4369","41084","4369","51","2","1","7","6","0","1","1","1","0"
"4370","41109","4370","51","3","1","7","6","0","3","0","1","0"
"4371","41109","4371","11","1","1","7","6","0","2","0","1","0"
"4372","41126","4372","86","1","1","7","6","0","1","2","1","0"
"4373","41129","4373","81","1","1","7","1","0","2","2","1","0"
"4374","41129","4374","52","1","3","2","0","0","1","0","1","0"
"4375","41129","4375","81","3","3","1","5","1","0","1","2","0"
"4376","41130","4376","51","1","1","7","6","0","1","2","1","0"
"4377","41130","4377","72","1","1","7","6","0","1","1","1","0"
"4378","41132","4378","52","1","3","2","6","0","1","1","1","0"
"4379","41132","4379","24","1","1","7","6","0","1","3","1","0"
"4380","41132","4380","81","3","1","1","6","0","1","1","1","0"
"4381","41132","4381","41","5","1","7","6","0","1","1","1","0"
"4382","41132","4382","52","1","2","1","0","0","1","0","1","0"
"4383","41132","4383","51","1","3","2","6","0","2","2","1","0"
"4384","41136","4384","41","5","1","7","6","0","1","1","1","0"
"4385","41137","4385","41","3","7","7","6","0","2","0","1","0"
"4386","41140","4386","72","1","1","2","6","0","1","1","1","0"
"4387","41145","4387","18","1","1","7","4","0","1","1","1","0"
"4388","41152","4388","71","3","1","7","6","1","0","1","2","0"
"4389","41152","4389","72","1","1","7","6","1","0","1","2","0"
"4390","41152","4390","51","1","1","7","6","0","1","1","1","0"
"4391","41163","4391","51","1","3","2","6","0","3","2","1","0"
"4392","41166","4392","72","4","1","7","6","0","1","1","1","0"
"4393","41169","4393","51","1","1","7","6","0","1","1","1","0"
"4394","41169","4394","51","1","3","2","6","0","1","2","1","0"
"4395","41173","4395","52","3","1","7","0","0","2","0","1","0"
"4396","41176","4396","52","3","1","7","0","0","0","0","3","0"
"4397","41186","4397","41","5","1","7","0","0","2","0","1","0"
"4398","41190","4398","14","1","1","7","6","0","1","1","1","0"
"4399","41190","4399","14","5","1","7","6","0","1","2","1","0"
"4400","41191","4400","51","1","1","7","6","1","1","1","2","0"
"4401","41191","4401","52","1","1","1","0","0","1","0","1","0"
"4402","41191","4402","74","1","1","7","6","0","1","1","1","0"
"4403","41191","4403","72","3","2","1","6","0","1","1","1","0"
"4404","41192","4404","26","1","1","7","2","0","1","1","1","0"
"4405","41193","4405","72","1","1","7","6","1","0","1","2","0"
"4406","41194","4406","72","1","1","7","6","0","1","1","1","0"
"4407","41194","4407","81","3","1","7","0","1","0","0","2","0"
"4408","41195","4408","26","1","1","7","2","1","1","0","2","0"
"4409","41202","4409","62","1","1","7","2","0","1","1","1","0"
"4410","41202","4410","51","1","1","7","2","0","1","1","1","0"
"4411","41203","4411","72","1","1","7","6","0","1","1","1","0"
"4412","41207","4412","52","3","1","2","0","0","2","0","1","0"
"4413","41207","4413","51","1","1","7","6","0","2","2","1","0"
"4414","41211","4414","71","1","1","7","6","0","1","1","1","0"
"4415","41211","4415","72","1","1","7","6","0","1","1","1","0"
"4416","41212","4416","71","1","1","7","6","0","1","1","1","0"
"4417","41234","4417","52","2","1","2","6","0","1","1","1","0"
"4418","41234","4418","51","3","1","7","6","0","2","1","1","0"
"4419","41234","4419","51","3","1","7","6","0","2","0","1","0"
"4420","41234","4420","81","3","3","1","0","0","1","0","1","0"
"4421","41235","4421","52","3","1","7","0","0","1","0","1","0"
"4422","41235","4422","28","1","1","7","6","1","0","0","3","0"
"4423","41235","4423","15","3","1","7","4","0","1","1","1","0"
"4424","41236","4424","41","3","1","7","6","0","1","2","1","0"
"4425","41236","4425","41","1","1","7","4","0","1","1","1","0"
"4426","41236","4426","35","1","1","7","6","0","1","1","1","0"
"4427","41236","4427","35","1","1","7","6","0","2","1","1","0"
"4428","41236","4428","35","1","3","2","6","0","1","2","1","0"
"4429","41236","4429","41","3","1","7","6","0","2","0","1","0"
"4430","41236","4430","51","3","1","7","6","0","1","2","1","0"
"4431","41236","4431","81","3","1","1","0","0","1","1","1","0"
"4432","41236","4432","52","1","1","3","6","0","1","2","1","0"
"4433","41236","4433","81","3","1","7","6","2","1","0","2","0"
"4434","41236","4434","52","3","1","7","0","0","1","1","1","0"
"4435","41236","4435","51","1","1","7","6","0","1","1","1","0"
"4436","41236","4436","52","1","1","7","0","0","2","0","1","0"
"4437","41236","4437","52","2","1","5","0","0","1","0","1","0"
"4438","41237","4438","41","1","1","7","6","0","1","1","1","0"
"4439","41237","4439","52","3","3","2","0","0","1","0","1","0"
"4440","41237","4440","52","3","1","7","0","0","1","0","1","0"
"4441","41237","4441","41","1","1","7","6","0","1","1","1","0"
"4442","41239","4442","52","3","3","2","0","0","3","0","1","0"
"4443","41239","4443","51","1","1","7","6","0","1","1","1","0"
"4444","41239","4444","81","3","1","7","6","0","1","2","1","0"
"4445","41239","4445","52","1","1","7","0","0","1","0","1","0"
"4446","41239","4446","41","5","1","7","6","0","3","4","1","0"
"4447","41239","4447","52","3","3","1","0","0","1","0","1","0"
"4448","41239","4448","51","1","3","2","6","0","1","3","1","0"
"4449","41241","4449","21","1","1","7","4","0","2","0","1","0"
"4450","41252","4450","51","3","1","7","6","0","2","2","1","0"
"4451","41252","4451","81","3","3","1","2","0","1","1","1","0"
"4452","41253","4452","11","3","1","7","6","0","1","2","1","0"
"4453","41253","4453","11","2","3","2","5","0","2","0","1","0"
"4454","41254","4454","24","1","1","7","6","0","1","1","1","0"
"4455","41254","4455","18","1","1","7","7","0","1","2","1","0"
"4456","41254","4456","52","3","3","1","0","0","2","1","1","0"
"4457","41256","4457","13","1","1","7","5","0","2","1","1","0"
"4458","41257","4458","52","3","1","6","0","0","1","0","1","0"
"4459","41258","4459","52","3","3","2","0","0","1","0","1","0"
"4460","41261","4460","73","1","1","7","6","1","0","1","2","0"
"4461","41276","4461","11","1","1","7","6","0","2","1","1","0"
"4462","41279","4462","53","1","1","7","6","0","1","2","1","0"
"4463","41279","4463","52","1","1","3","0","0","1","0","1","0"
"4464","41279","4464","52","3","4","3","6","0","4","0","1","0"
"4465","41279","4465","52","5","1","4","0","0","1","0","1","0"
"4466","41282","4466","51","1","1","7","6","0","1","1","1","0"
"4467","41282","4467","52","1","1","2","0","0","1","0","1","0"
"4468","41288","4468","26","1","1","7","2","0","1","1","1","0"
"4469","41297","4469","52","1","1","2","0","0","0","0","3","0"
"4470","41299","4470","71","1","3","2","6","0","0","1","3","0"
"4471","41300","4471","22","1","1","7","7","0","1","1","1","0"
"4472","41306","4472","51","3","1","7","6","0","1","4","1","0"
"4473","41307","4473","18","1","1","7","7","0","1","2","1","0"
"4474","41308","4474","72","1","1","7","6","1","0","1","2","0"
"4475","41320","4475","52","3","4","3","0","0","1","0","1","0"
"4476","41321","4476","21","3","1","7","6","0","1","2","1","0"
"4477","41322","4477","72","1","1","7","6","0","1","1","1","0"
"4478","41335","4478","24","3","1","1","2","0","1","1","1","0"
"4479","41335","4479","74","1","1","7","6","1","0","1","2","0"
"4480","41360","4480","21","1","4","3","6","0","1","1","1","0"
"4481","41370","4481","52","1","1","7","0","0","1","1","1","0"
"4482","41373","4482","36","1","3","2","6","0","2","1","1","0"
"4483","41373","4483","36","1","1","1","6","0","1","1","1","0"
"4484","41374","4484","52","1","3","1","8","0","1","1","1","0"
"4485","41383","4485","52","3","3","2","0","0","2","0","1","0"
"4486","41383","4486","11","1","1","7","6","0","1","1","1","0"
"4487","41383","4487","51","1","1","1","6","0","1","1","1","0"
"4488","41383","4488","11","3","1","7","2","0","1","1","1","0"
"4489","41383","4489","21","3","3","1","7","0","1","2","1","0"
"4490","41383","4490","52","1","3","2","2","0","1","1","1","0"
"4491","41390","4491","72","3","1","2","6","0","1","1","1","0"
"4492","41390","4492","62","1","1","7","2","1","0","1","2","0"
"4493","41403","4493","21","3","2","1","6","0","2","0","1","0"
"4494","41406","4494","51","3","1","7","6","0","1","1","1","0"
"4495","41417","4495","72","1","3","1","6","0","1","1","1","0"
"4496","41417","4496","52","3","1","7","0","0","1","1","1","0"
"4497","41417","4497","52","1","1","7","0","0","1","0","1","0"
"4498","41421","4498","36","1","3","2","6","0","3","0","1","0"
"4499","41421","4499","21","2","3","1","6","0","2","0","1","0"
"4500","41421","4500","52","5","1","7","6","1","0","1","2","0"
"4501","41422","4501","21","1","1","2","6","1","3","0","2","0"
"4502","41422","4502","81","3","1","7","6","0","1","2","1","0"
"4503","41422","4503","72","1","1","1","6","0","1","1","1","0"
"4504","41422","4504","72","3","1","7","6","0","0","1","3","0"
"4505","41422","4505","36","1","1","7","6","0","2","1","1","0"
"4506","41422","4506","72","1","1","7","6","0","1","1","1","0"
"4507","41422","4507","21","2","1","7","6","0","1","2","1","0"
"4508","41422","4508","51","1","1","7","5","0","1","1","1","0"
"4509","41422","4509","18","1","1","7","5","0","1","1","1","0"
"4510","41422","4510","52","2","3","2","6","0","2","1","1","0"
"4511","41422","4511","51","3","3","2","6","0","2","0","1","0"
"4512","41424","4512","51","2","1","7","6","0","1","2","1","0"
"4513","41425","4513","41","1","1","7","6","0","2","1","1","0"
"4514","41425","4514","64","1","1","7","3","0","1","1","1","0"
"4515","41425","4515","52","5","1","7","0","0","2","1","1","0"
"4516","41425","4516","36","1","1","2","3","0","1","1","1","0"
"4517","41425","4517","52","3","3","2","0","0","3","0","1","0"
"4518","41427","4518","53","1","1","7","6","0","1","2","1","0"
"4519","41427","4519","72","3","3","2","6","0","1","2","1","0"
"4520","41445","4520","41","1","1","7","6","0","1","1","1","0"
"4521","41448","4521","72","1","1","7","6","0","1","1","1","0"
"4522","41454","4522","63","1","1","7","5","0","1","1","1","0"
"4523","41454","4523","51","1","1","2","6","0","1","2","1","0"
"4524","41454","4524","51","3","1","7","3","0","1","1","1","0"
"4525","41454","4525","72","3","2","2","6","1","0","1","2","0"
"4526","41455","4526","71","1","1","7","6","0","1","1","1","0"
"4527","41456","4527","72","2","2","2","6","0","1","1","1","0"
"4528","41460","4528","72","1","1","7","6","0","1","1","1","0"
"4529","41460","4529","72","1","1","7","6","0","1","1","1","0"
"4530","41462","4530","72","1","1","7","6","0","1","1","1","0"
"4531","41462","4531","72","1","1","7","6","0","1","1","1","0"
"4532","41462","4532","51","1","1","7","6","0","1","2","1","0"
"4533","41470","4533","52","2","1","7","0","0","1","0","1","0"
"4534","41474","4534","53","1","1","7","0","0","0","0","3","0"
"4535","41477","4535","52","1","1","1","0","0","1","0","1","0"
"4536","41508","4536","72","1","1","7","6","0","1","1","1","0"
"4537","41509","4537","51","1","1","7","3","0","1","1","1","0"
"4538","41509","4538","71","1","2","1","6","1","0","1","2","0"
"4539","41521","4539","71","1","1","7","6","0","1","1","1","0"
"4540","41531","4540","71","3","1","7","5","1","1","0","2","0"
"4541","41531","4541","20","1","1","7","6","0","1","1","1","0"
"4542","41531","4542","81","3","1","7","6","0","2","0","1","0"
"4543","41532","4543","51","1","3","2","6","0","1","2","1","0"
"4544","41532","4544","71","1","1","7","6","0","1","2","1","0"
"4545","41537","4545","72","1","1","7","6","0","1","1","1","0"
"4546","41540","4546","72","1","1","7","6","0","1","1","1","0"
"4547","41544","4547","41","1","1","7","6","0","1","1","1","0"
"4548","41544","4548","26","1","1","7","2","0","1","1","1","0"
"4549","41554","4549","26","1","1","7","2","0","1","1","1","0"
"4550","41554","4550","72","1","1","7","6","0","1","1","1","0"
"4551","41554","4551","71","1","1","7","6","0","1","1","1","0"
"4552","41555","4552","72","1","1","7","6","0","1","1","1","0"
"4553","41566","4553","51","1","3","2","6","0","1","1","1","0"
"4554","41576","4554","72","1","1","7","6","0","1","1","1","0"
"4555","41576","4555","72","1","1","7","6","0","1","1","1","0"
"4556","41576","4556","52","1","1","7","0","0","3","0","1","0"
"4557","41576","4557","63","3","1","2","6","0","1","1","1","0"
"4558","41576","4558","52","1","1","7","6","1","3","0","2","0"
"4559","41576","4559","52","3","3","1","6","0","1","1","1","0"
"4560","41576","4560","71","3","7","7","6","0","1","1","1","0"
"4561","41576","4561","71","3","1","2","6","1","0","1","2","0"
"4562","41577","4562","72","1","1","7","6","0","1","1","1","0"
"4563","41577","4563","72","1","1","7","6","0","1","1","1","0"
"4564","41578","4564","64","1","1","7","6","0","1","1","1","0"
"4565","41579","4565","51","1","1","7","6","0","1","1","1","0"
"4566","41593","4566","41","3","1","7","4","0","1","1","1","0"
"4567","41593","4567","51","1","1","7","7","0","1","1","1","0"
"4568","41593","4568","72","3","1","7","6","0","1","1","1","0"
"4569","41598","4378","52","1","3","2","6","0","1","1","1","0"
"4570","41598","4570","81","3","1","7","6","0","0","2","3","0"
"4571","41598","4571","71","2","1","7","6","1","0","1","2","0"
"4572","41598","4572","51","5","1","7","6","0","1","2","1","0"
"4573","41598","4573","51","1","1","7","6","0","1","1","1","0"
"4574","41598","4574","16","1","1","7","6","0","6","0","1","0"
"4575","41598","4575","51","1","1","7","6","0","1","2","1","0"
"4576","41598","4576","72","3","3","2","6","1","0","1","2","0"
"4577","41599","4577","51","1","1","7","6","0","1","2","1","0"
"4578","41599","4578","52","1","1","7","0","0","1","0","1","0"
"4579","41599","4579","18","3","1","7","6","0","3","1","1","0"
"4580","41599","4580","72","3","1","7","6","1","0","1","2","0"
"4581","41599","467","51","1","1","7","6","0","3","2","1","0"
"4582","41599","4582","18","1","1","7","6","0","1","1","1","0"
"4583","41599","4583","81","3","3","1","2","1","0","1","2","0"
"4584","41599","4584","51","1","3","2","6","0","1","2","1","0"
"4585","41599","4585","18","1","1","7","7","0","1","2","1","0"
"4586","41599","4586","51","1","1","2","6","0","3","1","1","0"
"4587","41599","4587","51","1","1","2","6","0","2","1","1","0"
"4588","41599","4588","51","3","1","7","6","0","1","0","1","0"
"4589","41600","4589","72","1","1","7","6","1","0","1","2","0"
"4590","41600","4590","52","3","1","7","0","0","1","0","1","0"
"4591","41600","4591","71","3","2","2","6","0","1","1","1","0"
"4592","41602","4592","51","1","1","7","6","0","1","3","1","0"
"4593","41602","4593","51","1","1","7","6","0","2","1","1","0"
"4594","41602","4594","81","3","1","7","1","1","0","1","2","0"
"4595","41605","4595","71","1","1","7","6","0","1","1","1","0"
"4596","41605","4596","26","1","1","7","2","0","1","1","1","0"
"4597","41610","4597","72","1","1","7","6","0","1","1","1","0"
"4598","41617","4598","18","1","1","7","6","0","1","1","1","0"
"4599","41617","4599","28","1","1","7","6","0","1","1","1","0"
"4600","41617","4600","81","3","1","7","6","0","1","1","3","0"
"4601","41617","4601","72","1","1","7","6","0","1","1","1","0"
"4602","41617","4602","22","1","1","7","6","1","0","1","2","0"
"4603","41617","4603","51","5","1","7","6","0","2","1","1","0"
"4604","41617","4604","51","1","2","1","6","0","3","3","1","0"
"4605","41617","4605","51","1","1","7","6","0","1","2","1","0"
"4606","41617","4606","51","1","1","7","6","0","2","2","1","0"
"4607","41617","4607","18","1","1","7","7","0","1","1","1","0"
"4608","41617","4608","51","1","3","2","6","0","1","2","1","0"
"4609","41617","4609","51","1","3","2","6","0","2","2","1","0"
"4610","41620","4610","32","1","1","7","6","0","1","1","1","0"
"4611","41629","4611","72","1","1","7","6","0","2","1","1","0"
"4612","41630","4612","72","1","1","7","6","0","1","1","1","0"
"4613","41630","4613","72","1","1","7","6","0","1","1","1","0"
"4614","41630","4614","72","1","1","7","6","0","1","1","1","0"
"4615","41632","4615","52","3","1","7","0","0","1","0","1","0"
"4616","41632","4616","21","3","3","2","6","0","2","0","1","0"
"4617","41632","4617","72","3","1","7","6","0","1","1","1","0"
"4618","41632","4618","72","3","1","7","6","0","0","1","3","0"
"4619","41632","4619","72","5","1","7","6","0","1","1","1","0"
"4620","41633","4620","51","2","1","7","6","0","2","0","1","0"
"4621","41635","4621","71","3","1","7","6","0","1","1","1","0"
"4622","41635","4622","72","1","1","7","6","0","1","1","1","0"
"4623","41636","4623","72","1","1","7","6","0","1","1","1","0"
"4624","41641","4624","71","1","1","7","6","1","0","1","2","0"
"4625","41642","4625","52","1","1","7","0","0","1","0","1","0"
"4626","41643","4626","51","3","2","2","6","0","1","5","1","0"
"4627","41646","4627","18","1","1","7","5","0","0","1","3","0"
"4628","41648","4628","52","1","4","3","0","0","4","0","1","0"
"4629","41648","3163","52","5","1","7","0","0","1","0","1","0"
"4630","41652","4630","23","1","1","2","6","0","1","1","1","0"
"4631","41657","4631","52","1","1","7","0","0","1","0","1","0"
"4632","41657","4632","22","1","1","7","5","1","0","1","2","0"
"4633","41659","4633","21","1","1","7","4","0","2","0","1","0"
"4634","41659","4634","52","1","1","7","7","0","1","1","1","0"
"4635","41659","4635","52","3","3","2","0","0","1","0","1","0"
"4636","41663","4636","52","5","1","7","0","1","1","0","2","0"
"4637","41664","4637","52","1","1","7","6","0","1","1","1","0"
"4638","41670","4638","18","3","1","7","6","0","1","1","1","0"
"4639","41670","4639","81","3","1","7","0","1","0","0","2","0"
"4640","41672","4640","51","5","3","1","4","0","1","1","1","0"
"4641","41672","4641","18","1","1","7","5","0","1","1","1","0"
"4642","41673","4642","26","1","1","7","2","0","1","1","1","0"
"4643","41673","4643","26","4","3","1","2","1","0","1","2","0"
"4644","41676","4644","22","1","3","2","6","2","3","1","2","0"
"4645","41676","4645","14","1","1","7","6","0","1","2","1","0"
"4646","41676","4646","51","1","1","7","6","0","1","1","1","0"
"4647","41676","4647","18","3","1","7","6","0","1","1","1","0"
"4648","41678","4648","51","1","1","2","6","0","1","2","1","0"
"4649","41678","4649","41","1","1","7","3","0","2","0","1","0"
"4650","41678","4650","41","1","1","7","6","0","1","2","1","0"
"4651","41678","4651","51","1","1","7","6","0","3","0","1","0"
"4652","41678","4652","51","1","1","7","6","0","1","1","1","0"
"4653","41678","4653","51","1","1","7","6","0","1","1","1","0"
"4654","41678","4654","51","1","2","2","6","0","1","2","1","0"
"4655","41680","4655","51","1","3","2","5","0","1","1","1","0"
"4656","41681","4656","81","3","1","7","0","0","1","0","1","0"
"4657","41682","4657","41","3","3","2","6","0","2","1","1","0"
"4658","41683","4658","51","1","1","7","6","0","1","2","1","0"
"4659","41683","4659","41","1","1","7","6","0","1","1","1","0"
"4660","41683","4660","18","2","3","2","6","0","2","1","1","0"
"4661","41683","4661","81","3","1","7","0","0","3","0","1","0"
"4662","41683","4662","18","1","1","7","7","0","1","1","1","0"
"4663","41683","4663","51","1","3","1","6","0","1","3","1","0"
"4664","41683","4664","72","3","1","7","6","1","0","1","2","0"
"4665","41683","4665","51","1","1","7","6","0","1","3","1","0"
"4666","41683","4666","81","3","1","7","6","0","1","0","3","0"
"4667","41683","4667","72","1","1","7","6","1","1","1","2","0"
"4668","41683","4668","51","1","1","7","6","0","1","1","1","0"
"4669","41690","4669","51","1","3","2","6","0","2","2","1","0"
"4670","41690","4670","41","3","1","7","6","1","1","0","3","0"
"4671","41690","4671","51","3","2","2","6","0","3","0","1","0"
"4672","41690","4672","18","1","1","7","7","0","1","3","1","0"
"4673","41690","4673","18","1","1","7","7","0","1","2","1","0"
"4674","41690","4674","51","1","3","1","6","0","2","3","1","0"
"4675","41691","4675","51","3","1","7","6","0","1","1","1","0"
"4676","41691","4676","52","3","1","7","0","0","1","0","1","0"
"4677","41695","4677","81","3","1","7","6","0","1","4","1","0"
"4678","41695","4678","82","1","1","7","0","1","0","1","2","0"
"4679","41699","4679","51","4","1","7","6","0","1","1","1","0"
"4680","41699","4680","52","1","1","7","6","0","1","1","1","0"
"4681","41700","4681","16","3","1","7","6","0","3","0","1","0"
"4682","41700","4682","16","3","1","7","6","0","2","1","1","0"
"4683","41700","4683","16","3","2","2","6","0","2","1","1","0"
"4684","41700","4684","16","1","1","7","6","0","1","2","1","0"
"4685","41701","4685","21","3","1","7","6","0","1","1","1","0"
"4686","41701","4686","51","1","3","1","6","0","1","4","1","0"
"4687","41713","4687","24","1","1","7","2","0","1","1","1","0"
"4688","41714","4688","74","3","1","7","6","0","0","1","3","0"
"4689","41721","4689","53","1","1","7","6","0","1","2","1","0"
"4690","41721","4690","72","1","3","2","6","1","0","2","2","0"
"4691","41725","4691","63","1","3","2","5","0","1","1","1","0"
"4692","41725","4692","23","1","3","1","6","0","3","1","1","0"
"4693","41726","4693","72","3","3","2","6","1","0","1","2","0"
"4694","41726","4694","52","4","2","1","2","0","2","0","1","0"
"4695","41742","4695","72","3","3","1","6","0","1","1","1","0"
"4696","41742","4696","61","1","1","7","3","0","1","2","1","0"
"4697","41742","4697","51","3","1","7","6","0","1","0","1","0"
"4698","41742","4698","81","1","1","7","5","0","1","1","1","0"
"4699","41744","4699","52","5","1","4","2","0","1","1","1","0"
"4700","41744","4700","21","1","1","7","6","0","2","0","1","0"
"4701","41744","4701","14","5","1","1","6","0","1","1","1","0"
"4702","41745","4702","21","5","1","7","4","0","1","1","1","0"
"4703","41748","4703","52","1","3","2","2","0","2","1","1","0"
"4704","41755","4704","73","1","1","7","8","1","0","1","2","0"
"4705","41755","4705","32","1","1","7","2","0","1","2","1","0"
"4706","41763","4706","52","1","1","7","7","0","1","1","1","0"
"4707","41763","4707","52","1","3","1","6","0","1","1","1","0"
"4708","41763","4708","71","1","3","1","6","0","1","1","1","0"
"4709","41773","4709","61","1","1","7","3","0","1","1","1","0"
"4710","41773","4710","72","1","1","7","6","0","1","1","1","0"
"4711","41775","4711","25","5","1","7","6","1","0","1","2","0"
"4712","41777","4712","20","3","1","7","2","0","2","1","1","0"
"4713","42002","4713","52","1","1","7","0","2","0","0","2","0"
"4714","42002","4714","52","1","1","7","6","1","0","3","2","0"
"4715","42002","4715","21","1","1","7","4","0","0","1","3","0"
"4716","42023","4716","52","1","1","1","0","0","1","1","3","0"
"4717","42025","4717","52","1","1","7","0","0","2","0","1","0"
"4718","42031","4718","64","1","1","7","6","0","1","1","1","0"
"4719","42036","4719","64","1","1","7","6","0","1","1","1","0"
"4720","42044","4720","72","1","1","7","6","0","1","1","1","0"