"accident_id","lieu_id","date_id","cause_id","lum_id","intemp_id","etat_surface_id","impliq_id","nb_blesses_graves","nb_blesses_legers","nb_indemnes","gravite","nb_morts"
"4721","42078","4721","26","1","1","7","1","0","1","1","1","0"
"4722","42078","4722","61","1","1","7","3","0","1","1","1","0"
"4723","42081","4723","71","1","1","7","6","0","2","0","1","0"
"4724","42120","4724","71","5","3","1","6","0","0","1","3","0"
"4725","42123","4725","67","1","1","7","6","1","0","1","2","0"
"4726","42123","4726","27","3","3","2","0","1","0","0","2","0"
"4727","42123","4727","52","1","1","7","0","0","1","0","1","0"
"4728","42124","4728","52","3","3","2","0","0","2","0","1","0"
"4729","42124","4729","67","3","1","7","6","0","1","1","1","0"
"4730","42135","4730","52","1","7","1","0","0","1","0","1","0"
"4731","42138","4731","52","3","1","1","0","0","1","0","1","0"
"4732","42139","4732","52","1","1","2","0","0","1","0","1","0"
"4733","42139","4733","52","4","1","7","0","1","0","0","2","0"
"4734","42139","4734","52","1","1","7","6","0","1","1","1","0"
"4735","42139","4735","21","1","1","7","6","1","0","1","2","0"
"4736","42140","4736","52","1","1","7","0","2","0","0","2","0"
"4737","42141","4737","52","1","1","7","0","0","1","0","1","0"
"4738","42141","4738","52","1","3","1","0","0","1","0","1","0"
"4739","42141","4739","21","1","1","1","6","0","2","0","1","0"
"4740","42141","4740","52","1","1","1","5","0","1","1","1","0"
"4741","42141","4741","52","1","1","3","0","1","0","0","2","0"
"4742","42157","4742","52","1","1","7","0","1","0","0","2","0"
"4743","42168","4743","72","3","1","7","6","0","1","1","1","0"
"4744","42175","4744","21","1","1","1","6","0","1","1","1","0"
"4745","42180","4745","72","1","3","2","6","1","0","1","2","0"
"4746","42194","4746","81","3","1","1","1","1","0","1","2","0"
"4747","42196","4747","72","1","1","7","6","1","0","1","2","0"
"4748","42205","4748","52","1","3","1","6","0","2","1","1","0"
"4749","42221","4749","27","3","3","2","0","0","1","0","1","0"
"4750","42222","4750","51","1","1","7","6","0","1","1","1","0"
"4751","42244","4751","72","1","1","7","6","0","1","1","1","0"
"4752","42245","4752","25","1","2","2","7","1","0","1","2","0"
"4753","42245","4753","86","4","1","7","0","0","2","0","1","0"
"4754","42245","4754","52","5","3","1","0","0","1","0","1","0"
"4755","42248","4755","67","2","1","7","6","1","0","1","2","0"
"4756","42252","4756","52","1","1","7","0","0","1","1","1","0"
"4757","42254","4757","21","1","3","5","6","0","1","1","1","0"
"4758","42254","4758","21","1","1","1","6","0","1","1","1","0"
"4759","42259","4759","52","3","6","2","0","0","1","0","1","0"
"4760","42264","4760","52","1","1","7","0","0","1","0","1","0"
"4761","42264","4761","63","1","1","7","6","2","0","2","2","0"
"4762","42266","4762","64","3","1","7","6","0","3","0","1","0"
"4763","42293","4763","52","1","1","7","6","0","1","3","1","0"
"4764","42357","4764","36","1","3","1","6","0","1","1","1","0"
"4765","42364","4765","51","1","1","7","4","0","2","0","1","0"
"4766","42366","4766","23","1","1","7","4","0","1","1","1","0"
"4767","42947","4767","21","1","1","7","6","1","1","1","2","0"
"4768","42958","4768","28","2","1","2","0","0","1","0","1","0"
"4769","42960","4769","52","2","1","7","6","0","2","0","1","0"
"4770","42960","4770","11","1","1","7","6","0","2","0","1","0"
"4771","42960","4771","51","1","1","7","6","0","1","1","1","0"
"4772","42960","4772","11","3","7","7","6","0","1","2","1","0"
"4773","42960","4773","82","1","1","7","3","0","1","1","1","0"
"4774","42962","4774","26","1","1","7","2","1","0","1","2","0"
"4775","42962","4775","36","3","1","7","6","0","1","0","1","0"
"4776","42962","4776","25","1","1","7","6","0","1","1","1","0"
"4777","42963","4777","52","1","2","1","0","1","1","0","2","0"
"4778","42965","4778","51","3","1","7","0","0","1","0","1","0"
"4779","42965","4779","81","3","1","7","7","1","0","1","2","0"
"4780","42973","4780","81","3","1","7","6","0","1","1","1","0"
"4781","42973","4781","22","1","1","7","4","0","1","1","1","0"
"4782","42973","4782","26","1","1","7","2","1","0","1","2","0"
"4783","42973","4783","72","1","1","7","6","0","1","1","1","0"
"4784","42973","4784","72","1","1","7","6","0","1","1","1","0"
"4785","42973","4785","72","1","1","7","6","0","1","1","1","0"
"4786","42973","4786","72","1","1","7","6","1","0","1","2","0"
"4787","42973","4787","72","1","1","7","6","1","0","1","2","0"
"4788","42973","874","51","1","1","7","6","0","2","2","1","0"
"4789","42973","4789","81","3","1","7","6","0","2","0","1","0"
"4790","42975","4790","25","3","1","7","6","0","1","0","1","0"
"4791","42978","4791","51","1","1","7","3","0","1","1","1","0"
"4792","42980","4792","25","3","1","7","6","0","3","1","1","0"
"4793","42982","4793","51","1","1","7","6","0","1","1","1","0"
"4794","42985","4794","28","3","1","7","6","0","1","1","1","0"
"4795","42986","4795","26","1","1","7","1","1","0","1","2","0"
"4796","42993","4796","72","1","1","6","4","0","2","0","1","0"
"4797","42997","4797","64","2","1","7","4","1","0","1","2","0"
"4798","42998","4798","32","5","3","1","6","0","1","1","1","0"
"4799","43000","4799","25","3","1","7","7","1","0","1","2","0"
"4800","43001","4800","63","1","1","7","6","0","1","2","1","0"
"4801","43021","4801","72","1","1","7","6","1","0","1","2","0"
"4802","43021","4802","72","1","1","7","6","0","1","1","1","0"
"4803","43024","4803","72","1","1","7","6","0","1","1","1","0"
"4804","43032","4804","72","1","1","7","3","0","2","0","1","0"
"4805","43032","4805","72","1","3","1","6","1","0","1","2","0"
"4806","43038","4806","21","1","1","7","6","0","1","3","1","0"
"4807","43054","4807","26","1","1","7","1","0","1","1","1","0"
"4808","43084","4808","63","1","1","7","4","0","1","1","1","0"
"4809","43085","4809","61","1","1","7","3","0","1","1","1","0"
"4810","43085","4810","34","1","1","7","6","1","2","0","2","0"
"4811","43086","4811","25","1","1","7","6","1","0","1","2","0"
"4812","43089","4812","71","1","1","7","5","0","1","1","1","0"
"4813","43089","4813","61","1","1","7","4","0","1","1","1","0"
"4814","43089","4814","23","1","1","7","6","0","2","1","1","0"
"4815","43093","4815","26","1","1","7","2","0","0","1","0","0"
"4816","43095","4816","71","1","1","7","4","0","1","1","1","0"
"4817","43095","4817","51","1","1","7","6","0","1","1","1","0"
"4818","43095","4818","71","1","1","7","6","0","1","1","1","0"
"4819","43095","4819","51","1","1","7","6","0","1","3","1","0"
"4820","43096","2544","71","3","1","7","6","0","0","1","3","0"
"4821","43096","4821","25","1","1","7","7","0","1","1","1","0"
"4822","43096","4822","25","3","1","7","6","0","2","0","1","0"
"4823","43097","4823","23","1","1","7","5","0","1","1","1","0"
"4824","43097","4824","81","3","1","7","0","0","2","0","1","0"
"4825","43099","4825","61","1","1","7","3","0","1","1","1","0"
"4826","43099","4826","27","1","1","7","4","0","1","0","1","0"
"4827","43099","4827","51","1","1","2","6","0","2","2","1","0"
"4828","43101","4828","64","3","1","7","5","0","2","1","1","0"
"4829","43101","4829","26","1","1","7","1","0","1","1","1","0"
"4830","43101","4830","52","1","1","7","0","0","1","0","1","0"
"4831","43101","4831","51","1","1","7","3","0","1","1","1","0"
"4832","43102","4832","51","1","1","7","3","0","1","1","1","0"
"4833","43102","4833","67","1","1","7","5","0","1","1","1","0"
"4834","43102","4834","51","1","1","7","4","0","1","1","1","0"
"4835","43102","4835","52","3","3","2","6","0","1","0","3","0"
"4836","43102","4836","32","1","1","7","6","0","1","1","1","0"
"4837","43102","4837","71","1","1","7","6","0","1","1","1","0"
"4838","43102","4838","52","2","1","7","7","0","2","1","1","0"
"4839","43102","4839","23","1","1","7","4","0","1","1","1","0"
"4840","43103","4840","71","1","1","7","6","1","0","1","2","0"
"4841","43103","4841","72","1","1","7","6","0","1","1","1","0"
"4842","43104","4841","71","1","1","7","6","0","1","1","1","0"
"4843","43105","4843","71","1","1","7","6","0","1","1","1","0"
"4844","43105","4535","52","1","1","4","2","0","2","0","1","0"
"4845","43106","4845","11","1","1","7","6","0","1","1","1","0"
"4846","43107","4846","52","1","1","7","4","0","2","1","1","0"
"4847","43107","4847","71","3","1","7","6","0","1","1","1","0"
"4848","43108","4848","72","2","1","7","6","0","1","1","1","0"
"4849","43108","4849","32","3","1","7","6","0","1","1","1","0"
"4850","43110","4850","51","2","1","7","6","0","1","1","1","0"
"4851","43110","4851","21","1","1","7","6","0","1","1","1","0"
"4852","43113","4852","23","1","1","7","5","1","0","1","2","0"
"4853","43114","4853","24","1","1","7","2","0","1","1","1","0"
"4854","43115","4854","81","1","1","7","6","1","0","1","2","0"
"4855","43115","4855","64","1","1","7","7","0","1","1","1","0"
"4856","43115","4856","51","1","1","7","6","0","1","1","1","0"
"4857","43115","4857","64","1","1","7","6","0","1","1","1","0"
"4858","43115","4858","23","1","1","7","4","1","0","1","2","0"
"4859","43116","4859","26","1","3","2","2","0","1","1","1","0"
"4860","43117","4860","18","3","1","7","4","0","1","2","1","0"
"4861","43117","4861","71","1","1","7","6","0","1","1","1","0"
"4862","43117","4862","71","1","1","7","6","0","1","1","1","0"
"4863","43148","4863","64","1","1","7","6","0","1","1","1","0"
"4864","43149","4864","52","3","3","1","0","0","1","0","1","0"
"4865","43151","4865","71","3","3","1","6","0","1","1","1","0"
"4866","43151","4866","74","1","3","2","6","0","1","1","1","0"
"4867","43151","4867","71","1","1","7","6","0","1","1","1","0"
"4868","43151","4868","71","1","1","7","6","1","0","1","2","0"
"4869","43156","4869","25","3","1","7","8","0","2","1","1","0"
"4870","43156","4870","51","1","1","7","6","1","0","1","2","0"
"4871","43156","4871","64","1","1","7","5","0","1","1","1","0"
"4872","43156","4872","64","3","1","7","5","0","1","0","1","0"
"4873","43156","4873","52","3","1","7","0","0","1","0","1","0"
"4874","43157","4874","51","3","1","7","7","1","0","1","2","0"
"4875","43157","4875","52","1","1","7","0","0","0","0","3","0"
"4876","43157","4876","71","3","2","1","6","0","1","1","1","0"
"4877","43157","4877","71","1","1","7","6","0","1","1","1","0"
"4878","43157","4878","52","3","3","1","9","0","1","0","1","0"
"4879","43161","4879","81","1","1","7","0","0","1","0","1","0"
"4880","43161","4880","25","1","1","7","0","0","0","0","3","0"
"4881","43161","4881","61","1","1","7","3","0","1","1","1","0"
"4882","43164","4882","71","1","1","7","6","0","1","1","1","0"
"4883","43165","4883","52","1","1","7","7","0","1","0","1","0"
"4884","43173","4884","25","1","1","7","7","0","1","1","1","0"
"4885","43177","4885","21","1","1","7","6","0","1","0","1","0"
"4886","43190","4886","51","1","1","7","6","0","1","1","1","0"
"4887","43190","4887","35","1","1","7","3","0","1","1","1","0"
"4888","43190","4888","23","3","3","1","6","0","1","2","1","0"
"4889","43190","4889","53","1","1","7","6","0","1","1","1","0"
"4890","43193","4890","35","1","1","2","3","0","1","1","1","0"
"4891","43207","4891","52","3","1","7","6","0","1","0","1","0"
"4892","43210","4892","52","3","7","7","0","0","1","0","1","0"
"4893","43212","4893","17","1","1","7","2","0","1","1","1","0"
"4894","43212","4894","36","3","1","7","4","0","1","1","1","0"
"4895","43212","4895","72","1","1","7","6","0","1","1","1","0"
"4896","43212","4896","71","1","3","1","6","0","1","1","1","0"
"4897","43214","4897","21","3","1","7","6","1","0","1","2","0"
"4898","43214","4898","52","1","1","7","0","0","2","0","1","0"
"4899","43214","4899","36","3","1","7","6","0","1","3","1","0"
"4900","43231","4900","67","1","1","7","4","0","1","1","1","0"
"4901","43232","4901","99","5","7","7","4","0","2","0","1","0"
"4902","43232","4902","82","1","1","7","0","0","1","0","1","0"
"4903","43232","4903","53","1","1","7","2","0","2","0","1","0"
"4904","43232","4904","72","3","1","7","6","0","1","1","1","0"
"4905","43233","4905","36","1","1","7","6","0","1","1","1","0"
"4906","43233","4906","81","3","1","7","6","0","1","0","1","0"
"4907","43235","4907","72","1","1","7","6","0","2","0","1","0"
"4908","43250","4908","24","1","1","7","4","0","1","1","1","0"
"4909","43252","4909","71","3","3","2","1","0","2","1","1","0"
"4910","43258","4910","72","1","1","7","6","0","1","1","1","0"
"4911","43258","4911","72","1","1","7","6","0","1","1","1","0"
"4912","43265","4912","81","1","3","1","6","0","1","0","1","0"
"4913","43267","4913","72","1","1","7","6","0","1","1","1","0"
"4914","43267","4914","52","1","1","7","6","0","1","1","1","0"
"4915","43272","4915","51","1","1","7","6","0","2","0","1","0"
"4916","43272","4916","26","2","3","1","1","0","1","1","1","0"
"4917","43274","4917","72","1","1","7","6","0","1","1","1","0"
"4918","43275","4918","72","1","1","7","6","0","1","1","1","0"
"4919","43280","4919","26","1","1","7","2","0","1","1","1","0"
"4920","43280","4920","72","1","1","7","6","1","0","1","2","0"
"4921","43283","4921","52","1","4","3","2","0","1","1","1","0"
"4922","43284","4922","72","4","1","7","5","0","0","1","3","0"
"4923","43302","4923","51","1","1","7","6","0","1","1","1","0"
"4924","43302","4924","26","1","1","7","2","0","1","1","1","0"
"4925","43303","4925","52","1","3","2","0","0","0","0","3","0"
"4926","43303","4926","21","1","1","7","6","0","1","1","1","0"
"4927","43304","4927","52","3","1","7","0","1","2","0","3","1"
"4928","43304","4928","52","3","1","7","0","0","2","3","1","0"
"4929","43305","4929","74","1","7","7","6","0","1","2","1","0"
"4930","43305","4930","21","1","3","2","6","1","1","0","2","0"
"4931","43305","4931","21","3","1","7","7","0","2","1","1","0"
"4932","43305","4932","51","2","1","4","7","0","1","1","1","0"
"4933","43305","4933","21","1","7","7","7","0","0","1","3","0"
"4934","43305","4934","52","3","1","7","0","0","2","0","1","0"
"4935","43305","4935","81","1","1","7","5","1","0","1","2","0"
"4936","43305","4936","52","3","1","7","0","1","3","0","2","0"
"4937","43305","4937","52","1","1","7","6","0","2","0","1","0"
"4938","43305","4938","21","3","1","7","6","1","0","0","2","0"
"4939","43305","4939","36","1","1","7","6","0","1","2","1","0"
"4940","43305","4940","52","1","2","1","6","0","1","4","1","0"
"4941","43305","2268","51","1","3","1","6","0","1","1","1","0"
"4942","43305","4942","52","1","3","1","0","0","1","0","1","0"
"4943","43305","4943","21","3","1","7","6","0","1","2","1","0"
"4944","43305","4944","52","1","1","4","0","0","1","1","1","0"
"4945","43305","4945","52","1","2","2","7","0","1","1","1","0"
"4946","43305","4946","51","1","1","7","3","0","1","1","1","0"
"4947","43305","4947","72","2","1","2","6","0","1","3","1","0"
"4948","43305","4948","21","2","3","2","6","0","1","2","1","0"
"4949","43305","4949","21","1","1","7","6","0","1","1","1","0"
"4950","43310","4950","25","4","1","7","6","0","1","1","1","0"
"4951","43315","4951","71","1","1","7","6","0","1","1","1","0"
"4952","43315","4952","26","2","3","2","2","1","0","0","2","0"
"4953","43317","4953","72","1","1","7","6","0","1","1","1","0"
"4954","43317","4954","72","1","1","7","6","1","0","1","2","0"
"4955","43319","4955","72","1","1","7","6","1","0","1","2","0"
"4956","43324","3565","21","3","3","1","6","0","2","1","1","0"
"4957","43325","4957","21","2","1","7","6","0","1","1","1","0"
"4958","43325","4958","26","1","1","7","1","0","1","1","1","0"
"4959","43335","4959","71","1","1","7","6","0","1","1","1","0"
"4960","43358","4960","64","1","1","7","6","0","1","1","1","0"
"4961","43379","4961","27","1","1","7","0","0","1","0","1","0"
"4962","43382","4962","21","1","1","7","6","0","1","1","1","0"
"4963","43387","4963","52","1","1","7","0","0","0","0","3","0"
"4964","43394","4964","72","1","1","7","6","0","1","1","1","0"
"4965","43395","4965","71","1","2","2","6","0","1","1","1","0"
"4966","43399","4966","72","1","1","7","6","0","1","1","1","0"
"4967","43402","4967","72","1","1","7","6","0","1","1","1","0"
"4968","43403","4968","71","3","1","7","6","0","1","1","1","0"
"4969","43404","4969","26","2","4","4","1","1","0","1","2","0"
"4970","43407","4970","72","2","3","2","6","0","1","0","1","0"
"4971","43410","4971","25","1","1","7","7","0","1","1","1","0"
"4972","43410","4972","25","1","1","7","6","0","1","1","1","0"
"4973","43412","4973","72","1","1","7","6","0","1","1","1","0"
"4974","43413","4974","72","1","1","7","6","0","1","1","1","0"
"4975","43413","4975","26","1","1","7","2","0","1","0","1","0"
"4976","43414","4976","62","1","1","7","6","0","1","1","1","0"
"4977","43414","4977","14","1","1","7","3","0","1","1","1","0"
"4978","43417","4978","18","3","1","7","4","0","1","1","1","0"
"4979","43421","4979","52","3","1","7","6","0","1","0","1","0"
"4980","43421","4980","51","1","1","7","0","0","1","0","1","0"
"4981","43422","4981","23","1","1","7","4","1","0","0","2","0"
"4982","43422","4982","52","1","1","7","6","1","0","0","2","0"
"4983","43427","4983","26","1","1","7","1","0","1","1","1","0"
"4984","43453","4984","72","2","1","7","6","0","1","1","1","0"
"4985","43461","4985","72","1","3","2","6","0","1","1","1","0"
"4986","43461","4986","52","1","2","2","0","0","1","0","1","0"
"4987","43461","4987","81","5","1","7","6","0","2","0","1","0"
"4988","43461","4988","22","2","1","7","6","2","0","0","3","0"
"4989","43461","4989","52","1","1","7","0","0","1","0","1","0"
"4990","43461","4990","74","3","1","7","6","1","0","1","2","0"
"4991","43477","4991","52","3","1","7","0","1","0","0","2","0"
"4992","43482","4992","72","1","1","7","6","0","1","1","1","0"
"4993","43489","4993","26","1","1","7","1","0","1","1","1","0"
"4994","43493","4994","22","1","1","7","6","0","1","1","1","0"
"4995","43507","4995","22","1","1","7","5","0","1","1","1","0"
"4996","43510","4996","25","1","1","7","6","1","0","0","2","0"
"4997","43511","4997","72","1","1","7","6","0","1","1","1","0"
"4998","43513","4998","71","1","1","7","6","0","1","1","1","0"
"4999","43514","4999","64","1","1","7","2","0","1","1","1","0"
"5000","43516","5000","52","1","1","4","6","0","1","1","1","0"
"5001","43516","5001","51","1","1","7","6","0","1","3","1","0"
"5002","43519","5002","26","1","1","7","1","0","1","1","1","0"
"5003","43519","5003","64","1","1","7","4","0","1","1","1","0"
"5004","43519","5004","71","1","1","7","4","0","1","0","1","0"
"5005","43519","5005","71","4","3","1","6","0","1","1","1","0"
"5006","43519","5006","71","3","1","7","6","0","1","1","1","0"
"5007","43520","5007","71","1","1","4","6","0","1","1","1","0"
"5008","43520","5008","26","1","1","7","2","0","1","1","1","0"
"5009","43520","5009","71","1","1","7","6","0","2","0","1","0"
"5010","43520","5010","26","2","1","7","2","0","1","1","1","0"
"5011","43520","5011","64","1","1","7","6","0","1","1","1","0"
"5012","43520","5012","51","1","1","7","2","0","0","1","3","0"
"5013","43520","5013","71","1","1","7","6","0","1","1","1","0"
"5014","43520","5014","32","1","1","7","6","0","1","1","1","0"
"5015","43520","5015","26","3","3","2","1","0","1","1","1","0"
"5016","43522","5016","72","1","1","7","6","0","1","1","1","0"
"5017","43522","5017","52","1","7","7","0","0","1","0","1","0"
"5018","43522","5018","72","1","1","7","6","0","1","1","1","0"
"5019","43530","5019","72","1","1","7","6","0","1","1","1","0"
"5020","43531","5020","72","1","1","7","6","0","1","1","1","0"
"5021","43532","5021","99","2","1","7","6","1","0","1","2","0"
"5022","43532","5022","71","3","1","7","4","0","2","0","1","0"
"5023","43532","5023","72","2","1","7","6","0","1","1","1","0"
"5024","43534","5024","71","1","1","7","6","0","1","1","1","0"
"5025","43538","5025","72","1","1","7","6","0","1","1","1","0"
"5026","43540","5026","67","3","1","7","6","0","1","2","1","0"
"5027","43540","5027","23","3","3","2","0","0","1","0","1","0"
"5028","43548","5028","52","3","1","7","0","0","1","0","1","0"
"5029","43560","5029","72","1","1","7","6","1","0","1","2","0"
"5030","43560","5030","71","1","1","7","6","0","1","1","1","0"
"5031","43579","5031","71","2","1","7","6","0","1","1","1","0"
"5032","43580","5032","53","1","1","7","6","0","1","1","1","0"
"5033","43580","5033","71","1","1","7","6","0","1","1","1","0"
"5034","43583","5034","27","1","1","7","2","0","1","1","1","0"
"5035","43587","5035","25","3","3","2","6","0","2","0","1","0"
"5036","43588","5036","21","1","1","7","6","0","1","2","1","0"
"5037","43588","5037","64","1","1","7","4","1","0","1","2","0"
"5038","43604","5038","52","1","1","7","0","0","1","0","1","0"
"5039","43611","5039","75","1","1","7","6","0","1","1","1","0"
"5040","43615","5040","51","5","1","7","0","0","1","0","1","0"
"5041","43625","5041","72","1","1","7","6","0","1","1","1","0"
"5042","43626","5042","72","1","1","7","6","0","1","1","1","0"
"5043","43641","5043","74","1","1","7","9","1","0","1","2","0"
"5044","43642","5044","64","1","1","7","6","0","1","1","1","0"
"5045","43643","5045","51","1","1","7","2","1","0","2","2","0"
"5046","43645","5046","73","1","1","7","9","1","0","0","2","0"
"5047","43645","5047","64","1","1","7","6","0","1","1","1","0"
"5048","43654","5048","73","1","1","7","4","0","2","0","1","0"
"5049","43659","5049","64","3","1","7","5","0","1","1","1","0"
"5050","43659","5050","26","1","3","2","1","0","1","1","1","0"
"5051","43714","5051","13","3","1","7","6","0","1","2","1","0"
"5052","43767","5052","52","3","3","2","0","0","1","0","1","0"
"5053","43768","5053","21","3","1","2","6","2","0","0","2","0"
"5054","43768","5054","52","3","3","1","0","0","1","1","1","0"
"5055","43768","5055","52","3","1","7","6","0","3","0","1","0"
"5056","43770","5056","51","1","1","7","9","0","1","0","1","0"
"5057","43797","5057","67","1","1","7","4","1","0","1","2","0"
"5058","43797","5058","23","1","1","7","6","0","2","0","1","0"
"5059","43798","5059","72","1","3","2","6","0","1","1","1","0"
"5060","43798","5060","26","3","1","7","2","1","0","1","2","0"
"5061","43798","5061","61","1","1","7","4","0","1","1","1","0"
"5062","43801","5062","21","1","2","2","5","0","1","1","1","0"
"5063","43810","5063","52","1","1","7","0","0","1","0","1","0"
"5064","43829","5064","24","1","1","7","1","0","1","1","1","0"
"5065","43832","836","71","1","1","7","6","0","1","1","1","0"
"5066","43832","5066","64","1","1","2","6","0","1","1","1","0"
"5067","43853","5067","72","1","1","7","6","0","1","1","1","0"
"5068","43855","5068","72","1","1","7","6","0","1","1","1","0"
"5069","43855","5069","66","1","1","7","6","0","1","0","1","0"
"5070","43855","5070","13","1","1","7","6","0","1","1","1","0"
"5071","44373","5071","51","1","1","7","6","1","0","1","2","0"
"5072","44375","5072","71","1","3","1","6","1","0","1","2","0"
"5073","44386","5073","52","1","7","2","6","0","1","3","1","0"
"5074","44556","5074","81","3","1","7","2","1","0","1","2","0"
"5075","44559","5075","36","5","2","1","6","0","2","2","1","0"
"5076","45113","5076","72","1","1","7","6","0","1","1","1","0"
"5077","45114","5077","72","1","1","7","6","0","1","1","1","0"
"5078","45115","5078","13","1","1","7","3","0","1","0","1","0"
"5079","45123","5079","72","1","1","7","6","0","1","1","1","0"
"5080","45123","5080","72","1","1","7","6","0","1","1","1","0"
"5081","45136","5081","25","3","1","7","6","0","1","1","1","0"
"5082","45136","5082","22","1","1","7","6","0","1","1","1","0"
"5083","45137","5083","71","1","1","7","6","0","1","1","1","0"
"5084","45145","5084","64","3","3","2","5","0","1","1","1","0"
"5085","45145","5085","52","5","1","4","0","2","0","0","2","0"
"5086","45145","5086","21","3","1","7","6","1","2","1","2","0"
"5087","45150","5087","52","2","1","7","0","0","1","0","1","0"
"5088","45162","5088","72","1","1","7","3","1","0","1","2","0"
"5089","45173","5089","21","3","1","7","6","0","1","1","1","0"
"5090","45174","5090","72","1","1","7","6","1","0","1","2","0"
"5091","45178","5091","86","1","1","7","2","1","0","1","2","0"
"5092","45178","5092","72","1","1","7","6","0","2","1","1","0"
"5093","45183","5093","81","3","1","7","6","0","2","2","1","0"
"5094","45187","5094","21","1","1","7","6","1","0","1","2","0"
"5095","45195","5095","71","1","1","7","6","1","0","1","2","0"
"5096","45199","5096","76","1","1","7","6","0","1","1","1","0"
"5097","45211","5097","63","1","3","2","6","0","1","1","1","0"
"5098","45225","5098","71","1","1","7","6","0","1","1","1","0"
"5099","45231","5099","17","1","1","7","1","0","1","1","1","0"
"5100","45232","5100","22","1","1","7","5","0","1","1","1","0"
"5101","45239","5101","24","1","1","7","2","0","1","1","1","0"
"5102","45239","5102","72","1","1","7","6","0","1","1","1","0"
"5103","45239","5103","67","1","1","7","5","0","1","1","1","0"
"5104","45239","5104","71","1","2","1","6","0","1","1","1","0"
"5105","45240","5105","71","3","3","2","6","0","1","1","1","0"
"5106","45245","5106","71","1","1","7","4","1","1","0","2","0"
"5107","45245","5107","73","1","1","7","7","0","1","1","1","0"
"5108","45245","5108","72","2","1","7","6","0","1","0","1","0"
"5109","45245","5109","71","1","1","7","6","0","1","1","1","0"
"5110","45246","5110","36","1","1","7","5","0","2","1","1","0"
"5111","45246","5111","64","1","1","7","6","0","1","1","1","0"
"5112","45254","5112","72","3","3","2","6","1","0","1","2","0"
"5113","45254","5113","72","1","1","7","6","0","1","1","1","0"
"5114","45254","5114","51","1","1","7","3","0","1","1","1","0"
"5115","45254","5115","63","1","1","7","6","0","1","0","1","0"
"5116","45254","5116","81","1","1","7","6","0","1","1","1","0"
"5117","45254","5117","63","1","1","7","4","0","1","1","1","0"
"5118","45254","5118","51","3","1","7","6","1","2","1","2","0"
"5119","45254","5119","81","3","1","7","6","0","1","4","1","0"
"5120","45255","5120","51","1","1","7","6","0","1","1","1","0"
"5121","45255","5121","71","3","1","2","6","0","1","1","1","0"
"5122","45255","5122","52","3","1","7","0","0","2","0","1","0"
"5123","45255","5123","71","1","1","7","6","1","0","1","2","0"
"5124","45256","5124","51","1","1","7","3","0","1","1","1","0"
"5125","45256","5125","76","3","3","2","6","0","1","1","1","0"
"5126","45256","5126","23","1","1","7","4","0","1","1","1","0"
"5127","45256","5127","51","1","1","7","6","0","0","2","3","0"
"5128","45257","5128","51","1","1","7","6","0","1","1","1","0"
"5129","45257","5129","72","1","1","7","6","0","1","1","1","0"
"5130","45257","5130","52","1","1","7","6","0","1","1","1","0"
"5131","45268","5131","21","3","1","7","4","0","1","1","1","0"
"5132","45268","5132","52","3","3","1","6","0","2","0","1","0"
"5133","45269","5133","71","3","1","7","4","0","2","0","1","0"
"5134","45269","5134","72","1","1","2","6","0","1","1","1","0"
"5135","45274","5135","41","1","1","7","2","0","2","0","1","0"
"5136","45274","5136","52","1","1","7","0","0","6","0","1","0"
"5137","45274","5137","72","2","1","7","6","1","0","1","2","0"
"5138","45274","5138","41","1","1","7","6","0","1","1","1","0"
"5139","45276","5139","11","1","1","7","2","0","1","1","1","0"
"5140","45276","5140","86","1","1","7","2","0","2","2","1","0"
"5141","45279","5141","25","3","1","7","6","0","1","1","1","0"
"5142","45302","5142","72","1","1","7","6","0","1","1","1","0"
"5143","45309","5143","75","1","1","7","6","0","1","1","1","0"
"5144","45322","5144","72","1","1","7","6","0","1","1","1","0"
"5145","45322","5145","26","1","1","7","1","0","1","1","1","0"
"5146","45331","5146","21","3","3","2","6","0","3","0","1","0"
"5147","45331","5147","53","1","1","7","6","0","1","1","1","0"
"5148","45331","5148","51","3","1","7","6","0","1","1","1","0"
"5149","45331","5149","81","1","1","7","6","1","1","0","2","0"
"5150","45331","5150","72","1","1","7","6","0","1","1","1","0"
"5151","45336","5151","53","4","1","7","6","0","1","1","1","0"
"5152","45336","5152","36","1","1","7","6","0","1","3","1","0"
"5153","45344","5153","51","1","1","7","4","0","1","1","1","0"
"5154","45344","5154","22","1","1","7","6","0","1","1","1","0"
"5155","45349","5155","52","3","3","2","6","0","1","0","1","0"
"5156","45351","5156","73","3","1","7","6","0","2","1","1","0"
"5157","45352","5157","81","1","1","7","6","0","1","0","1","0"
"5158","45356","5158","72","1","1","7","6","0","1","1","1","0"
"5159","45366","5159","72","1","1","7","6","0","1","1","1","0"
"5160","45381","5160","71","1","1","7","6","0","1","1","1","0"
"5161","45382","5161","52","1","1","7","6","0","4","0","1","0"
"5162","45382","5162","81","3","1","7","0","2","0","0","2","0"
"5163","45382","5163","52","3","1","2","6","0","3","1","1","0"
"5164","45382","5164","81","3","1","7","6","0","3","0","1","0"
"5165","45384","5165","71","3","4","3","6","1","0","1","2","0"
"5166","45384","5166","72","1","1","7","6","0","1","1","1","0"
"5167","45384","5167","26","1","1","7","2","0","1","0","1","0"
"5168","45384","5168","23","1","1","7","4","0","1","0","1","0"
"5169","45384","5169","32","1","1","7","6","0","1","1","1","0"
"5170","45384","5170","71","1","1","7","6","0","1","1","1","0"
"5171","45384","5171","26","1","3","1","2","0","1","1","1","0"
"5172","45384","5172","67","1","1","7","5","0","1","1","1","0"
"5173","45384","5173","63","1","1","7","4","0","1","1","1","0"
"5174","45384","5174","26","1","1","2","2","0","1","1","1","0"
"5175","45385","5175","71","1","1","7","6","0","1","1","1","0"
"5176","45385","5176","26","2","1","2","2","0","1","1","1","0"
"5177","45385","5177","26","3","1","7","2","0","1","1","1","0"
"5178","45386","5178","71","1","1","7","6","0","1","1","1","0"