"accident_id","lieu_id","date_id","cause_id","lum_id","intemp_id","etat_surface_id","impliq_id","nb_blesses_graves","nb_blesses_legers","nb_indemnes","gravite","nb_morts"
"5179","45386","5179","23","1","1","7","6","0","2","0","1","0"
"5180","45386","5180","51","1","1","7","6","0","2","0","1","0"
"5181","45386","5181","52","3","1","7","6","0","1","0","1","0"
"5182","45386","5182","23","3","3","1","6","0","1","1","1","0"
"5183","45386","5183","81","3","1","7","5","0","2","0","1","0"
"5184","45388","5184","71","1","1","7","6","0","1","1","1","0"
"5185","45388","5185","61","1","1","7","3","0","1","1","1","0"
"5186","45388","5186","61","1","1","7","4","0","1","1","1","0"
"5187","45388","5187","23","3","1","7","5","0","1","1","1","0"
"5188","45388","5188","62","1","1","7","2","0","1","1","1","0"
"5189","45390","5189","63","1","3","2","4","1","0","1","2","0"
"5190","45390","5190","71","1","1","7","6","0","1","1","1","0"
"5191","45390","5191","71","1","3","2","6","1","0","1","2","0"
"5192","45390","5192","52","3","1","7","6","1","0","1","2","0"
"5193","45390","5193","51","1","1","7","6","0","1","0","1","0"
"5194","45390","5194","26","1","1","7","2","0","1","1","1","0"
"5195","45390","5195","71","1","1","7","8","0","1","1","1","0"
"5196","45390","5196","63","1","3","1","6","0","2","1","1","0"
"5197","45390","5197","26","1","1","7","2","0","1","4","1","0"
"5198","45390","5198","81","5","1","7","0","0","1","0","1","0"
"5199","45390","5199","52","3","1","7","6","0","3","1","1","0"
"5200","45392","5200","23","1","1","7","6","1","0","2","2","0"
"5201","45392","5201","71","1","1","7","6","0","1","1","1","0"
"5202","45394","5202","36","1","1","7","4","0","1","1","1","0"
"5203","45394","5203","63","1","1","7","3","0","1","1","1","0"
"5204","45394","5204","20","1","1","7","1","1","1","1","2","0"
"5205","45394","5205","23","3","1","7","5","0","1","1","1","0"
"5206","45394","5206","81","3","1","7","6","1","2","0","2","0"
"5207","45394","5207","72","1","1","7","6","0","2","1","1","0"
"5208","45394","5208","26","2","1","7","2","0","2","0","1","0"
"5209","45394","5209","63","1","1","7","6","0","1","0","1","0"
"5210","45394","5210","52","3","1","1","7","0","1","0","3","0"
"5211","45394","5211","72","1","3","1","6","0","1","1","1","0"
"5212","45394","5212","25","3","1","1","6","0","1","0","1","0"
"5213","45394","5213","23","1","1","7","5","1","0","1","2","0"
"5214","45394","5214","23","1","1","7","5","0","1","1","1","0"
"5215","45394","5215","71","1","3","2","6","0","1","1","1","0"
"5216","45394","5216","51","1","1","7","3","0","1","1","1","0"
"5217","45394","5217","71","1","1","7","6","1","0","1","2","0"
"5218","45395","5218","72","1","1","7","6","0","1","1","1","0"
"5219","45396","5219","23","1","1","7","5","0","1","2","1","0"
"5220","45401","5220","81","2","1","7","6","0","1","1","1","0"
"5221","45402","5221","71","1","1","7","6","1","0","1","2","0"
"5222","45420","5222","72","1","1","7","6","0","1","1","1","0"
"5223","45420","5223","25","3","1","7","6","0","0","1","3","0"
"5224","45420","5224","99","1","1","7","0","1","0","0","2","0"
"5225","45420","5225","51","1","1","2","7","0","4","1","1","0"
"5226","45420","5226","71","3","1","7","8","1","0","1","2","0"
"5227","45420","5227","81","3","3","1","6","0","1","1","1","0"
"5228","45420","5228","51","1","1","7","6","1","0","1","2","0"
"5229","45420","5229","64","3","1","7","5","0","1","1","1","0"
"5230","45421","5230","51","2","1","7","3","0","2","0","1","0"
"5231","45422","5231","72","3","1","7","6","0","0","1","3","0"
"5232","45422","5232","26","2","1","7","2","0","1","1","1","0"
"5233","45422","5233","21","3","1","7","4","1","1","0","2","0"
"5234","45423","5234","26","2","3","2","2","0","1","1","1","0"
"5235","45424","5235","16","1","1","7","4","0","2","0","1","0"
"5236","45424","5236","26","1","1","7","2","0","1","1","1","0"
"5237","45424","5237","67","1","1","7","5","1","0","1","2","0"
"5238","45424","5238","63","2","1","7","5","0","1","1","1","0"
"5239","45424","5239","81","1","1","7","6","0","1","2","1","0"
"5240","45424","5240","51","2","1","7","6","0","1","2","1","0"
"5241","45424","5241","67","1","1","7","6","1","0","1","2","0"
"5242","45425","5242","52","2","1","7","0","0","1","2","1","0"
"5243","45427","5243","52","3","1","7","0","0","1","0","1","0"
"5244","45439","5244","51","3","1","7","9","1","0","0","2","0"
"5245","45440","5245","81","3","3","7","6","1","2","0","2","0"
"5246","45443","5246","21","1","1","7","4","0","2","0","1","0"
"5247","45447","5247","51","1","1","7","6","0","1","1","1","0"
"5248","45448","5248","71","1","1","7","6","0","1","1","1","0"
"5249","45449","5249","64","1","1","7","6","0","1","1","1","0"
"5250","45449","5250","71","1","1","7","6","0","1","1","1","0"
"5251","45460","5251","67","1","1","7","4","0","1","1","1","0"
"5252","45461","5252","52","3","1","7","0","0","1","0","1","0"
"5253","45461","5253","32","1","1","7","7","1","0","1","2","0"
"5254","45461","5254","52","1","3","2","0","0","0","0","3","0"
"5255","45461","5255","51","1","1","7","6","0","2","1","1","0"
"5256","45461","5256","72","1","1","7","6","0","1","1","1","0"
"5257","45462","5257","51","1","1","2","6","0","3","1","1","0"
"5258","45463","5258","52","3","1","7","0","1","0","0","2","0"
"5259","45463","5259","71","2","3","2","7","0","0","2","3","0"
"5260","45465","5260","61","1","1","7","3","0","1","1","1","0"
"5261","45466","5261","67","3","3","1","6","0","2","1","1","0"
"5262","45468","5262","51","1","1","7","6","0","1","1","1","0"
"5263","45468","5263","64","1","1","7","4","1","0","1","2","0"
"5264","45469","5264","81","2","1","7","0","0","1","0","1","0"
"5265","45476","5265","81","1","1","7","0","0","1","0","1","0"
"5266","45478","5266","72","1","1","7","6","0","1","1","1","0"
"5267","45479","5267","52","1","1","7","0","0","1","0","1","0"
"5268","45480","5268","64","1","1","7","6","0","1","1","1","0"
"5269","45482","5269","72","1","1","7","6","0","1","1","1","0"
"5270","45482","5270","25","1","1","7","6","0","1","1","1","0"
"5271","45486","5271","51","1","1","7","6","0","1","1","1","0"
"5272","45486","5272","51","2","1","7","6","0","1","1","1","0"
"5273","45486","5273","26","1","1","7","2","0","1","0","1","0"
"5274","45486","5274","21","3","3","1","6","0","2","1","1","0"
"5275","45486","5275","51","2","3","2","6","0","2","2","1","0"
"5276","45487","5276","51","3","2","2","6","0","1","1","1","0"
"5277","45487","5277","81","3","1","7","6","0","1","1","1","0"
"5278","45487","5278","51","1","1","7","6","0","1","1","1","0"
"5279","45487","5279","51","1","1","7","6","0","1","4","1","0"
"5280","45487","5280","51","1","1","7","6","0","2","0","1","0"
"5281","45487","5281","21","2","1","7","6","1","2","0","2","0"
"5282","45491","5282","21","3","1","7","6","0","1","1","1","0"
"5283","45505","5283","86","1","1","7","2","0","1","1","1","0"
"5284","45505","5284","81","1","1","7","0","0","1","0","1","0"
"5285","45516","5285","64","1","1","7","6","0","1","1","1","0"
"5286","45516","5286","52","3","1","7","0","0","1","0","1","0"
"5287","45516","5287","64","1","1","7","6","0","2","1","1","0"
"5288","45516","5288","23","1","1","7","6","0","1","1","1","0"
"5289","45516","5289","62","1","1","7","2","0","1","1","1","0"
"5290","45517","5290","71","1","1","7","6","0","1","1","1","0"
"5291","45517","5291","71","1","1","7","6","0","1","1","1","0"
"5292","45518","5292","26","2","1","7","1","0","1","1","1","0"
"5293","45520","5293","52","3","1","7","0","0","1","0","1","0"
"5294","45520","5294","53","1","1","7","2","0","1","1","1","0"
"5295","45530","5295","51","1","1","7","6","0","1","1","1","0"
"5296","45530","5296","81","5","1","7","6","0","1","1","1","0"
"5297","45530","5297","51","1","1","7","2","1","0","1","2","0"
"5298","45530","5298","51","1","1","7","7","0","1","1","1","0"
"5299","45530","5299","52","5","1","7","0","0","1","0","1","0"
"5300","45530","5300","51","1","6","1","6","0","1","2","1","0"
"5301","45535","5301","14","1","1","7","7","0","1","1","1","0"
"5302","45604","5302","71","1","1","7","8","0","1","1","1","0"
"5303","45609","5303","36","1","1","7","4","0","1","1","1","0"
"5304","45616","5304","51","2","6","1","6","0","1","1","1","0"
"5305","45616","5305","51","3","3","1","6","0","2","2","1","0"
"5306","45617","5306","26","1","1","7","1","1","0","1","2","0"
"5307","45626","5307","72","5","3","1","6","1","0","1","2","0"
"5308","45629","5308","16","2","1","7","5","0","1","1","1","0"
"5309","45631","5309","72","3","1","7","6","0","1","1","1","0"
"5310","45632","5310","36","1","1","7","6","0","2","0","1","0"
"5311","45650","5311","21","1","1","7","6","0","2","0","1","0"
"5312","45650","5312","21","1","1","7","6","0","4","0","1","0"
"5313","45650","5313","51","2","1","7","3","1","0","1","2","0"
"5314","45650","5314","51","1","1","7","6","0","3","0","1","0"
"5315","45650","5315","19","1","1","7","4","0","1","1","1","0"
"5316","45650","5316","81","3","1","7","6","0","3","1","1","0"
"5317","45650","5317","21","3","2","1","6","0","1","1","1","0"
"5318","45650","5318","13","1","1","7","6","0","1","2","1","0"
"5319","45650","5319","52","3","1","5","0","0","1","0","1","0"
"5320","45650","5320","13","1","1","7","6","0","1","1","1","0"
"5321","45650","5321","13","2","1","2","6","0","2","2","1","0"
"5322","45651","5322","41","1","1","7","6","0","1","1","1","0"
"5323","45651","5323","52","1","1","7","0","2","2","0","2","0"
"5324","45651","5324","41","1","1","7","6","0","1","1","1","0"
"5325","45651","5325","51","1","3","2","6","0","4","0","1","0"
"5326","45651","5326","51","1","1","7","6","0","1","3","1","0"
"5327","45651","5327","52","1","6","1","6","0","2","0","1","0"
"5328","45651","5328","64","1","3","2","6","0","1","1","1","0"
"5329","45651","5329","22","1","1","7","6","0","1","1","1","0"
"5330","45651","1874","51","1","2","1","6","1","2","0","2","0"
"5331","46198","5331","26","1","1","7","1","0","1","1","1","0"
"5332","46200","5332","72","3","3","1","6","0","1","1","1","0"
"5333","46216","5333","52","1","1","7","6","0","1","0","1","0"
"5334","46216","5334","52","1","1","7","1","1","0","1","2","0"
"5335","46216","5335","23","1","1","7","6","0","1","1","1","0"
"5336","46218","5336","71","1","1","7","6","0","2","1","1","0"
"5337","46220","5337","64","1","1","7","6","0","1","2","1","0"
"5338","46232","5338","72","1","1","7","6","0","1","1","1","0"
"5339","46242","5339","64","1","3","1","6","0","1","1","1","0"
"5340","46244","5340","52","3","4","3","6","0","1","2","1","0"
"5341","46244","5341","71","1","1","7","6","0","1","1","1","0"
"5342","46246","5342","64","1","1","7","6","0","1","1","1","0"
"5343","46246","5343","61","1","1","7","3","0","1","1","1","0"
"5344","46254","5344","71","1","1","7","6","0","1","1","1","0"
"5345","46254","5345","51","1","1","7","6","1","0","1","2","0"
"5346","46254","5346","72","1","1","7","6","1","0","1","2","0"
"5347","46254","5347","71","1","1","7","6","1","0","1","2","0"
"5348","46254","5348","51","1","1","7","6","0","6","1","1","0"
"5349","46279","5349","26","1","1","7","1","0","1","1","1","0"
"5350","46280","5350","26","1","1","7","2","0","1","1","1","0"
"5351","46281","5351","64","2","1","7","5","0","2","0","1","0"
"5352","46285","5352","26","2","3","1","2","0","2","1","1","0"
"5353","46290","5353","73","1","1","7","4","0","2","0","1","0"
"5354","46304","5354","51","3","3","2","0","0","3","2","1","0"
"5355","46304","5355","52","2","3","5","6","0","2","0","1","0"
"5356","46304","5356","52","3","1","7","0","1","0","0","2","0"
"5357","46304","5357","21","1","1","7","6","0","2","0","1","0"
"5358","46304","5358","52","3","1","7","0","0","3","0","1","0"
"5359","46305","5359","71","1","1","7","6","1","0","1","2","0"
"5360","46306","5360","21","1","2","1","6","0","3","0","1","0"
"5361","46307","5361","72","1","1","7","6","0","1","1","1","0"
"5362","46307","5362","36","1","1","7","6","0","1","1","1","0"
"5363","46307","5363","26","3","1","1","2","0","1","1","1","0"
"5364","46307","5364","21","1","1","7","6","1","0","2","2","0"
"5365","46308","5365","67","1","1","7","6","0","2","0","1","0"
"5366","46308","5366","25","1","1","7","6","1","0","1","2","0"
"5367","46309","5367","25","1","1","7","6","0","1","0","1","0"
"5368","46309","5368","23","1","1","7","4","0","2","1","1","0"
"5369","46311","5369","35","1","1","7","4","0","1","1","1","0"
"5370","46314","5370","64","1","1","7","4","0","1","1","1","0"
"5371","46314","5371","71","1","3","1","6","0","1","1","1","0"
"5372","46314","5372","26","2","1","7","2","0","1","1","1","0"
"5373","46317","5373","18","1","1","7","3","0","1","1","1","0"
"5374","46317","5374","51","1","1","7","0","1","0","0","2","0"
"5375","46317","5375","18","1","1","7","6","0","1","1","1","0"
"5376","46320","5376","71","1","1","7","6","1","0","1","2","0"
"5377","46320","5377","51","1","3","2","6","0","1","1","1","0"
"5378","46320","5378","51","1","1","7","6","0","2","3","1","0"
"5379","46320","5379","51","1","1","7","6","0","1","1","1","0"
"5380","46321","5380","25","3","1","7","6","0","1","0","1","0"
"5381","46322","5381","63","1","1","7","4","0","1","1","1","0"
"5382","46322","5382","71","1","1","7","1","0","1","1","1","0"
"5383","46322","5383","52","1","1","1","6","3","2","0","2","0"
"5384","46322","5384","72","1","1","7","7","0","0","1","3","0"
"5385","46322","5385","23","1","3","1","4","0","1","1","1","0"
"5386","46323","5386","52","1","3","1","0","0","1","0","1","0"
"5387","46323","5387","20","1","1","7","1","1","0","1","2","0"
"5388","46323","5388","51","1","6","7","6","1","0","2","2","0"
"5389","46323","5389","26","2","1","7","2","0","1","1","1","0"
"5390","46323","5390","26","1","3","1","1","0","1","1","1","0"
"5391","46324","5391","26","3","1","7","2","1","0","1","2","0"
"5392","46324","5392","26","1","1","7","2","1","0","1","2","0"
"5393","46325","5393","25","3","1","7","6","0","1","1","1","0"
"5394","46327","5394","51","3","1","7","3","1","0","1","2","0"
"5395","46327","5395","26","1","1","7","2","1","0","1","2","0"
"5396","46327","5396","71","1","1","7","6","1","0","1","2","0"
"5397","46327","5397","63","1","1","7","6","0","3","1","1","0"
"5398","46334","5398","64","1","1","7","2","0","1","1","1","0"
"5399","46336","5399","72","3","1","2","6","0","1","1","1","0"
"5400","46352","5400","72","5","1","7","6","0","1","1","1","0"
"5401","46358","5401","21","1","3","2","7","0","1","1","1","0"
"5402","46358","5402","72","3","1","7","6","1","0","1","2","0"
"5403","46358","5403","61","1","1","7","4","1","0","1","2","0"
"5404","46358","5404","33","1","2","2","7","1","0","2","2","0"
"5405","46358","5405","21","1","1","7","6","0","3","0","1","0"
"5406","46358","5406","51","1","1","7","0","0","1","1","1","0"
"5407","46359","5407","71","1","4","1","6","0","1","1","1","0"
"5408","46360","5408","71","1","1","7","6","1","0","1","2","0"
"5409","46362","5409","64","1","1","7","4","1","0","1","2","0"
"5410","46362","5410","61","1","1","7","3","1","0","1","2","0"
"5411","46363","5411","71","1","1","7","6","0","1","1","1","0"
"5412","46365","5412","64","1","1","7","6","0","1","1","1","0"
"5413","46366","5413","72","1","1","7","6","1","0","1","2","0"
"5414","46366","5414","26","1","1","7","2","0","1","1","1","0"
"5415","46367","5415","52","1","1","4","6","1","1","0","2","0"
"5416","46368","5416","51","2","3","2","6","1","0","2","2","0"
"5417","46368","5417","72","1","1","7","3","0","1","1","1","0"
"5418","46373","5418","81","3","1","7","2","0","2","1","1","0"
"5419","46374","5419","64","1","3","1","6","0","1","1","1","0"
"5420","46375","5420","51","3","1","7","3","1","0","1","2","0"
"5421","46387","5421","67","1","1","7","4","0","1","1","1","0"
"5422","46387","5422","67","1","1","7","6","0","1","1","1","0"
"5423","46387","5423","64","1","3","1","6","0","2","0","1","0"
"5424","46387","5424","67","1","1","7","5","0","1","0","1","0"
"5425","46388","5425","71","3","3","2","6","0","1","1","1","0"
"5426","46388","5426","51","3","1","7","6","0","1","0","1","0"
"5427","46390","5427","52","3","1","7","0","0","3","0","1","0"
"5428","46390","5428","52","1","3","2","4","1","0","1","2","0"
"5429","46390","5429","25","2","6","1","6","1","0","1","2","0"
"5430","46390","5430","64","3","1","7","6","0","1","1","1","0"
"5431","46390","5431","61","3","1","7","4","0","1","1","1","0"
"5432","46390","5432","52","3","3","1","2","0","1","1","1","0"
"5433","46390","5433","21","1","1","7","6","0","1","1","1","0"
"5434","46390","5434","51","1","1","7","4","0","2","0","1","0"
"5435","46390","5435","25","1","1","7","6","0","1","3","1","0"
"5436","46390","5436","72","1","1","7","6","0","1","1","1","0"
"5437","46390","5437","52","3","1","7","0","0","1","0","1","0"
"5438","46392","5438","71","3","6","1","6","0","1","1","1","0"
"5439","46393","5439","23","1","1","7","4","0","1","1","1","0"
"5440","46394","5440","71","1","1","7","6","1","0","1","2","0"
"5441","46395","5441","72","1","1","7","4","0","1","1","1","0"
"5442","46395","5442","64","1","1","7","6","0","1","1","1","0"
"5443","46395","5443","36","1","1","7","6","0","1","1","1","0"
"5444","46395","5444","25","3","1","7","6","1","0","0","2","0"
"5445","46396","5445","51","1","1","7","6","0","1","2","1","0"
"5446","46396","5446","25","3","1","7","6","0","1","0","1","0"
"5447","46397","5447","71","2","2","1","4","0","1","1","1","0"
"5448","46397","5448","52","1","1","7","6","0","5","0","1","0"
"5449","46398","5449","72","1","1","7","6","1","0","1","2","0"
"5450","46398","5450","63","1","3","2","4","0","1","1","1","0"
"5451","46400","5451","72","1","3","2","6","0","1","1","1","0"
"5452","46400","5452","72","1","1","7","6","1","0","1","2","0"
"5453","46400","5453","52","3","1","7","6","0","1","1","1","0"
"5454","46400","5454","72","2","1","7","6","0","1","1","1","0"
"5455","46401","5455","25","1","1","7","6","0","1","1","1","0"
"5456","46401","5456","25","1","1","7","6","1","0","1","2","0"
"5457","46405","5457","51","3","3","1","6","0","1","3","1","0"
"5458","46406","5458","51","1","3","1","6","0","1","1","1","0"
"5459","46406","5459","36","1","1","7","3","0","1","1","1","0"
"5460","46406","5460","61","1","1","7","3","0","1","1","1","0"
"5461","46408","5461","52","1","1","7","6","0","1","1","1","0"
"5462","46409","5462","72","2","1","7","6","0","1","1","1","0"
"5463","46414","5463","64","1","1","7","4","0","1","1","1","0"
"5464","46416","5464","72","1","1","7","6","0","1","1","1","0"
"5465","46431","5465","25","1","1","7","6","0","1","1","1","0"
"5466","46455","5466","25","3","1","7","7","0","1","0","3","0"
"5467","46458","5467","52","1","1","7","7","1","0","0","2","0"
"5468","46459","5468","71","2","1","7","6","0","1","1","1","0"
"5469","46460","5469","73","1","6","1","6","0","1","1","1","0"
"5470","46461","5470","71","3","1","1","6","0","1","1","1","0"
"5471","46462","5471","85","3","3","2","6","0","1","0","1","0"
"5472","46462","5472","26","1","1","7","2","0","1","1","1","0"
"5473","46463","5473","71","1","3","2","6","0","1","1","1","0"
"5474","46467","5474","41","3","1","7","6","0","1","1","1","0"
"5475","46472","5475","81","3","1","7","2","0","1","1","1","0"
"5476","46474","5476","51","1","1","7","3","0","1","1","1","0"
"5477","46474","5477","75","1","3","1","6","0","1","1","1","0"
"5478","46475","5478","71","1","1","7","6","0","1","1","1","0"
"5479","46491","5479","72","2","1","7","6","0","1","1","1","0"
"5480","46511","5480","23","1","1","7","6","0","1","2","1","0"
"5481","46511","5481","36","1","3","1","6","0","1","1","1","0"
"5482","46511","5482","67","1","1","7","6","0","1","1","1","0"
"5483","46522","5483","52","1","2","2","8","0","5","0","1","0"
"5484","46522","5484","64","1","1","7","6","0","1","1","1","0"
"5485","46522","5485","26","1","1","7","1","0","1","1","1","0"
"5486","46524","5486","51","1","1","7","6","0","1","3","1","0"
"5487","46525","5487","18","3","1","7","5","0","1","1","1","0"
"5488","46535","5488","74","3","1","7","6","1","0","1","2","0"
"5489","46535","5489","51","1","1","7","6","0","1","1","1","0"
"5490","46583","5490","82","1","1","7","0","0","0","0","3","0"
"5491","46609","5491","51","1","1","7","6","0","2","1","1","0"
"5492","46609","5492","51","1","1","7","6","0","1","1","1","0"
"5493","46614","5493","21","1","1","7","3","0","2","0","1","0"
"5494","46616","5494","51","1","3","1","6","0","1","1","1","0"
"5495","46616","5495","52","3","1","1","6","0","2","1","1","0"
"5496","46616","5496","52","1","1","7","9","1","0","0","2","0"
"5497","46616","5497","52","2","3","1","6","0","2","3","1","0"
"5498","46661","5498","51","1","1","7","6","0","1","2","1","0"
"5499","46662","5499","51","1","1","7","4","0","1","1","1","0"
"5500","46671","5500","81","1","1","7","1","0","0","1","3","0"
"5501","46679","5501","72","1","3","1","6","0","1","1","1","0"
"5502","47223","5502","64","1","1","7","6","0","1","2","1","0"
"5503","47230","5503","64","1","1","7","3","0","1","1","1","0"
"5504","47234","5504","63","1","1","7","4","0","1","1","1","0"
"5505","47251","5505","21","1","1","7","6","0","1","1","1","0"
"5506","47269","5506","41","1","3","1","6","0","1","1","1","0"
"5507","47276","5507","52","3","1","1","0","0","1","1","1","0"
"5508","47277","5508","72","1","1","7","6","0","1","1","1","0"
"5509","47289","5509","72","1","1","7","6","1","0","1","2","0"
"5510","47289","5510","52","3","1","7","6","0","1","1","1","0"
"5511","47297","5511","72","1","1","7","6","0","1","1","1","0"
"5512","47302","5512","73","1","1","7","6","0","1","1","1","0"
"5513","47315","5513","63","1","1","7","4","0","1","1","1","0"
"5514","47317","5514","71","1","1","7","6","0","1","1","1","0"
"5515","47319","5515","72","1","1","7","6","0","1","1","1","0"
"5516","47325","5516","64","1","1","7","5","0","1","1","1","0"
"5517","47342","5517","72","1","1","7","6","0","1","1","1","0"
"5518","47342","5518","72","1","1","7","6","0","1","1","1","0"
"5519","47344","5519","51","1","1","7","6","0","1","1","1","0"
"5520","47344","5520","72","1","1","7","3","0","1","1","1","0"
"5521","47344","5521","72","1","1","7","6","0","1","1","1","0"
"5522","47346","5522","72","1","3","1","6","0","1","1","1","0"
"5523","47346","5523","67","3","1","7","4","0","1","1","1","0"
"5524","47346","5524","72","1","1","7","6","0","1","1","1","0"
"5525","47349","5525","71","1","1","7","6","1","0","1","2","0"
"5526","47349","5526","51","1","1","7","6","0","1","1","1","0"
"5527","47352","5527","72","3","1","7","6","0","1","1","1","0"
"5528","47353","5528","72","1","1","7","6","0","1","1","1","0"
"5529","47353","5529","72","1","1","7","6","1","0","1","2","0"
"5530","47359","5530","63","1","1","7","4","0","1","1","1","0"
"5531","47360","5531","63","1","1","7","4","0","1","1","1","0"
"5532","47362","5532","52","3","1","1","6","0","2","0","1","0"
"5533","47362","5533","71","3","3","2","6","0","1","1","1","0"
"5534","47364","5534","21","3","4","3","0","0","1","1","1","0"
"5535","47368","5535","72","1","1","7","6","0","2","1","1","0"
"5536","47368","5536","35","1","1","7","3","0","1","1","1","0"
"5537","47371","5537","61","1","1","7","3","0","1","2","1","0"
"5538","47373","5538","61","1","1","7","3","1","0","2","2","0"
"5539","47373","5539","51","1","1","7","6","0","1","1","1","0"
"5540","47373","5540","63","1","1","7","5","0","1","1","1","0"
"5541","47374","5541","25","3","1","7","6","1","0","1","2","0"
"5542","47374","5542","71","1","1","7","5","1","0","1","2","0"
"5543","47374","5543","81","1","1","7","2","0","1","1","1","0"
"5544","47374","5544","36","1","1","7","7","1","0","1","2","0"
"5545","47374","5545","71","2","1","5","6","1","0","1","2","0"
"5546","47374","5546","72","1","1","7","6","0","0","2","3","0"
"5547","47374","5547","72","1","3","1","6","0","1","1","1","0"
"5548","47374","5548","61","1","1","7","3","0","1","1","1","0"
"5549","47374","5549","72","3","1","7","6","0","1","1","1","0"
"5550","47375","5550","51","1","1","7","6","0","1","1","1","0"
"5551","47376","5551","51","1","1","7","6","0","1","1","1","0"
"5552","47377","5552","51","1","1","7","6","0","1","2","1","0"
"5553","47377","5553","71","1","1","7","6","0","1","1","1","0"
"5554","47377","5554","64","1","2","1","4","0","1","1","1","0"
"5555","47378","5555","67","1","1","7","4","0","1","2","1","0"
"5556","47384","5556","63","1","1","7","4","0","1","2","1","0"
"5557","47384","5557","25","1","1","7","6","0","1","1","1","0"
"5558","47391","5558","64","1","3","1","6","0","2","0","1","0"
"5559","47397","5559","52","1","1","7","5","1","1","0","2","0"
"5560","47398","5560","71","1","1","7","6","0","1","1","1","0"
"5561","47406","5561","71","1","1","7","6","0","1","1","1","0"
"5562","47416","5562","32","1","1","7","6","0","2","0","1","0"
"5563","47416","5563","51","1","1","7","6","1","1","0","2","0"
"5564","47416","5564","73","1","1","7","6","0","1","1","1","0"
"5565","47418","5565","72","1","1","7","6","0","1","1","1","0"
"5566","47418","5566","72","1","1","7","6","0","1","1","1","0"
"5567","47419","5567","25","1","2","2","6","0","0","1","3","0"
"5568","47419","5568","26","1","1","7","3","0","1","2","1","0"
"5569","47419","5569","72","1","1","7","4","0","2","0","1","0"
"5570","47426","5570","71","1","1","7","6","0","1","1","1","0"
"5571","47444","5571","64","1","1","7","6","0","1","1","1","0"
"5572","47459","5572","71","1","1","7","6","0","1","1","1","0"
"5573","47465","5573","72","1","1","7","6","0","1","1","1","0"
"5574","47468","5574","81","1","1","7","6","0","2","0","1","0"
"5575","47469","5575","63","1","1","7","4","0","1","1","1","0"
"5576","47471","5576","51","1","1","7","7","0","1","1","1","0"
"5577","47472","5577","71","1","2","2","6","0","1","1","1","0"
"5578","47477","5578","52","5","1","7","6","0","1","1","1","0"
"5579","47477","5579","71","5","1","7","6","0","1","1","1","0"
"5580","47478","5580","21","3","1","7","6","0","1","3","1","0"
"5581","47481","5581","52","2","3","1","6","0","1","2","1","0"
"5582","47482","5582","72","1","1","7","6","0","1","1","1","0"
"5583","47487","5583","81","1","3","1","6","0","1","1","1","0"
"5584","47489","5584","21","1","1","7","6","0","2","1","1","0"
"5585","47490","5585","72","3","3","2","6","0","1","1","1","0"
"5586","47490","5586","71","1","1","7","6","0","1","1","1","0"
"5587","47490","5587","35","1","1","7","3","0","1","1","1","0"
"5588","47490","5588","52","1","1","7","6","0","2","2","1","0"
"5589","47495","5589","71","2","2","2","6","0","1","1","1","0"
"5590","47500","5590","99","3","1","1","0","0","1","1","1","0"
"5591","47502","5591","81","3","3","2","6","0","1","2","1","0"
"5592","47504","5592","51","1","1","7","3","0","1","1","1","0"
"5593","47505","5593","21","1","1","7","4","1","0","3","2","0"
"5594","47507","5594","72","1","1","7","6","0","1","1","1","0"
"5595","47513","5595","41","1","1","7","6","1","0","1","2","0"
"5596","47516","5596","72","3","1","7","6","0","1","1","1","0"
"5597","47516","5597","72","1","2","1","6","0","1","1","1","0"
"5598","47520","5598","52","3","1","7","0","0","2","0","1","0"
"5599","47523","5599","81","1","1","7","6","1","0","0","2","0"
"5600","47524","5600","21","3","1","1","6","0","1","1","1","0"
"5601","47524","5601","25","1","1","7","6","1","0","0","2","0"
"5602","47524","5602","21","1","1","1","6","1","0","1","2","0"
"5603","47524","5603","72","2","1","7","6","0","1","2","1","0"
"5604","47524","5604","25","3","1","7","6","1","0","1","2","0"
"5605","47526","5605","21","3","1","7","6","0","2","0","1","0"
"5606","47526","5606","52","3","3","2","0","0","1","0","1","0"
"5607","47526","5607","21","2","1","7","4","1","0","1","2","0"
"5608","47526","5608","51","3","3","1","6","0","1","1","1","0"
"5609","47527","5609","51","1","1","7","6","0","1","1","1","0"
"5610","47529","5610","35","1","3","1","6","0","1","1","1","0"
"5611","47531","5611","28","3","1","7","0","1","0","0","2","0"
"5612","47531","5612","51","1","2","1","6","0","1","1","1","0"
"5613","47531","5613","52","1","1","7","0","0","3","0","1","0"
"5614","47532","5614","51","3","1","7","6","1","3","2","2","0"
"5615","47533","5615","53","2","1","7","0","0","1","1","1","0"
"5616","47533","5616","52","1","3","2","6","0","0","1","3","0"
"5617","47533","5617","81","3","1","7","6","0","2","0","1","0"
"5618","47533","5618","81","3","2","2","0","0","0","0","3","0"
"5619","47533","5619","51","3","1","7","0","0","1","0","1","0"
"5620","47533","5620","52","1","1","7","0","0","1","0","1","0"
"5621","47533","5621","22","1","1","7","6","2","0","0","2","0"
"5622","47533","5622","52","3","1","7","0","2","0","0","2","0"
"5623","47533","5623","81","3","4","2","6","1","0","1","2","0"
"5624","47533","5624","52","3","1","7","0","0","1","1","1","0"
"5625","47533","5625","52","3","1","7","0","0","1","0","1","0"
"5626","47533","5626","52","1","1","7","0","0","1","0","1","0"
"5627","47533","5627","81","3","3","1","0","0","1","0","1","0"
"5628","47533","5628","51","1","3","1","6","0","1","1","1","0"
"5629","47533","5629","51","1","1","7","6","0","2","0","1","0"
"5630","47533","5630","52","2","1","7","0","0","1","0","1","0"
"5631","47533","5631","51","1","1","2","6","0","2","1","1","0"
"5632","47533","5632","52","2","1","2","0","0","1","0","1","0"
"5633","47533","5633","51","1","1","7","6","0","1","2","1","0"
"5634","47534","5634","52","1","3","2","0","0","1","0","1","0"
"5635","47534","5635","52","3","1","7","6","0","4","0","1","0"