"accident_id","lieu_id","date_id","cause_id","lum_id","intemp_id","etat_surface_id","impliq_id","nb_blesses_graves","nb_blesses_legers","nb_indemnes","gravite","nb_morts"
"5636","47534","5636","52","4","1","7","0","2","0","0","3","0"
"5637","47534","5637","51","1","1","7","0","0","1","0","1","0"
"5638","47534","5638","41","1","1","7","6","1","0","0","3","0"
"5639","47534","5639","51","1","1","7","6","0","2","1","1","0"
"5640","47534","5640","51","1","2","2","6","1","0","4","2","0"
"5641","47534","5641","52","3","1","7","0","0","1","0","1","0"
"5642","47534","5642","52","1","1","1","0","0","2","0","1","0"
"5643","47534","5643","51","3","3","1","6","0","2","3","1","0"
"5644","47534","5644","52","1","3","1","6","0","1","1","1","0"
"5645","47534","5645","81","1","1","7","0","1","0","0","2","0"
"5646","47534","5646","52","5","7","1","0","0","1","0","3","0"
"5647","47534","5647","52","3","3","1","0","0","0","1","0","0"
"5648","47534","5648","51","3","3","1","6","0","1","5","1","0"
"5649","47534","772","73","1","1","1","6","1","0","1","2","0"
"5650","47534","5650","51","1","3","1","6","0","3","0","1","0"
"5651","47534","5651","51","1","3","2","6","0","2","1","1","0"
"5652","47534","5652","81","1","2","1","2","0","1","1","1","0"
"5653","47537","5653","25","3","1","7","6","0","1","2","1","0"
"5654","47537","5654","64","1","1","7","5","0","1","1","1","0"
"5655","47537","5655","51","1","1","7","6","0","1","1","1","0"
"5656","47538","5656","61","1","1","1","3","0","1","1","1","0"
"5657","47538","5657","61","1","1","7","3","0","1","1","1","0"
"5658","47538","5658","61","1","1","7","3","0","1","1","1","0"
"5659","47538","5659","71","1","1","2","1","0","2","1","1","0"
"5660","47539","5660","28","3","1","7","0","0","1","0","1","0"
"5661","47541","5661","52","1","1","7","0","0","1","1","1","0"
"5662","47541","5662","72","1","1","7","6","1","0","1","2","0"
"5663","47542","5663","72","2","6","1","6","0","1","1","1","0"
"5664","47544","5664","81","1","1","7","0","0","1","0","1","0"
"5665","47549","5665","63","1","1","7","4","0","1","1","1","0"
"5666","47551","5666","64","1","3","2","6","1","1","1","2","0"
"5667","47559","5667","72","1","1","7","6","0","1","1","1","0"
"5668","47562","5668","99","1","1","7","0","0","1","0","1","0"
"5669","47562","5669","26","1","1","7","2","0","1","0","1","0"
"5670","47562","5670","26","1","1","7","2","0","1","1","1","0"
"5671","47562","5671","71","1","1","7","6","1","0","1","2","0"
"5672","47564","5672","63","1","3","2","4","0","1","1","1","0"
"5673","47564","5673","63","1","1","7","4","1","0","1","2","0"
"5674","47565","5674","71","1","1","7","6","0","1","1","1","0"
"5675","47569","5675","64","1","1","7","6","0","1","2","1","0"
"5676","47599","5676","71","2","1","1","6","1","0","1","2","0"
"5677","47601","5677","64","1","1","7","6","0","1","1","1","0"
"5678","47603","5678","72","1","1","7","6","1","0","1","2","0"
"5679","47608","5679","52","1","3","1","0","0","2","0","1","0"
"5680","47608","5680","81","3","1","7","0","1","0","0","3","0"
"5681","47609","5681","82","1","1","7","0","0","1","0","1","0"
"5682","47609","5682","51","1","1","7","6","0","2","1","1","0"
"5683","47612","5683","72","1","1","7","6","0","1","1","1","0"
"5684","47613","5684","52","3","3","2","6","0","4","3","1","0"
"5685","47614","5685","52","1","1","1","0","0","1","0","1","0"
"5686","47614","5686","35","1","2","1","6","0","1","1","1","0"
"5687","47614","5687","52","1","4","4","0","0","1","0","1","0"
"5688","47618","5688","81","3","1","7","6","0","5","0","1","0"
"5689","47618","5689","51","3","3","1","6","0","2","0","1","0"
"5690","47618","5690","52","1","1","7","0","0","1","1","1","0"
"5691","47618","5691","41","3","1","7","6","0","2","1","1","0"
"5692","47618","5692","52","1","1","7","0","0","1","0","1","0"
"5693","47619","5693","52","3","1","7","0","0","1","0","1","0"
"5694","47619","5694","51","1","3","1","6","0","1","2","1","0"
"5695","47619","5695","51","2","1","7","6","0","2","2","1","0"
"5696","47619","5696","18","1","1","7","6","0","1","2","1","0"
"5697","47619","5697","51","2","1","4","6","0","1","1","1","0"
"5698","47620","5698","51","3","3","2","0","0","2","0","1","0"
"5699","47620","5699","52","1","1","7","5","0","1","1","1","0"
"5700","47620","5700","81","3","1","7","0","1","0","0","2","0"
"5701","47621","5701","82","3","1","7","0","0","0","0","3","0"
"5702","47625","5702","72","3","1","7","9","0","0","1","3","0"
"5703","47625","5703","52","1","1","7","0","0","1","0","1","0"
"5704","47626","5704","72","1","1","7","9","1","0","1","2","0"
"5705","47628","5705","71","1","3","2","9","1","0","1","2","0"
"5706","47628","5706","74","1","1","7","9","0","1","1","1","0"
"5707","47628","5707","75","1","2","2","9","1","0","2","2","0"
"5708","47629","5708","71","3","1","7","9","0","0","1","3","0"
"5709","47629","5709","81","3","1","7","0","0","1","0","1","0"
"5710","47631","5710","72","1","1","7","6","0","1","1","1","0"
"5711","47631","5711","73","4","1","7","9","1","0","1","2","0"
"5712","47632","5712","36","1","1","1","6","0","1","1","1","0"
"5713","47632","5713","52","1","1","7","0","0","0","0","3","0"
"5714","47632","5714","72","1","1","7","5","0","1","1","1","0"
"5715","47632","5715","72","1","1","7","6","0","1","1","1","0"
"5716","47633","5716","51","1","3","1","6","0","1","1","1","0"
"5717","47633","5717","61","1","1","7","3","0","1","1","1","0"
"5718","47634","5718","52","2","3","2","6","0","1","1","1","0"
"5719","47636","5719","21","3","1","7","4","2","0","0","2","0"
"5720","47638","5720","51","1","3","2","6","1","3","1","2","0"
"5721","47638","5721","51","2","1","7","6","0","1","4","1","0"
"5722","47638","5722","41","3","1","7","6","0","1","1","1","0"
"5723","47638","5723","51","1","1","7","6","0","1","4","1","0"
"5724","47639","5724","72","3","3","1","6","0","1","1","1","0"
"5725","47639","5725","52","3","6","2","0","1","2","0","2","0"
"5726","47639","5726","52","3","1","7","0","0","1","0","1","0"
"5727","47639","5727","51","1","4","2","6","1","0","2","2","0"
"5728","47640","5728","52","3","1","7","0","0","1","0","1","0"
"5729","47640","5729","52","1","1","7","0","0","2","0","1","0"
"5730","47640","5730","51","3","1","7","0","0","1","0","1","0"
"5731","47640","5731","52","1","1","7","0","0","1","0","1","0"
"5732","47640","5732","52","3","3","2","0","0","1","1","1","0"
"5733","47640","5733","81","1","1","7","0","0","1","0","1","0"
"5734","47640","5734","52","1","1","7","0","0","0","0","3","0"
"5735","47641","5735","51","1","1","7","6","0","2","2","1","0"
"5736","47641","5736","51","1","1","7","6","1","0","3","2","0"
"5737","47641","5737","51","1","1","7","6","1","0","2","2","0"
"5738","47641","5738","51","2","1","7","6","0","3","1","1","0"
"5739","47641","5739","51","3","3","1","7","1","0","1","2","0"
"5740","47641","5740","52","3","1","7","0","0","1","1","1","0"
"5741","47641","5741","51","3","1","7","7","0","1","1","1","0"
"5742","47641","5742","51","3","1","7","6","0","1","2","1","0"
"5743","47641","5743","52","3","1","7","0","0","1","0","1","0"
"5744","47643","5744","52","1","2","2","0","0","0","0","3","0"
"5745","47643","5745","51","1","2","2","6","0","2","1","1","0"
"5746","47643","5746","52","1","1","2","0","0","1","0","1","0"
"5747","47643","5747","81","1","1","7","0","0","1","0","1","0"
"5748","47645","5748","72","1","1","7","6","1","0","1","2","0"
"5749","47658","5749","63","1","1","7","3","0","1","1","1","0"
"5750","47662","5750","81","1","1","7","0","0","0","0","3","0"
"5751","47684","5751","16","1","1","7","4","0","1","1","1","0"
"5752","47684","5752","71","3","3","2","5","0","2","0","1","0"
"5753","47697","5753","61","1","1","2","4","0","1","1","1","0"
"5754","47697","5754","71","1","1","7","6","0","1","1","1","0"
"5755","47697","5755","64","3","1","7","4","0","1","1","1","0"
"5756","47697","5756","24","3","1","7","4","1","0","1","2","0"
"5757","47701","5757","81","1","1","7","2","1","0","1","2","0"
"5758","47701","5758","26","1","1","7","1","0","1","1","1","0"
"5759","47704","5759","72","1","1","7","6","0","1","1","1","0"
"5760","47705","5760","64","1","1","7","4","1","0","1","2","0"
"5761","47709","5761","72","1","1","7","6","0","1","1","1","0"
"5762","47710","5762","71","1","4","2","6","0","1","1","1","0"
"5763","47710","5763","72","1","1","7","6","0","1","1","1","0"
"5764","47713","5764","52","1","1","7","7","1","0","1","2","0"
"5765","47713","5765","64","1","1","1","4","0","1","1","1","0"
"5766","47715","5766","63","1","1","7","6","0","1","2","1","0"
"5767","48280","5767","21","2","1","7","6","0","2","0","1","0"
"5768","48297","5768","41","1","1","7","6","1","0","1","2","0"
"5769","48299","5769","81","3","7","1","6","0","1","0","1","0"
"5770","48303","5770","72","4","1","1","6","0","1","1","1","0"
"5771","48303","5771","72","3","3","1","6","0","1","1","1","0"
"5772","48305","5772","36","1","4","4","6","3","2","0","3","0"
"5773","48311","5773","23","1","3","1","6","0","2","0","1","0"
"5774","48312","5774","52","1","1","7","0","2","3","0","2","0"
"5775","48312","5775","52","3","1","7","0","1","0","0","2","0"
"5776","48313","5776","35","1","1","7","4","0","1","1","1","0"
"5777","48313","5777","21","3","3","2","6","0","1","1","1","0"
"5778","48331","5778","64","1","1","7","6","1","0","1","2","0"
"5779","48336","5779","36","1","1","7","6","0","1","1","1","0"
"5780","48363","5780","72","1","1","7","6","0","1","1","1","0"
"5781","48367","5781","72","1","1","7","6","0","1","1","1","0"
"5782","48387","5782","67","1","1","7","4","0","1","1","1","0"
"5783","48387","5783","67","1","1","7","6","0","2","1","1","0"
"5784","48389","5784","21","1","1","7","5","0","1","0","1","0"
"5785","48393","5785","72","1","1","7","6","0","2","0","1","0"
"5786","48394","5786","23","1","1","7","4","0","1","1","1","0"
"5787","48394","5787","71","1","1","1","6","0","1","1","1","0"
"5788","48394","5788","67","1","1","1","6","0","1","1","1","0"
"5789","48435","5789","14","1","1","7","3","0","2","1","1","0"
"5790","48436","5790","72","1","1","7","6","0","1","1","1","0"
"5791","48436","5791","72","1","1","7","3","0","1","1","1","0"
"5792","48437","5792","72","1","1","7","6","0","1","1","1","0"
"5793","48437","5793","73","1","1","7","6","0","1","1","1","0"
"5794","48470","5794","51","1","1","7","6","0","1","1","1","0"
"5795","48483","5795","53","1","6","2","2","0","1","0","1","0"
"5796","48489","5796","52","1","1","7","6","0","1","1","1","0"
"5797","48490","5797","51","1","1","1","6","0","4","1","1","0"
"5798","48505","5798","71","1","1","7","6","0","1","1","1","0"
"5799","48508","5799","26","1","1","7","2","0","1","1","1","0"
"5800","48514","5800","23","1","2","2","6","0","1","1","1","0"
"5801","48514","5801","25","3","1","7","6","0","1","0","1","0"
"5802","48516","5802","52","1","1","7","2","1","0","1","2","0"
"5803","48516","5803","26","5","1","7","1","0","1","1","1","0"
"5804","48519","5804","72","3","2","1","6","1","1","0","2","0"
"5805","48531","5805","53","3","1","7","6","0","1","1","1","0"
"5806","48539","5806","64","1","2","2","4","0","1","1","1","0"
"5807","48539","5807","63","1","1","7","4","1","0","1","2","0"
"5808","48558","5808","26","2","3","2","1","1","0","1","2","0"
"5809","48558","5809","72","1","1","7","6","0","1","1","1","0"
"5810","48569","5810","85","3","1","7","6","0","1","1","1","0"
"5811","48569","5811","52","1","1","7","6","0","3","0","1","0"
"5812","48569","5812","81","3","1","7","2","1","0","1","2","0"
"5813","48569","5813","52","3","1","2","0","0","1","0","1","0"
"5814","48571","5814","72","1","1","2","6","1","0","1","2","0"
"5815","48571","5815","25","2","1","7","6","0","1","0","1","0"
"5816","48572","5816","64","3","1","7","6","0","1","1","1","0"
"5817","48580","5817","52","3","3","1","0","1","0","0","2","0"
"5818","48580","5818","52","3","1","7","0","1","0","0","2","0"
"5819","48580","5819","52","1","3","2","0","1","0","0","2","0"
"5820","48580","5820","52","3","1","2","0","0","2","0","1","0"
"5821","48581","5821","51","1","1","7","6","0","1","1","1","0"
"5822","48581","5822","52","3","1","1","0","0","3","2","1","0"
"5823","48582","5823","23","1","3","1","6","0","2","1","1","0"
"5824","48582","5824","52","1","1","7","0","1","0","0","2","0"
"5825","48582","5825","52","1","1","7","0","0","1","0","1","0"
"5826","48582","5826","99","3","1","7","4","0","2","0","1","0"
"5827","48582","5827","52","1","3","1","6","0","4","1","1","0"
"5828","48582","5828","51","3","1","1","6","0","2","5","1","0"
"5829","48582","5829","28","5","1","7","9","1","0","0","2","0"
"5830","48591","5830","72","1","3","1","6","0","1","1","1","0"
"5831","48591","5831","72","1","1","7","6","0","1","1","1","0"
"5832","48592","5832","72","1","1","7","6","0","1","1","1","0"
"5833","48593","5833","51","1","1","7","6","0","1","1","1","0"
"5834","48594","5834","31","1","1","7","6","0","1","1","1","0"
"5835","48594","5835","67","1","1","7","6","1","0","1","2","0"
"5836","48595","5836","67","3","1","7","6","1","3","0","2","0"
"5837","48595","5837","72","1","1","7","6","1","0","1","2","0"
"5838","48595","5838","51","1","1","7","6","0","1","1","1","0"
"5839","48595","5839","52","2","1","7","6","0","1","0","1","0"
"5840","48595","5840","51","2","2","2","6","0","1","1","1","0"
"5841","48595","5841","63","1","1","7","6","0","1","1","1","0"
"5842","48596","5842","72","2","1","7","6","0","1","1","1","0"
"5843","48596","5843","51","1","1","7","6","0","1","1","1","0"
"5844","48596","5844","26","3","1","1","2","0","1","1","1","0"
"5845","48596","5845","71","1","3","1","6","0","1","1","1","0"
"5846","48597","5846","52","1","1","7","6","0","1","1","1","0"
"5847","48598","5847","53","1","1","7","6","0","1","1","1","0"
"5848","48599","5848","52","1","1","7","6","0","1","0","3","0"
"5849","48599","5849","28","1","1","7","9","0","2","0","1","0"
"5850","48607","5850","11","3","3","2","6","0","1","1","1","0"
"5851","48619","5851","72","1","1","7","6","0","1","1","1","0"
"5852","48619","5852","72","1","1","7","6","0","1","1","1","0"
"5853","48623","5853","26","1","1","7","2","0","1","1","1","0"
"5854","48628","5854","18","2","3","1","6","0","1","1","1","0"
"5855","48628","5855","14","3","1","7","6","0","1","1","1","0"
"5856","48629","5856","52","1","1","7","0","1","2","0","2","0"
"5857","48629","5857","51","1","3","2","3","0","1","1","1","0"
"5858","48629","5858","72","1","1","7","4","0","2","0","1","0"
"5859","48629","5859","52","3","3","2","0","1","0","0","3","0"
"5860","48629","5860","72","1","1","7","6","0","1","1","1","0"
"5861","48629","5861","22","1","3","1","5","0","3","0","1","0"
"5862","48629","5862","26","1","1","7","5","0","1","1","1","0"
"5863","48630","5863","52","3","1","7","0","0","1","0","1","0"
"5864","48630","5864","26","2","1","7","1","0","1","1","1","0"
"5865","48630","5865","23","1","3","2","6","0","2","3","1","0"
"5866","48633","5866","72","1","3","2","6","0","1","1","1","0"
"5867","48633","5867","35","2","1","7","4","0","1","2","1","0"
"5868","48633","5868","71","1","2","1","6","0","1","1","1","0"
"5869","48633","5869","51","1","3","2","6","0","1","1","1","0"
"5870","48634","5870","71","1","1","7","6","0","1","1","1","0"
"5871","48634","5871","26","1","3","1","1","0","1","1","1","0"
"5872","48634","5872","36","1","1","7","3","0","1","1","1","0"
"5873","48634","5873","26","3","2","2","2","0","1","1","1","0"
"5874","48635","5874","72","3","1","7","6","0","1","1","1","0"
"5875","48635","5875","26","1","1","7","2","0","2","1","1","0"
"5876","48636","5876","72","2","1","7","6","1","0","1","2","0"
"5877","48636","5877","64","1","1","7","6","0","3","0","1","0"
"5878","48636","5878","35","3","1","7","6","0","1","1","1","0"
"5879","48636","5879","64","1","1","7","6","0","1","1","1","0"
"5880","48636","5880","67","1","1","7","4","0","1","1","1","0"
"5881","48640","5881","21","1","1","7","6","0","1","1","1","0"
"5882","48667","5882","53","1","1","7","6","0","2","1","1","0"
"5883","48669","5883","52","1","4","2","7","1","0","1","2","0"
"5884","48670","5884","51","1","1","1","6","0","1","2","1","0"
"5885","48680","5885","21","3","3","1","6","0","1","0","1","0"
"5886","48688","5886","72","1","1","7","4","0","2","0","1","0"
"5887","48688","5887","72","1","1","7","6","0","1","1","1","0"
"5888","48688","5888","53","3","1","7","6","0","1","1","1","0"
"5889","48698","5889","52","1","1","7","6","0","1","1","1","0"
"5890","48708","5890","72","1","1","7","2","1","0","2","2","0"
"5891","48719","5891","72","1","1","7","6","1","0","1","2","0"
"5892","48719","5892","72","1","1","7","6","0","1","1","1","0"
"5893","48753","5893","26","3","1","7","1","0","1","1","1","0"
"5894","48755","5894","52","1","1","7","6","0","2","2","1","0"
"5895","48755","5895","51","1","1","7","6","0","1","3","1","0"
"5896","48790","5896","71","1","1","7","4","0","1","1","1","0"
"5897","48790","5897","52","3","1","7","0","0","3","0","1","0"
"5898","48794","5898","21","3","3","2","6","0","1","1","1","0"
"5899","48797","5899","72","3","1","7","6","0","1","1","1","0"
"5900","48797","5900","22","1","1","7","3","0","1","1","1","0"
"5901","48837","5901","21","1","1","1","6","0","1","1","1","0"
"5902","48837","5902","23","1","3","2","6","1","2","0","2","0"
"5903","48838","5903","72","3","1","1","6","1","0","1","2","0"
"5904","48838","5904","52","2","2","2","6","0","2","1","1","0"
"5905","48838","908","52","1","3","1","6","3","3","0","2","0"
"5906","48839","5906","76","1","1","1","6","0","1","1","1","0"
"5907","48839","5907","52","1","1","7","6","4","0","0","2","0"
"5908","48839","5908","81","3","2","1","6","0","1","0","1","0"
"5909","48839","5909","27","1","1","7","9","0","1","0","1","0"
"5910","48839","5910","72","1","1","2","6","0","1","1","1","0"
"5911","48840","5911","21","1","3","2","6","0","1","2","1","0"
"5912","48840","5912","21","2","3","2","6","0","1","0","1","0"
"5913","48842","5913","23","1","1","7","6","0","1","1","1","0"
"5914","48842","5914","26","1","1","7","1","0","1","1","1","0"
"5915","48842","5915","26","1","3","1","2","0","1","1","1","0"
"5916","48842","5916","71","1","1","7","6","1","0","1","2","0"
"5917","48842","5917","52","5","3","2","6","0","1","3","1","0"
"5918","48843","5918","51","1","1","7","6","0","1","2","1","0"
"5919","48844","5919","72","1","6","1","6","0","1","1","1","0"
"5920","48846","5920","16","1","1","7","4","0","1","1","1","0"
"5921","48846","5921","71","1","1","7","6","0","1","1","1","0"
"5922","48846","5922","72","1","1","7","6","0","1","1","1","0"
"5923","48847","5923","25","3","1","7","6","0","2","3","1","0"
"5924","48847","5924","52","1","1","7","6","0","1","0","1","0"
"5925","48847","5925","25","3","1","7","6","0","1","1","1","0"
"5926","48848","5926","51","1","1","7","3","0","1","1","1","0"
"5927","48851","5927","25","1","1","7","8","0","1","1","1","0"
"5928","48851","5928","13","1","1","7","3","1","0","1","2","0"
"5929","48851","5929","51","1","1","7","8","0","2","1","1","0"
"5930","48851","5930","51","1","1","7","6","0","2","1","1","0"
"5931","48852","5931","72","3","1","7","4","0","1","1","1","0"
"5932","48861","5932","36","3","1","7","6","4","2","0","3","1"
"5933","48861","5933","51","3","1","1","6","2","3","1","2","0"
"5934","48861","5934","51","3","1","7","6","0","1","2","1","0"
"5935","48861","5935","51","1","1","7","6","0","2","2","1","0"
"5936","48862","5936","52","1","1","7","6","1","1","2","2","0"
"5937","48862","5937","52","1","4","3","6","0","2","0","1","0"
"5938","48862","5938","51","1","1","7","6","0","1","2","1","0"
"5939","48862","5939","52","1","2","2","0","0","0","0","3","0"
"5940","48862","5940","52","3","1","7","0","0","0","0","3","0"
"5941","48862","5941","52","3","1","1","0","1","0","0","2","0"
"5942","48862","5942","21","3","1","7","4","0","1","1","1","0"
"5943","48862","5943","52","1","1","7","2","1","0","1","2","0"
"5944","48862","5944","52","3","1","7","0","0","1","0","1","0"
"5945","48862","5945","81","3","3","1","0","1","0","0","2","0"
"5946","48862","5946","81","3","3","1","6","2","0","0","2","0"
"5947","48862","5947","51","3","3","1","6","1","0","0","2","0"
"5948","48862","5948","21","3","1","7","4","1","1","0","2","0"
"5949","48862","5949","52","3","1","7","0","0","0","0","3","0"
"5950","48862","5950","36","1","1","7","3","0","3","0","1","0"
"5951","48862","5951","52","1","1","7","0","0","1","0","1","0"
"5952","48865","5952","21","1","1","7","3","0","1","1","1","0"
"5953","48865","5953","51","3","1","7","6","0","1","1","1","0"
"5954","48865","5954","21","3","1","7","6","0","2","0","1","0"
"5955","48919","5955","52","3","1","7","0","0","1","0","1","0"
"5956","48919","5956","28","1","1","7","0","0","1","0","1","0"
"5957","48919","5957","81","1","1","7","6","0","3","0","1","0"
"5958","48919","5958","52","3","3","1","0","1","0","2","2","0"
"5959","48919","5959","35","1","1","7","3","1","0","0","2","0"
"5960","48920","5960","20","1","3","2","2","1","0","1","2","0"
"5961","48921","5961","26","4","1","7","2","1","0","1","2","0"
"5962","48921","5962","72","3","3","2","6","0","1","1","1","0"
"5963","48922","5963","71","3","1","7","6","1","0","1","2","0"
"5964","48922","5964","71","1","3","1","6","0","1","1","1","0"
"5965","48922","5965","76","1","1","7","2","1","0","1","2","0"
"5966","48926","5966","71","1","1","7","6","0","1","1","1","0"
"5967","48927","5967","67","3","1","7","4","0","1","1","1","0"
"5968","48929","5968","71","1","1","7","6","0","1","1","1","0"
"5969","48930","5969","34","1","1","7","6","0","1","1","1","0"
"5970","48930","5970","61","1","1","7","4","0","1","1","1","0"
"5971","48931","5971","51","3","1","7","6","0","2","2","1","0"
"5972","48931","5972","52","1","1","7","2","1","0","1","2","0"
"5973","48932","5973","23","1","1","1","6","0","2","1","1","0"
"5974","48932","5974","16","1","1","7","6","0","1","1","1","0"
"5975","48932","5975","71","1","1","7","6","0","1","1","1","0"
"5976","48933","5976","64","1","1","7","7","1","0","1","2","0"
"5977","48933","5977","52","1","3","2","0","0","0","0","3","0"
"5978","48933","5978","21","1","3","2","7","1","0","1","2","0"
"5979","48933","5979","17","1","1","1","2","1","0","1","2","0"
"5980","48933","5980","51","2","3","2","3","0","0","2","3","0"
"5981","48933","5981","26","1","1","7","2","0","1","1","1","0"
"5982","48933","5982","81","3","3","2","6","0","1","1","1","0"
"5983","48933","5983","52","1","1","1","0","0","1","0","1","0"
"5984","48933","5984","81","3","3","1","2","1","0","1","2","0"
"5985","48933","5985","23","3","4","3","6","0","1","0","1","0"
"5986","48933","5986","52","3","1","7","6","1","0","1","2","0"
"5987","48933","5987","52","3","6","1","0","2","0","0","2","0"
"5988","48933","5988","72","3","1","7","5","1","1","0","2","0"
"5989","48965","5989","26","1","1","7","2","0","1","1","1","0"
"5990","48966","5990","52","1","2","1","6","0","1","1","1","0"
"5991","48976","5991","64","1","1","7","6","0","1","1","1","0"
"5992","48978","5992","72","1","1","7","6","0","1","1","1","0"
"5993","49021","5993","25","1","1","7","6","0","1","1","1","0"
"5994","49028","5994","81","3","1","7","6","0","1","1","1","0"
"5995","49033","5995","21","1","1","7","6","0","2","0","1","0"
"5996","49040","5996","51","2","1","7","6","0","1","3","1","0"
"5997","49045","5997","71","3","1","7","6","0","1","1","1","0"
"5998","49048","5998","20","1","1","7","6","0","1","1","1","0"
"5999","49051","5999","82","1","1","7","6","0","2","0","1","0"
"6000","49056","6000","81","3","3","1","6","0","1","1","1","0"
"6001","49061","6001","25","3","3","2","6","0","2","0","1","0"
"6002","49061","6002","76","1","1","7","6","1","0","1","2","0"
"6003","49061","6003","71","1","3","1","6","0","1","1","1","0"
"6004","49063","6004","41","1","1","7","6","0","2","0","1","0"
"6005","49063","6005","52","3","1","1","0","0","1","0","1","0"
"6006","49063","6006","52","3","1","7","0","0","0","0","3","0"
"6007","49063","6007","51","1","1","7","6","0","3","3","1","0"
"6008","49063","6008","51","3","2","2","6","0","2","1","1","0"
"6009","49063","6009","51","1","1","7","6","0","2","3","1","0"
"6010","49063","6010","52","3","1","7","0","0","2","0","1","0"
"6011","49063","6011","22","1","3","2","6","0","1","0","1","0"
"6012","49063","6012","81","3","3","1","6","0","1","1","1","0"
"6013","49063","6013","52","1","3","1","0","0","1","0","1","0"
"6014","49063","6014","81","1","2","1","6","0","1","0","1","0"
"6015","49063","6015","51","1","4","2","6","0","1","2","1","0"
"6016","49063","6016","81","3","1","7","0","1","1","0","2","0"
"6017","49064","6017","52","1","1","1","0","0","0","0","3","0"
"6018","49065","6018","52","3","3","2","0","0","2","0","1","0"
"6019","49065","6019","81","3","1","7","6","0","1","0","1","0"
"6020","49066","6020","52","3","2","2","0","0","3","0","1","0"
"6021","49066","6021","51","3","7","2","6","0","2","0","1","0"
"6022","49066","6022","81","3","1","7","6","2","0","0","2","0"
"6023","49066","6023","51","1","1","1","6","0","1","2","1","0"
"6024","49066","6024","52","3","1","7","0","0","1","0","1","0"
"6025","49066","6025","51","3","1","7","6","0","1","4","1","0"
"6026","49067","6026","53","3","1","7","0","1","1","0","2","0"
"6027","49067","6027","51","1","1","7","6","1","0","2","2","0"
"6028","49067","6028","71","3","6","1","6","0","0","1","3","0"
"6029","49067","6029","52","3","1","4","0","1","1","0","3","0"
"6030","49067","6030","51","1","1","7","6","0","1","1","1","0"
"6031","49067","6031","51","1","1","7","6","1","0","1","2","0"
"6032","49067","6032","52","3","1","1","0","2","1","0","2","0"
"6033","49067","6033","51","1","1","7","6","0","1","2","1","0"
"6034","49067","6034","52","3","1","7","0","1","0","0","2","0"
"6035","49067","6035","51","3","1","7","6","0","1","0","1","0"
"6036","49067","6036","52","3","1","1","0","1","0","0","2","0"
"6037","49067","6037","51","1","1","7","6","1","0","1","2","0"
"6038","49067","6038","52","3","1","7","0","0","1","0","1","0"
"6039","49067","6039","73","1","1","7","6","1","0","5","2","0"
"6040","49067","6040","51","1","3","1","7","0","1","1","1","0"
"6041","49067","6041","52","1","7","2","6","0","1","5","1","0"
"6042","49067","6042","51","1","3","2","6","2","0","0","2","0"
"6043","49067","6043","51","1","1","7","6","0","1","3","1","0"
"6044","49067","6044","51","1","3","1","6","0","1","0","1","0"
"6045","49067","6045","21","1","1","7","3","0","1","0","1","0"
"6046","49067","6046","81","3","1","4","6","0","2","0","1","0"
"6047","49067","6047","52","3","1","7","0","0","1","0","1","0"
"6048","49067","6048","52","3","1","7","0","0","1","0","1","0"
"6049","49067","6049","51","1","1","7","6","0","3","0","1","0"
"6050","49067","6050","52","3","1","7","0","0","1","0","1","0"
"6051","49067","6051","51","2","1","7","6","0","2","1","1","0"
"6052","49067","6052","51","3","3","2","6","0","1","1","1","0"
"6053","49068","6053","52","3","1","4","0","0","1","0","1","0"
"6054","49068","6054","51","2","2","1","6","0","1","3","1","0"
"6055","49069","6055","25","3","1","7","6","0","1","1","1","0"
"6056","49069","6056","52","3","3","1","0","0","1","0","1","0"
"6057","49070","6057","52","1","1","7","0","1","0","0","2","0"
"6058","49071","6058","52","3","1","7","0","0","1","0","1","0"
"6059","49071","6059","52","1","1","1","6","0","1","1","1","0"
"6060","49071","6060","81","1","4","2","6","0","2","0","1","0"
"6061","49079","6061","52","3","1","7","0","0","1","0","1","0"
"6062","49079","6062","51","1","1","7","6","0","1","1","1","0"
"6063","49079","6063","72","1","1","7","6","0","1","1","1","0"
"6064","49081","6064","25","1","1","2","6","0","1","2","1","0"
"6065","49100","6065","36","1","1","7","6","0","1","0","1","0"
"6066","49122","658","20","3","1","7","2","0","1","0","1","0"
"6067","49122","6067","72","1","1","7","6","0","1","1","1","0"
"6068","49128","6068","25","1","3","2","7","1","0","0","2","0"
"6069","49128","6069","52","1","1","7","7","1","0","2","2","0"
"6070","49128","6070","51","1","1","7","6","0","1","1","1","0"
"6071","49129","6071","52","5","1","7","0","0","0","0","3","0"
"6072","49156","6072","71","1","1","7","6","0","1","1","1","0"
"6073","49163","6073","51","1","1","7","6","0","1","1","3","0"
"6074","49193","6074","82","1","3","1","7","0","1","1","1","0"
"6075","49198","6075","51","1","1","7","7","0","1","1","1","0"
"6076","49200","6076","64","1","1","7","6","1","0","1","2","0"
"6077","49205","6077","52","1","3","1","9","1","0","0","2","0"
"6078","49205","6078","25","3","1","7","7","0","1","1","1","0"
"6079","49206","6079","61","1","1","7","3","0","1","1","1","0"
"6080","49207","6080","81","5","1","7","7","0","1","1","1","0"
"6081","49209","6081","81","2","1","7","9","1","0","0","2","0"
"6082","49217","6082","52","3","1","7","0","4","0","0","3","0"
"6083","49217","6083","52","3","1","7","0","1","1","0","2","0"
"6084","49218","6084","52","3","1","7","0","1","0","0","2","0"
"6085","49218","6085","41","3","1","7","6","0","1","0","1","0"
"6086","49220","6086","52","1","3","2","0","0","1","0","1","0"
"6087","49222","6087","22","3","1","7","6","0","1","1","1","0"
"6088","49225","6088","52","3","1","7","0","0","1","0","1","0"
"6089","49225","6089","28","3","3","2","9","0","1","1","1","0"
"6090","49226","6090","52","3","1","7","6","3","0","0","2","0"
"6091","49226","6091","52","3","3","2","0","2","0","0","2","0"
"6092","49238","6092","51","1","1","7","6","0","1","2","1","0"
"6093","49240","6093","21","3","1","2","4","1","1","0","2","0"