"accident_id","lieu_id","date_id","cause_id","lum_id","intemp_id","etat_surface_id","impliq_id","nb_blesses_graves","nb_blesses_legers","nb_indemnes","gravite","nb_morts"
"6094","49246","6094","51","3","1","1","6","0","1","0","1","0"
"6095","49246","6095","64","1","1","7","6","0","1","1","1","0"
"6096","49250","6096","52","1","3","1","0","0","1","0","1","0"
"6097","49250","6097","51","1","1","7","6","0","1","2","1","0"
"6098","49250","6098","52","1","1","7","0","0","1","0","1","0"
"6099","49251","6099","52","3","1","7","6","1","0","5","2","0"
"6100","49251","6100","73","1","1","7","6","1","0","1","2","0"
"6101","49252","6101","18","1","1","4","6","2","0","0","2","0"
"6102","49252","6102","51","1","1","7","6","0","1","1","1","0"
"6103","49252","6103","52","1","3","1","0","0","2","2","1","0"
"6104","49252","6104","51","1","1","7","6","1","0","1","2","0"
"6105","49290","6105","41","1","3","2","3","0","1","1","1","0"
"6106","49422","6106","21","3","1","7","6","2","0","0","2","0"
"6107","49422","6107","52","3","1","7","0","1","0","0","2","0"
"6108","49422","6108","51","3","3","1","4","0","2","0","1","0"
"6109","49422","6109","81","3","1","7","0","0","0","0","3","0"
"6110","49423","6110","25","5","1","7","7","0","0","1","3","0"
"6111","49423","6111","52","1","1","7","0","0","1","0","1","0"
"6112","49423","6112","74","4","1","2","6","1","0","1","2","0"
"6113","49423","6113","11","1","1","7","6","0","1","1","1","0"
"6114","49439","6114","52","3","1","1","0","0","1","0","1","0"
"6115","49440","6115","52","1","1","7","0","1","0","0","2","0"
"6116","49440","6116","52","3","3","2","0","0","1","0","1","0"
"6117","49440","6117","51","1","1","7","6","0","2","0","1","0"
"6118","49440","6118","51","1","1","7","6","0","1","1","1","0"
"6119","49441","6119","61","1","1","7","4","0","1","1","1","0"
"6120","49442","6120","81","4","1","1","6","0","1","1","1","0"
"6121","49464","6121","52","1","1","7","0","0","1","1","1","0"
"6122","49467","6122","52","1","1","7","6","0","1","2","1","0"
"6123","49489","6123","26","1","1","7","1","0","1","1","1","0"
"6124","49489","6124","72","1","1","7","8","0","1","1","1","0"
"6125","49489","6125","71","1","1","7","6","0","1","1","1","0"
"6126","49489","6126","67","1","1","7","4","0","1","1","1","0"
"6127","49489","6127","61","1","3","2","4","0","1","1","1","0"
"6128","49491","6128","73","1","1","7","6","1","0","1","2","0"
"6129","49501","6129","21","3","3","2","6","0","1","3","1","0"
"6130","49547","6130","63","1","1","7","6","0","1","1","1","0"
"6131","49559","6131","72","1","1","7","6","0","1","1","1","0"
"6132","49560","6132","26","1","3","1","1","0","1","1","1","0"
"6133","49562","6133","72","1","1","2","6","0","1","1","1","0"
"6134","49562","6134","64","1","2","2","4","0","1","1","1","0"
"6135","49573","6135","67","1","1","7","4","0","1","1","1","0"
"6136","49574","6136","51","1","1","7","6","1","0","1","2","0"
"6137","49578","6137","25","3","3","2","6","0","1","1","1","0"
"6138","49614","6138","72","1","1","7","6","0","1","1","1","0"
"6139","49635","6139","81","3","5","3","6","0","1","1","1","0"
"6140","49643","6140","74","3","1","7","9","0","1","0","1","0"
"6141","49643","6141","72","3","3","2","9","0","1","0","3","0"
"6142","49643","6142","21","1","1","7","3","0","2","0","1","0"
"6143","49643","6143","52","3","1","7","0","2","0","0","2","0"
"6144","49643","6144","52","1","7","1","0","0","0","0","3","0"
"6145","49657","6145","51","1","1","7","6","0","3","1","1","0"
"6146","49657","6146","51","3","3","2","6","0","1","2","1","0"
"6147","49660","6147","33","5","3","2","6","2","2","1","2","0"
"6148","49663","6148","52","1","1","2","6","0","2","0","1","0"
"6149","49683","6149","52","5","1","1","0","0","2","0","1","0"
"6150","49683","6150","52","3","1","2","0","0","2","0","1","0"
"6151","49690","6151","81","3","1","7","6","0","3","0","1","0"
"6152","49692","6149","52","5","1","1","0","0","2","0","1","0"
"6153","49693","6153","51","1","1","7","6","0","2","0","1","0"
"6154","49694","6154","72","1","1","7","7","0","1","1","1","0"
"6155","49696","6155","52","1","1","7","0","0","1","0","1","0"
"6156","49697","6156","13","1","1","7","6","0","2","2","1","0"
"6157","49700","6157","21","1","1","7","6","0","2","0","1","0"
"6158","49712","6158","52","4","6","7","0","1","0","0","2","0"
"6159","49712","6159","21","1","1","7","6","0","1","1","1","0"
"6160","49754","6160","26","1","1","7","2","2","1","1","2","0"
"6161","49754","6161","72","1","1","7","6","0","1","1","1","0"
"6162","49754","6162","72","1","1","7","6","0","1","1","1","0"
"6163","49754","6163","21","1","1","7","6","1","0","1","2","0"
"6164","49754","6164","26","1","1","7","2","0","1","1","1","0"
"6165","49754","6165","67","3","1","7","5","0","1","1","1","0"
"6166","49759","6166","71","1","1","7","6","0","1","0","1","0"
"6167","50122","6167","51","2","1","7","6","0","1","1","1","0"
"6168","50140","6168","25","1","1","7","6","0","1","1","1","0"
"6169","50142","6169","26","1","1","1","6","1","0","1","2","0"
"6170","50159","6170","36","1","1","7","3","0","1","1","1","0"
"6171","50181","6171","21","1","1","2","6","0","1","1","1","0"
"6172","50183","6172","64","1","1","7","3","0","1","1","1","0"
"6173","50183","6173","52","1","1","7","6","0","1","1","1","0"
"6174","50184","6174","81","1","1","7","6","1","2","0","2","0"
"6175","50184","6175","51","3","1","7","7","0","1","1","1","0"
"6176","50184","6176","51","1","3","2","3","0","1","2","1","0"
"6177","50192","6177","72","1","1","7","6","0","1","1","1","0"
"6178","50193","6178","51","1","1","7","6","0","1","1","1","0"
"6179","50193","6179","72","1","1","7","6","0","1","1","1","0"
"6180","50195","6180","72","1","1","7","6","1","0","1","2","0"
"6181","50195","6181","26","3","1","7","6","0","1","2","1","0"
"6182","50195","6182","52","3","1","7","6","0","1","1","1","0"
"6183","50196","6183","23","3","1","7","5","0","1","1","1","0"
"6184","50196","6184","61","1","1","7","4","0","1","1","1","0"
"6185","50204","6185","86","1","1","1","2","1","0","1","2","0"
"6186","50205","6186","72","1","1","7","6","0","1","1","1","0"
"6187","50209","6187","72","1","2","2","6","1","0","1","2","0"
"6188","50209","6188","25","3","1","7","6","0","1","0","1","0"
"6189","50210","6189","72","1","1","7","6","1","0","1","2","0"
"6190","50211","6190","26","1","1","7","1","0","1","1","1","0"
"6191","50214","6191","72","3","1","7","6","0","1","1","1","0"
"6192","50214","6192","63","1","1","7","4","0","1","1","1","0"
"6193","50214","6193","25","3","3","1","0","1","0","0","2","0"
"6194","50214","6194","20","1","1","7","2","0","1","1","1","0"
"6195","50214","6195","71","3","1","7","6","0","1","1","1","0"
"6196","50214","6196","25","1","4","3","6","0","1","0","1","0"
"6197","50214","6197","51","1","1","7","2","1","1","1","2","0"
"6198","50215","6198","25","3","3","2","6","0","1","0","1","0"
"6199","50216","6199","81","3","1","1","6","0","1","1","1","0"
"6200","50217","6200","72","1","1","7","6","0","1","1","1","0"
"6201","50218","6201","71","3","3","1","6","0","1","1","1","0"
"6202","50219","6202","28","3","1","7","9","0","1","0","1","0"
"6203","50219","6203","52","3","2","2","6","0","1","1","1","0"
"6204","50219","6204","67","2","3","1","4","1","0","1","2","0"
"6205","50219","6205","25","3","7","2","6","2","0","0","2","0"
"6206","50233","6206","72","2","1","7","6","0","1","1","1","0"
"6207","50235","6207","52","1","1","7","6","0","1","1","1","0"
"6208","50235","6208","26","1","1","7","1","1","0","1","2","0"
"6209","50235","6209","26","1","1","7","1","0","1","1","1","0"
"6210","50235","6210","52","1","1","7","6","0","3","1","1","0"
"6211","50253","6211","25","1","1","7","6","0","1","1","1","0"
"6212","50253","6212","16","1","1","7","6","0","1","1","1","0"
"6213","50253","6213","25","1","2","2","6","0","1","1","1","0"
"6214","50253","6214","23","1","1","7","6","0","1","1","1","0"
"6215","50253","6215","67","1","1","7","8","0","1","1","1","0"
"6216","50253","6216","51","3","1","7","3","0","1","0","1","0"
"6217","50254","6217","26","5","1","7","2","0","1","1","1","0"
"6218","50254","6218","71","3","6","7","6","0","1","1","1","0"
"6219","50260","6219","51","3","3","2","6","0","1","2","1","0"
"6220","50260","6220","51","1","4","4","6","0","1","1","1","0"
"6221","50268","6221","63","3","1","7","4","0","1","1","1","0"
"6222","50268","6222","64","1","1","7","4","0","1","1","1","0"
"6223","50268","6223","72","3","1","7","6","1","0","1","2","0"
"6224","50269","6224","72","1","1","7","6","0","1","1","1","0"
"6225","50277","6225","14","1","1","7","6","0","1","1","1","0"
"6226","50278","6226","71","1","1","7","6","1","0","1","2","0"
"6227","50278","6227","62","1","1","7","5","0","1","0","1","0"
"6228","50278","6228","71","1","1","1","6","1","0","1","2","0"
"6229","50278","6229","64","1","1","7","4","0","1","1","1","0"
"6230","50279","6230","52","2","1","7","0","0","2","0","1","0"
"6231","50283","6231","52","1","1","7","6","0","1","1","1","0"
"6232","50288","6232","67","5","3","1","6","0","1","1","1","0"
"6233","50288","6233","52","1","1","7","0","0","2","0","1","0"
"6234","50288","6234","64","2","3","1","3","0","1","1","1","0"
"6235","50289","6235","26","1","1","7","2","0","1","1","1","0"
"6236","50289","6236","63","1","1","7","3","0","1","0","1","0"
"6237","50289","6237","51","1","1","7","3","0","1","0","1","0"
"6238","50289","6238","52","1","3","1","0","0","2","0","1","0"
"6239","50290","6239","71","1","1","7","4","1","0","1","2","0"
"6240","50290","6240","26","3","2","2","2","1","1","0","2","0"
"6241","50290","6241","52","1","1","7","6","0","2","0","1","0"
"6242","50290","6242","26","2","1","1","2","0","1","1","1","0"
"6243","50290","6243","67","1","1","7","6","0","3","0","1","0"
"6244","50290","6244","26","3","3","1","2","1","0","1","2","0"
"6245","50290","6245","26","3","2","1","2","2","0","1","2","0"
"6246","50290","6246","71","1","1","7","6","0","1","1","1","0"
"6247","50292","6247","63","1","1","7","4","0","1","1","1","0"
"6248","50292","6248","67","2","1","7","6","0","2","0","1","0"
"6249","50292","6249","71","3","1","1","6","1","0","1","2","0"
"6250","50301","6250","72","1","1","7","6","0","1","1","1","0"
"6251","50325","6251","64","1","1","7","6","1","0","1","2","0"
"6252","50345","6252","52","3","1","7","6","0","1","0","1","0"
"6253","50346","6253","51","1","1","7","3","0","1","1","1","0"
"6254","50386","6254","21","1","1","7","6","0","1","1","1","0"
"6255","50396","6255","22","1","1","7","6","0","1","1","1","0"
"6256","50417","6256","21","1","1","7","6","0","1","1","1","0"
"6257","50468","6257","41","1","1","7","6","1","0","1","2","0"
"6258","50486","6258","73","1","1","7","6","0","1","1","1","0"
"6259","50491","6259","52","1","1","7","8","0","0","1","0","0"
"6260","50492","6260","51","1","1","7","6","0","1","1","1","0"
"6261","50495","6261","36","1","1","7","4","1","0","1","2","0"
"6262","51065","6262","52","1","1","7","0","0","3","1","1","0"
"6263","51071","6263","72","1","1","7","6","1","0","1","2","0"
"6264","51075","6264","51","1","1","7","0","1","0","0","2","0"
"6265","51075","6265","21","1","1","7","6","2","2","2","2","0"
"6266","51090","6266","13","5","1","7","9","1","2","0","3","1"
"6267","51090","6267","25","5","1","7","6","1","0","1","2","0"
"6268","51095","6268","81","5","1","7","0","1","0","0","2","0"
"6269","51096","6269","52","2","1","7","0","0","0","0","3","0"
"6270","51140","6270","52","5","1","7","0","1","0","1","2","0"
"6271","51146","6271","72","1","1","1","6","0","1","1","1","0"
"6272","51744","6272","36","2","1","7","3","1","0","1","2","0"
"6273","51747","6273","26","1","1","7","2","1","0","1","2","0"
"6274","51757","6274","72","1","1","7","6","1","0","0","2","0"
"6275","51763","6275","41","1","1","7","0","0","1","0","1","0"
"6276","51765","6276","72","1","1","7","6","0","1","1","1","0"
"6277","51781","6277","71","1","1","7","6","0","1","1","1","0"
"6278","51790","6278","72","2","1","7","6","0","1","1","1","0"
"6279","51824","6279","61","1","1","7","4","0","1","1","3","0"
"6280","51844","6280","26","1","1","7","2","0","1","1","1","0"
"6281","51846","6281","51","1","1","7","3","0","2","1","1","0"
"6282","51853","6282","72","1","1","7","6","0","1","1","1","0"
"6283","51860","6283","71","1","1","7","6","0","1","1","1","0"
"6284","51870","6284","21","1","1","2","6","0","1","1","1","0"
"6285","51875","6285","71","1","1","1","8","1","0","1","2","0"
"6286","51879","6286","23","1","1","7","6","1","0","1","2","0"
"6287","51879","6287","51","3","3","1","6","0","1","1","1","0"
"6288","51880","6288","72","1","1","1","6","0","1","1","1","0"
"6289","51883","6289","71","1","1","7","6","1","0","1","2","0"
"6290","51885","6290","52","3","1","7","0","0","1","0","1","0"
"6291","51886","6291","72","3","1","7","6","0","1","1","1","0"
"6292","51886","6292","51","2","1","2","6","1","0","2","2","0"
"6293","51886","6293","71","3","1","1","6","0","1","1","1","0"
"6294","51888","6294","52","1","3","2","7","1","1","1","2","0"
"6295","51890","6295","81","3","1","1","6","0","1","0","1","0"
"6296","51890","6296","72","1","1","7","4","1","0","1","2","0"
"6297","51892","6297","71","1","1","7","6","1","0","1","2","0"
"6298","51892","6298","71","3","1","7","6","1","0","1","2","0"
"6299","51896","6299","52","3","1","7","0","0","1","1","1","0"
"6300","51898","6300","71","3","3","1","6","1","0","1","2","0"
"6301","51915","6301","25","3","1","7","6","0","1","1","1","0"
"6302","51922","6302","81","3","1","7","3","1","0","1","2","0"
"6303","51924","6303","51","1","1","7","6","0","1","1","1","0"
"6304","51925","6304","73","4","1","7","6","1","0","1","2","0"
"6305","51926","6305","72","1","1","7","6","0","1","1","1","0"
"6306","51926","6306","52","3","1","7","0","0","1","0","1","0"
"6307","51927","6307","23","1","1","7","4","1","0","1","2","0"
"6308","51933","6308","71","1","3","1","6","0","1","1","1","0"
"6309","51954","6309","52","1","1","7","1","1","0","1","2","0"
"6310","51960","6310","64","1","1","7","6","0","1","1","1","0"
"6311","51963","6311","72","1","1","7","6","0","1","1","1","0"
"6312","51965","6312","72","1","1","7","6","1","0","1","2","0"
"6313","51965","6313","71","1","1","7","6","0","1","1","1","0"
"6314","51966","6314","21","1","3","1","6","0","1","1","1","0"
"6315","51974","6315","28","1","1","7","4","1","0","0","2","0"
"6316","51984","6316","71","2","1","7","6","0","1","1","1","0"
"6317","51984","6317","71","1","3","1","6","0","2","0","1","0"
"6318","51984","6318","66","1","1","7","2","0","1","1","1","0"
"6319","51984","6319","51","3","3","1","6","0","1","0","1","0"
"6320","51984","6320","72","1","1","7","6","0","1","1","1","0"
"6321","51992","6321","64","1","1","7","6","1","0","1","2","0"
"6322","51993","6322","64","1","1","7","6","0","1","1","1","0"
"6323","52000","6323","64","1","1","7","4","0","1","1","1","0"
"6324","52000","6324","71","1","1","7","6","1","0","1","2","0"
"6325","52007","6325","72","1","1","7","4","0","2","0","1","0"
"6326","52007","6326","72","1","1","7","2","1","0","1","2","0"
"6327","52007","6327","72","1","1","7","6","0","1","1","1","0"
"6328","52007","6328","26","1","1","7","1","0","1","1","1","0"
"6329","52007","6329","73","1","1","7","6","0","1","0","1","0"
"6330","52007","6330","72","1","3","2","6","1","0","1","2","0"
"6331","52007","6331","72","1","1","1","6","1","0","1","2","0"
"6332","52007","6332","72","1","1","7","6","0","1","1","1","0"
"6333","52007","6333","72","1","1","7","6","1","0","1","2","0"
"6334","52007","6334","76","1","1","7","6","0","1","1","1","0"
"6335","52007","2387","71","3","1","7","6","0","1","0","1","0"
"6336","52008","6336","52","1","1","2","6","2","0","1","2","0"
"6337","52008","6337","26","1","1","7","2","0","1","1","1","0"
"6338","52008","6338","64","1","1","7","6","0","1","1","1","0"
"6339","52008","6339","71","1","1","7","6","0","1","1","1","0"
"6340","52008","6340","71","1","1","7","6","0","1","1","1","0"
"6341","52009","6341","24","1","1","7","2","0","1","1","1","0"
"6342","52010","6342","72","3","1","7","6","0","1","1","1","0"
"6343","52010","6343","67","1","1","7","6","0","2","1","1","0"
"6344","52010","6344","72","1","1","7","6","0","1","0","1","0"
"6345","52011","6345","18","3","1","7","6","1","1","1","2","0"
"6346","52011","6346","72","1","1","7","6","0","1","1","1","0"
"6347","52011","6347","72","1","1","7","6","0","1","1","1","0"
"6348","52011","6348","64","1","2","2","6","0","2","3","1","0"
"6349","52015","6349","72","1","1","7","6","1","0","1","2","0"
"6350","52030","6350","52","1","1","7","0","1","0","0","2","0"
"6351","52033","6351","72","1","1","7","6","1","0","1","2","0"
"6352","52060","6352","72","2","1","7","6","0","1","1","1","0"
"6353","52061","6353","99","1","1","1","2","0","1","1","1","0"
"6354","52061","6354","72","2","2","1","6","0","0","1","3","0"
"6355","52063","6355","52","3","1","7","9","0","1","1","1","0"
"6356","52065","6356","71","1","3","2","6","1","0","1","2","0"
"6357","52066","6357","72","1","1","7","6","1","0","1","2","0"
"6358","52066","6358","22","1","1","7","6","0","1","1","1","0"
"6359","52071","6359","73","1","1","7","6","0","1","1","1","0"
"6360","52072","6360","26","2","1","7","2","1","0","1","2","0"
"6361","52073","1752","51","1","1","4","2","1","0","1","2","0"
"6362","52075","6362","11","1","1","7","6","1","0","1","2","0"
"6363","52075","6363","52","1","1","7","0","0","0","1","0","0"
"6364","52075","6364","26","1","1","7","2","1","0","1","2","0"
"6365","52075","6365","26","3","1","7","2","1","0","1","2","0"
"6366","52075","6366","26","1","1","7","1","0","1","1","1","0"
"6367","52076","6367","26","2","1","7","1","0","1","1","1","0"
"6368","52076","6368","11","1","1","7","6","1","0","1","2","0"
"6369","52101","6369","72","1","1","7","6","0","1","1","1","0"
"6370","52119","6370","72","1","1","7","6","0","1","1","1","0"
"6371","52142","6371","66","1","1","7","6","1","0","1","2","0"
"6372","52143","6372","72","1","1","7","6","0","1","1","1","0"
"6373","52173","6373","41","2","1","6","1","0","1","1","1","0"
"6374","52189","6374","72","1","1","7","6","1","0","1","2","0"
"6375","52191","6375","51","1","1","7","2","1","0","1","2","0"
"6376","52197","6376","64","1","1","7","6","0","1","1","1","0"
"6377","52198","6377","41","1","1","7","6","0","2","2","1","0"
"6378","52199","6378","71","1","2","1","6","1","0","1","2","0"
"6379","52207","6379","75","1","1","7","7","1","0","1","2","0"
"6380","52221","6380","51","3","4","4","6","0","1","6","1","0"
"6381","52221","6381","52","3","1","7","0","0","2","0","1","0"
"6382","52221","6382","52","3","1","7","0","0","2","1","1","0"
"6383","52221","6383","18","2","1","7","6","0","3","1","1","0"
"6384","52221","6384","81","2","2","1","6","0","1","1","1","0"
"6385","52221","6385","52","3","1","7","0","0","1","0","1","0"
"6386","52230","6386","35","1","1","7","4","0","1","1","1","0"
"6387","52234","6387","76","1","1","7","6","1","0","1","2","0"
"6388","52238","6388","71","1","1","7","6","0","1","1","1","0"
"6389","52263","6389","26","1","1","7","2","0","1","1","1","0"
"6390","52263","6273","26","1","1","7","2","1","0","1","2","0"
"6391","52263","6391","72","1","1","7","6","0","1","1","1","0"
"6392","52263","6392","26","1","1","7","2","0","1","1","1","0"
"6393","52265","6393","76","1","1","7","6","0","1","1","1","0"
"6394","52272","6394","26","1","1","7","2","0","3","1","1","0"
"6395","52272","6395","72","1","1","2","6","1","1","0","2","0"
"6396","52272","6396","65","3","3","2","4","0","1","1","1","0"
"6397","52825","6397","64","1","1","7","6","0","1","1","1","0"
"6398","52827","6398","72","3","1","7","5","0","1","1","1","0"
"6399","52862","6399","71","3","1","7","6","1","0","1","2","0"
"6400","52862","2891","52","3","1","7","0","0","2","3","1","0"
"6401","52862","6401","61","1","7","2","4","0","1","1","1","0"
"6402","52862","6402","52","2","1","7","0","0","1","0","1","0"
"6403","52863","6403","72","1","1","7","6","1","0","1","2","0"
"6404","52863","6404","52","1","1","7","6","0","2","2","1","0"
"6405","52863","6405","52","3","1","7","0","0","1","0","1","0"
"6406","52863","6406","71","1","1","7","1","0","0","1","3","0"
"6407","52863","6407","72","3","1","7","9","0","1","0","1","0"
"6408","52863","6408","81","1","1","7","0","1","0","0","2","0"
"6409","52896","6409","72","1","1","7","6","0","1","1","1","0"
"6410","52907","6410","72","1","1","7","6","0","1","1","1","0"
"6411","52911","6411","36","4","6","4","6","0","1","2","1","0"
"6412","52911","6412","72","1","1","7","6","0","1","1","1","0"
"6413","52916","6413","21","1","1","1","6","0","1","1","1","0"
"6414","52922","6414","21","3","1","7","4","0","1","1","1","0"
"6415","52928","6415","22","1","2","2","6","0","1","1","1","0"
"6416","52933","6416","26","1","4","3","2","0","1","1","1","0"
"6417","52935","6417","51","1","1","7","6","0","2","1","1","0"
"6418","52936","6418","22","1","1","7","4","0","1","1","1","0"
"6419","52938","6419","67","1","2","2","1","0","1","1","1","0"
"6420","52947","6420","26","1","1","7","1","0","1","1","1","0"
"6421","52949","6421","72","1","1","7","6","0","1","1","1","0"
"6422","52990","6422","72","1","1","7","6","1","0","1","2","0"
"6423","52995","6423","34","1","1","7","4","0","1","1","1","0"
"6424","53004","6424","71","1","1","7","4","0","1","1","1","0"
"6425","53009","6425","81","3","1","7","0","0","1","0","1","0"
"6426","53011","6426","72","3","1","7","4","0","2","0","1","0"
"6427","53013","6427","51","1","1","7","4","0","1","1","1","0"
"6428","53014","6428","72","1","1","7","6","1","0","1","2","0"
"6429","53023","6429","61","1","1","7","3","0","1","1","1","0"
"6430","53028","6430","85","3","1","7","6","0","1","1","1","0"
"6431","53029","6431","72","1","1","7","6","0","1","1","1","0"
"6432","53030","6432","71","1","1","7","6","0","1","1","1","0"
"6433","53030","6433","72","2","3","1","6","0","1","1","1","0"
"6434","53031","6434","72","1","1","7","6","1","0","1","2","0"
"6435","53031","6435","63","1","1","7","6","0","1","1","1","0"
"6436","53034","6436","25","1","1","7","0","0","1","0","1","0"
"6437","53034","6437","72","1","1","7","6","1","0","1","2","0"
"6438","53034","6438","61","1","1","7","4","0","1","1","1","0"
"6439","53036","6439","26","1","1","7","3","1","0","1","2","0"
"6440","53036","6440","52","1","1","7","6","0","1","0","1","0"
"6441","53036","6441","52","3","1","7","6","0","1","5","1","0"
"6442","53036","6442","81","3","1","7","0","2","0","0","2","0"
"6443","53043","6443","67","1","1","7","6","0","4","0","1","0"
"6444","53043","6444","21","1","3","2","6","0","2","0","1","0"
"6445","53043","6445","64","1","1","7","6","0","2","0","1","0"
"6446","53045","6446","72","1","1","2","6","0","0","1","3","0"
"6447","53053","6447","72","1","1","7","6","1","0","1","2","0"
"6448","53083","6448","52","3","3","2","0","0","3","1","1","0"
"6449","53083","6449","81","3","1","7","0","0","1","0","1","0"
"6450","53083","6450","36","3","3","1","6","2","2","0","2","0"
"6451","53083","6451","51","1","1","7","6","0","1","0","1","0"
"6452","53084","6452","52","3","1","1","6","1","1","2","2","0"
"6453","53084","6453","51","3","3","1","6","0","1","2","1","0"
"6454","53085","6454","52","1","3","1","4","0","2","1","1","0"
"6455","53086","6455","21","1","1","7","6","0","3","0","1","0"
"6456","53088","6456","26","1","2","2","3","1","1","0","2","0"
"6457","53088","6457","52","3","1","7","0","0","1","0","1","0"
"6458","53088","6458","34","1","1","7","5","1","0","2","2","0"
"6459","53088","6459","17","1","1","7","2","0","1","1","1","0"
"6460","53088","6460","64","1","1","7","4","0","1","1","1","0"
"6461","53088","6461","51","3","2","2","6","0","1","1","1","0"
"6462","53088","5429","67","3","1","7","5","0","1","1","1","0"
"6463","53088","6463","51","1","1","7","6","0","1","3","1","0"
"6464","53088","6464","51","1","2","2","3","0","1","1","1","0"
"6465","53088","6465","82","2","1","7","6","0","0","2","3","0"
"6466","53088","6466","26","1","1","7","2","1","1","1","2","0"
"6467","53088","6467","81","3","1","7","6","1","2","0","2","0"
"6468","53088","6468","21","1","1","7","6","1","0","1","2","0"
"6469","53088","6469","26","1","1","1","2","0","1","1","1","0"
"6470","53088","6470","14","2","1","7","6","0","1","1","1","0"
"6471","53089","6471","51","1","1","7","3","0","1","1","1","0"
"6472","53089","6472","26","1","1","7","2","0","1","1","1","0"
"6473","53104","6473","51","3","1","7","0","0","1","1","1","0"
"6474","53111","6474","21","1","1","7","4","0","1","1","1","0"
"6475","53118","6475","72","1","1","7","6","0","1","1","1","0"
"6476","53147","6476","52","1","1","7","0","1","0","2","2","0"
"6477","53170","6477","27","1","3","2","9","0","1","0","1","0"
"6478","53170","6478","21","1","1","7","6","0","2","1","1","0"
"6479","53170","6479","51","3","1","7","4","0","1","1","1","0"
"6480","53170","6480","63","1","1","7","5","0","1","1","1","0"
"6481","53170","6481","72","1","3","1","6","1","0","1","2","0"
"6482","53172","6482","25","1","3","2","0","0","1","1","1","0"
"6483","53172","6483","25","3","1","7","0","2","2","0","2","0"
"6484","53172","6484","63","1","1","7","6","0","1","0","1","0"
"6485","53173","6485","25","3","1","7","0","1","1","0","2","0"
"6486","53173","6486","52","1","1","7","6","0","4","0","1","0"
"6487","53173","6487","25","3","1","7","6","0","1","1","1","0"
"6488","53173","6488","51","1","1","7","3","0","1","1","1","0"
"6489","53174","6489","52","1","1","7","6","0","1","2","1","0"
"6490","53174","6490","51","1","1","7","6","0","2","1","1","0"
"6491","53174","6491","63","1","1","7","4","0","1","1","1","0"
"6492","53186","451","72","1","1","7","6","1","0","1","2","0"
"6493","53189","6493","71","3","1","7","6","1","0","1","2","0"
"6494","53194","6494","72","1","1","7","6","0","1","1","1","0"
"6495","53249","6495","52","3","1","7","6","0","1","0","1","0"
"6496","53249","6496","22","1","1","7","6","0","1","1","1","0"
"6497","53257","6497","52","3","1","7","0","0","1","0","1","0"
"6498","53261","6498","52","1","1","7","0","0","1","0","1","0"
"6499","53264","6499","52","1","2","1","0","1","4","0","2","0"
"6500","53265","6500","72","1","1","7","6","0","1","1","1","0"
"6501","53311","6501","52","1","1","7","0","0","1","0","1","0"
"6502","53313","6502","21","1","1","7","3","1","0","1","2","0"
"6503","53314","6503","74","3","1","7","4","0","2","0","1","0"
"6504","53317","6504","21","1","1","7","4","1","0","1","2","0"
"6505","53331","6505","51","3","1","7","6","0","0","1","3","0"
"6506","53333","6506","25","3","1","7","0","0","1","0","1","0"
"6507","53333","6507","71","1","1","7","6","1","0","1","2","0"
"6508","53333","6508","52","3","3","1","0","1","0","0","2","0"
"6509","53334","6509","72","1","1","7","6","0","1","1","1","0"
"6510","53334","6510","53","3","2","2","5","0","1","1","1","0"
"6511","53334","6511","23","1","1","7","4","0","1","1","1","0"
"6512","53334","6512","72","1","1","7","4","0","1","1","1","0"
"6513","53341","6513","20","1","1","7","0","0","2","0","1","0"
"6514","53936","6514","21","1","1","7","6","0","1","1","1","0"
"6515","53968","6515","52","1","1","4","0","0","2","0","1","0"
"6516","53974","6516","72","1","1","7","6","1","0","1","2","0"
"6517","53985","6517","26","1","1","7","2","1","0","0","2","0"
"6518","53991","6518","22","2","1","7","6","0","1","1","1","0"
"6519","53994","6519","72","1","1","7","6","1","0","1","2","0"
"6520","53994","6520","25","3","1","7","6","0","1","1","1","0"
"6521","53994","6521","72","3","3","1","6","0","1","1","1","0"
"6522","53994","6522","64","1","3","1","5","0","1","1","1","0"
"6523","54024","6523","52","1","1","7","6","0","1","1","1","0"
"6524","54024","6524","52","3","1","7","0","0","2","0","1","0"
"6525","54025","6525","52","3","1","7","0","1","4","0","2","0"
"6526","54025","6526","64","1","1","7","4","1","0","1","2","0"
"6527","54025","6527","23","1","1","7","6","0","1","1","1","0"
"6528","54026","6528","52","3","1","7","6","0","2","0","1","0"
"6529","54026","6529","72","1","1","7","6","0","1","1","1","0"
"6530","54070","6530","25","1","2","2","6","0","1","1","1","0"
"6531","54070","6531","21","1","1","7","6","0","1","1","1","0"
"6532","54072","6532","52","5","3","1","6","0","3","0","1","0"
"6533","54073","6533","52","1","1","7","6","1","2","0","2","0"
"6534","54075","6534","25","3","3","2","0","1","0","0","2","0"
"6535","54088","6535","41","2","1","7","1","0","1","1","1","0"
"6536","54115","6536","63","1","1","7","4","1","0","0","2","0"
"6537","54127","6537","52","1","1","7","6","0","1","2","1","0"
"6538","54177","6538","51","1","3","1","6","1","0","1","2","0"
"6539","54200","6539","71","1","1","7","6","0","1","1","1","0"
"6540","54201","6540","72","1","2","2","6","0","1","1","1","0"
"6541","54201","6541","71","1","1","7","6","0","1","1","1","0"
"6542","54210","6542","64","1","1","7","6","1","0","2","2","0"
"6543","54210","6543","71","1","1","7","6","1","0","1","2","0"
"6544","54210","6544","52","3","1","1","6","0","3","0","1","0"
"6545","54210","6545","72","3","6","7","6","0","1","1","1","0"
"6546","54214","6546","51","3","1","7","3","0","1","2","1","0"
"6547","54219","6547","22","1","1","7","6","0","1","1","1","0"
"6548","54219","6548","81","1","1","7","7","0","1","1","1","0"
"6549","54220","6549","52","3","1","4","6","1","2","0","2","0"
"6550","54221","6550","64","1","1","1","5","0","1","1","1","0"
"6551","54222","6551","52","3","1","7","0","1","1","0","2","0"