"accident_id","lieu_id","date_id","cause_id","lum_id","intemp_id","etat_surface_id","impliq_id","nb_blesses_graves","nb_blesses_legers","nb_indemnes","gravite","nb_morts"
"6552","54222","6552","67","3","1","7","4","1","0","1","2","0"
"6553","54222","6553","22","1","1","7","6","0","1","1","1","0"
"6554","54226","6554","25","3","1","1","7","1","0","1","2","0"
"6555","54226","6555","81","1","1","7","0","0","1","0","1","0"
"6556","54237","6556","18","1","1","7","6","0","1","1","1","0"
"6557","54238","6557","52","1","1","7","0","0","4","0","1","0"
"6558","54238","6558","52","1","1","7","0","1","0","0","2","0"
"6559","54238","6559","52","5","2","1","6","0","1","1","1","0"
"6560","54239","6560","52","3","1","7","0","0","1","0","1","0"
"6561","54243","6561","21","2","1","7","6","0","4","0","1","0"
"6562","54246","6562","21","2","6","1","6","0","2","0","1","0"
"6563","54246","6563","52","2","3","1","6","1","0","1","2","0"
"6564","54318","6564","52","1","1","7","0","0","1","0","1","0"
"6565","54323","6565","52","3","1","7","0","0","1","1","3","0"
"6566","54323","6566","52","1","1","1","0","0","3","0","1","0"
"6567","54323","6567","25","4","1","7","7","0","1","1","1","0"
"6568","54323","6568","72","2","1","7","6","1","0","1","2","0"
"6569","54323","6569","72","1","2","1","6","1","0","1","2","0"
"6570","54323","6570","72","1","1","7","5","1","0","0","2","0"
"6571","54331","6571","52","1","1","7","0","0","1","0","1","0"
"6572","54390","6572","72","1","3","2","6","0","1","1","1","0"
"6573","54396","6573","52","1","1","7","0","0","2","0","1","0"
"6574","54923","2571","52","1","3","2","6","0","1","4","1","0"
"6575","54926","6575","71","1","1","7","6","1","0","1","2","0"
"6576","54959","6576","52","5","2","2","0","1","1","1","2","0"
"6577","54959","6577","51","1","1","7","3","0","1","0","1","0"
"6578","54959","6578","52","5","1","7","0","0","2","2","1","0"
"6579","54961","6579","23","1","1","7","6","0","3","1","1","0"
"6580","54967","6580","21","1","1","7","5","1","1","0","2","0"
"6581","54975","6581","52","1","1","4","6","1","0","1","2","0"
"6582","55011","6582","36","5","1","1","6","1","0","0","3","0"
"6583","55011","6583","21","3","1","7","5","0","0","1","3","0"
"6584","55011","6584","52","1","1","7","0","0","1","0","1","0"
"6585","55623","6585","72","1","1","7","6","0","1","1","1","0"
"6586","55623","6586","71","2","1","7","6","0","1","1","1","0"
"6587","55624","6587","72","3","1","7","6","0","1","0","1","0"
"6588","55625","6588","41","3","1","1","6","0","1","1","1","0"
"6589","55625","6589","52","1","1","7","6","0","4","1","1","0"
"6590","55635","6590","67","3","1","7","4","0","1","1","1","0"
"6591","55635","6591","26","1","1","7","1","1","0","1","2","0"
"6592","55639","6592","52","1","3","1","0","1","0","0","2","0"
"6593","55640","6593","64","1","1","7","4","0","1","2","1","0"
"6594","55647","6594","21","1","1","7","6","0","1","2","1","0"
"6595","55668","6595","61","1","1","7","4","1","0","1","2","0"
"6596","55668","6596","71","5","1","7","6","0","1","1","1","0"
"6597","55671","6597","25","2","1","7","6","0","1","1","1","0"
"6598","55675","6598","26","1","1","7","2","1","0","1","2","0"
"6599","55676","6599","26","2","3","2","2","0","1","1","1","0"
"6600","55676","6600","26","1","1","2","2","0","1","1","1","0"
"6601","55678","6601","22","1","2","2","6","0","2","1","1","0"
"6602","55681","6602","64","1","1","7","6","0","1","1","1","0"
"6603","55681","6603","72","3","3","2","6","1","0","1","2","0"
"6604","55681","6604","52","3","1","7","6","0","1","3","1","0"
"6605","55682","6605","52","3","1","7","6","0","1","2","1","0"
"6606","55683","6606","71","1","1","7","5","0","1","1","1","0"
"6607","55683","6607","26","2","1","7","2","1","0","1","2","0"
"6608","55683","6608","26","1","1","7","1","0","1","1","1","0"
"6609","55683","6609","26","1","1","7","2","0","1","1","1","0"
"6610","55684","6610","64","3","1","7","4","0","1","1","1","0"
"6611","55684","6611","25","3","3","2","6","0","1","1","1","0"
"6612","55684","6612","26","1","1","7","2","0","1","1","1","0"
"6613","55684","6613","26","1","3","1","2","0","1","0","3","0"
"6614","55692","4848","64","3","1","7","4","0","1","1","1","0"
"6615","55698","6615","52","1","1","7","4","0","2","0","1","0"
"6616","55714","6616","63","1","1","7","4","0","1","1","1","0"
"6617","55714","6617","18","1","1","7","6","0","1","1","1","0"
"6618","55730","6618","22","1","7","7","6","1","0","1","2","0"
"6619","55736","6619","26","1","1","7","1","1","0","1","2","0"
"6620","55748","6620","72","1","1","7","6","0","1","1","1","0"
"6621","55757","6621","72","1","1","7","6","1","0","0","2","0"
"6622","55757","6622","82","1","1","7","6","0","1","1","1","0"
"6623","55757","6623","71","1","1","7","6","0","1","1","1","0"
"6624","55758","6624","26","3","1","7","2","0","1","1","1","0"
"6625","55758","6625","72","1","1","7","6","0","1","1","1","0"
"6626","55758","6626","26","1","1","7","2","0","1","1","1","0"
"6627","55758","6627","72","1","1","7","6","0","1","2","1","0"
"6628","55758","6628","26","1","1","7","1","0","1","1","1","0"
"6629","55758","6629","26","1","1","7","1","0","1","1","1","0"
"6630","55758","6630","26","2","1","7","2","0","1","1","1","0"
"6631","55759","6631","36","1","1","7","3","1","0","1","2","0"
"6632","55759","6632","22","3","1","7","8","0","1","1","1","0"
"6633","55759","6633","72","1","1","7","6","1","0","1","2","0"
"6634","55760","6634","22","1","1","7","6","1","0","1","2","0"
"6635","55761","6635","25","1","1","7","6","0","1","1","1","0"
"6636","55761","6636","25","1","1","7","6","0","1","1","1","0"
"6637","55761","6637","26","1","1","7","2","0","1","1","1","0"
"6638","55761","6638","26","1","1","7","2","0","1","1","1","0"
"6639","55761","6639","51","3","1","7","7","0","1","1","1","0"
"6640","55761","6640","67","1","1","7","6","0","1","1","1","0"
"6641","55761","6641","52","5","1","2","0","0","1","0","1","0"
"6642","55762","6642","25","3","3","2","0","0","1","0","1","0"
"6643","55762","6643","36","2","3","2","6","0","3","1","1","0"
"6644","55777","6644","52","1","1","4","6","0","2","0","1","0"
"6645","55819","6645","21","1","1","7","6","0","3","0","1","0"
"6646","55839","6646","52","1","3","2","3","0","1","1","1","0"
"6647","55845","6647","52","2","1","7","7","0","1","1","1","0"
"6648","55846","6648","81","3","1","7","4","0","1","1","1","0"
"6649","55846","6649","26","1","1","7","2","0","1","1","1","0"
"6650","55846","6650","51","3","1","7","6","0","1","2","1","0"
"6651","55846","6651","26","1","1","7","2","0","1","1","1","0"
"6652","55846","6652","71","1","1","7","5","1","0","1","2","0"
"6653","55846","6653","67","1","1","7","4","0","1","1","1","0"
"6654","55847","6654","22","1","1","7","7","0","1","1","1","0"
"6655","55847","6655","71","3","3","1","6","0","1","1","1","0"
"6656","55856","6656","52","1","1","7","6","0","1","1","1","0"
"6657","55856","6657","51","1","1","7","6","0","1","1","1","0"
"6658","55856","6658","27","1","1","7","4","0","1","0","3","0"
"6659","56433","6659","64","1","1","7","6","1","1","6","2","0"
"6660","57084","6660","72","1","1","7","0","0","1","1","1","0"
"6661","57084","6661","52","3","1","1","0","0","1","0","1","0"
"6662","57084","6662","23","1","1","7","6","0","0","1","3","0"
"6663","57084","6663","21","1","2","1","6","1","2","0","2","0"
"6664","57085","6664","81","3","1","7","0","1","0","1","2","0"
"6665","57093","6665","52","3","1","7","0","0","1","0","1","0"
"6666","57093","6666","52","1","1","7","0","0","1","0","1","0"
"6667","57094","6667","52","1","1","7","0","1","1","0","2","0"
"6668","57094","6668","52","3","1","7","0","1","0","0","2","0"
"6669","57099","6669","81","1","1","7","1","1","0","1","2","0"
"6670","57813","6670","64","2","1","1","6","0","1","1","1","0"
"6671","57819","6671","52","1","1","7","0","1","0","0","2","0"
"6672","57820","6672","81","5","1","1","0","0","4","0","1","0"
"6673","57822","6673","25","1","1","2","6","1","0","2","2","0"
"6674","57823","6674","81","5","1","7","0","1","0","0","2","0"
"6675","57824","6675","52","3","1","4","0","1","1","0","2","0"
"6676","57827","6676","67","1","1","7","6","2","7","1","2","0"
"6677","57829","6677","51","3","7","2","7","0","0","1","3","0"
"6678","57830","6678","52","1","1","7","0","1","0","0","2","0"
"6679","57830","6679","72","1","1","7","6","0","1","1","1","0"
"6680","57832","6680","52","1","1","7","5","1","0","1","2","0"
"6681","57842","6681","81","3","3","1","6","0","0","1","3","0"
"6682","57843","6682","71","1","1","7","6","1","0","1","2","0"
"6683","57869","6683","21","3","1","2","6","1","0","1","2","0"
"6684","57869","6684","52","1","1","7","6","0","1","0","3","0"
"6685","57870","6685","64","1","1","7","6","1","0","1","2","0"
"6686","57870","6686","23","1","1","7","7","0","1","1","1","0"
"6687","57870","6687","67","1","1","7","6","1","1","0","2","0"
"6688","57870","6688","52","1","1","7","0","1","0","0","2","0"
"6689","57878","6689","81","1","1","7","0","0","0","0","3","0"
"6690","57888","6690","52","1","1","7","0","1","3","1","2","0"
"6691","57897","6691","23","1","1","7","6","1","0","1","2","0"
"6692","57900","6692","73","3","1","7","6","0","1","1","1","0"
"6693","57900","6693","81","1","1","7","6","1","1","1","2","0"
"6694","57900","6694","73","1","1","7","6","1","0","1","2","0"
"6695","57901","6695","26","1","1","7","3","1","0","0","2","0"
"6696","57901","6696","99","3","7","7","0","1","1","0","2","0"
"6697","57928","6697","64","3","1","7","5","1","0","1","2","0"
"6698","57928","6698","21","1","1","7","6","0","3","3","1","0"
"6699","57928","6699","51","2","1","7","9","0","1","2","1","0"
"6700","57954","6700","35","1","1","7","3","1","0","1","2","0"
"6701","57955","6701","52","1","1","7","6","0","2","0","1","0"
"6702","57962","6702","52","1","1","7","0","0","1","0","1","0"
"6703","57968","6703","52","1","1","7","0","0","1","0","1","0"
"6704","57971","6704","52","1","1","1","0","1","0","1","2","0"
"6705","57988","6705","73","1","1","7","6","0","1","1","1","0"
"6706","58024","6706","52","1","1","7","0","0","1","0","1","0"
"6707","58656","6707","51","1","1","7","6","1","0","1","2","0"
"6708","58658","6708","67","1","1","7","6","2","0","2","2","0"
"6709","58658","6709","26","1","1","7","2","1","0","1","2","0"
"6710","58658","6710","99","1","1","7","7","0","0","1","3","0"
"6711","58658","6711","72","1","1","7","6","1","0","1","2","0"
"6712","58659","6712","72","1","1","7","6","0","1","1","1","0"
"6713","58660","6713","12","1","2","1","9","1","0","0","2","0"
"6714","58660","6714","12","3","3","2","9","1","0","1","2","0"
"6715","58661","6715","26","1","1","7","1","1","0","1","2","0"
"6716","58661","6716","73","1","1","7","6","1","0","1","2","0"
"6717","58661","6717","72","1","3","1","6","0","1","1","1","0"
"6718","58661","6718","52","1","1","7","6","0","2","0","1","0"
"6719","58678","6719","81","1","1","7","0","0","1","0","1","0"
"6720","58700","6720","67","3","1","7","4","1","0","1","2","0"
"6721","58705","6721","74","1","1","7","6","1","0","1","2","0"
"6722","58706","4596","26","1","1","7","2","0","1","1","1","0"
"6723","58706","6723","26","1","1","7","2","0","1","1","1","0"
"6724","58710","6724","72","1","1","7","6","1","0","1","2","0"
"6725","58711","6725","35","3","3","2","3","0","1","1","1","0"
"6726","58712","6726","25","3","1","7","6","1","0","0","2","0"
"6727","58714","6727","71","1","1","7","6","1","0","1","2","0"
"6728","58721","6728","72","1","1","7","6","1","0","1","2","0"
"6729","58725","6729","72","1","1","7","6","0","1","1","1","0"
"6730","58725","6730","71","1","1","7","6","1","0","1","2","0"
"6731","58728","6731","72","1","1","7","6","1","0","1","2","0"
"6732","58743","6732","23","1","1","7","5","1","0","1","2","0"
"6733","58764","6733","67","1","1","7","5","0","2","1","1","0"
"6734","58773","6734","81","1","1","7","2","0","1","1","1","0"
"6735","58774","6735","72","3","3","2","6","0","1","1","1","0"
"6736","58775","6736","72","1","1","7","6","1","0","1","2","0"
"6737","58775","6737","41","3","1","7","6","0","1","1","1","0"
"6738","58775","6738","52","3","1","7","0","1","0","0","2","0"
"6739","58781","6739","51","3","1","7","2","1","0","2","2","0"
"6740","58803","6740","71","1","1","7","6","0","1","1","1","0"
"6741","58805","6741","62","1","1","7","2","1","0","1","2","0"
"6742","58806","6742","41","1","1","7","1","0","1","1","1","0"
"6743","58806","6743","32","1","1","7","6","1","0","1","2","0"
"6744","58806","6744","71","3","1","7","6","1","0","1","2","0"
"6745","58806","6745","23","1","1","7","5","0","1","1","1","0"
"6746","58806","6746","72","2","1","2","6","0","1","1","1","0"
"6747","58807","6747","36","1","1","7","6","0","1","1","1","0"
"6748","58809","6748","71","1","2","2","6","1","0","1","2","0"
"6749","58809","6749","51","1","1","7","2","1","0","1","2","0"
"6750","58809","6750","64","1","1","7","5","0","1","1","1","0"
"6751","58810","6751","36","1","1","7","3","1","0","1","2","0"
"6752","58810","6752","23","1","1","7","6","1","0","1","2","0"
"6753","58810","6753","23","1","1","7","5","1","1","0","2","0"
"6754","58820","6754","71","1","1","7","6","1","0","1","2","0"
"6755","58831","6755","52","3","3","1","0","0","2","0","1","0"
"6756","58831","6756","21","1","1","7","6","0","4","0","1","0"
"6757","58835","6757","72","3","1","7","6","0","1","1","1","0"
"6758","58842","6758","71","1","1","7","4","1","0","1","2","0"
"6759","58844","6759","81","3","1","7","7","0","1","1","1","0"
"6760","58852","6760","71","1","1","7","6","1","0","1","2","0"
"6761","58865","6761","71","1","1","7","6","0","1","0","1","0"
"6762","58873","6762","81","1","1","7","0","0","1","0","1","0"
"6763","58879","6763","71","1","1","7","6","0","1","1","1","0"
"6764","58882","6764","67","2","1","7","4","1","0","1","2","0"
"6765","58905","6765","26","1","1","7","1","0","1","1","1","0"
"6766","58905","6766","63","3","1","7","5","0","1","1","1","0"
"6767","58908","6767","41","1","1","7","4","1","1","1","2","0"
"6768","58926","6768","52","1","1","7","0","0","1","0","1","0"
"6769","58935","6769","72","1","1","7","6","1","0","1","2","0"
"6770","58938","6770","63","1","1","7","6","1","1","0","2","0"
"6771","58943","6771","21","3","1","7","4","1","1","0","2","0"
"6772","58966","6772","26","1","1","7","2","0","1","1","1","0"
"6773","58966","6773","67","3","1","7","4","0","2","1","1","0"
"6774","58979","6774","52","1","1","4","6","0","1","2","1","0"
"6775","58981","6775","61","1","1","1","4","0","0","1","3","0"
"6776","58981","6776","61","1","1","7","3","1","0","1","2","0"
"6777","58981","6777","72","1","1","7","6","1","0","1","2","0"
"6778","58981","6778","72","1","1","7","6","1","0","1","2","0"
"6779","58983","6779","71","1","1","7","6","1","0","1","2","0"
"6780","58986","6780","25","3","1","7","6","0","2","1","1","0"
"6781","58988","6781","23","1","1","7","4","1","0","1","2","0"
"6782","58989","6782","72","1","1","7","6","1","0","1","2","0"
"6783","58997","6783","51","1","1","7","3","1","0","1","2","0"
"6784","58997","6784","81","1","1","7","1","1","0","1","2","0"
"6785","58998","6785","25","3","3","2","7","1","1","1","2","0"
"6786","58998","6786","52","3","1","7","0","1","0","0","2","0"
"6787","58998","6787","26","1","1","7","2","1","0","1","2","0"
"6788","58998","6788","71","1","1","7","6","0","1","1","1","0"
"6789","58998","6789","72","2","1","7","6","0","1","1","1","0"
"6790","58999","6790","81","3","1","7","3","1","0","1","2","0"
"6791","59002","6791","52","1","1","7","6","3","0","0","2","0"
"6792","59002","6792","52","1","1","7","7","1","2","1","2","0"
"6793","59003","6793","64","3","1","7","6","0","2","0","1","0"
"6794","59003","6794","21","5","7","1","6","0","1","1","1","0"
"6795","59004","6795","36","1","1","7","6","1","1","1","2","0"
"6796","59004","6796","52","1","1","7","7","1","0","1","2","0"
"6797","59004","6797","82","1","1","7","6","0","2","0","3","0"
"6798","59019","6798","82","1","1","7","0","0","1","0","1","0"
"6799","59068","6799","72","1","1","7","4","2","0","0","2","0"
"6800","59068","6800","74","1","1","7","4","0","2","0","1","0"
"6801","59093","6801","72","1","1","7","6","1","0","1","2","0"
"6802","59093","6802","26","1","1","7","2","0","2","0","1","0"
"6803","59093","6803","81","1","1","7","7","1","0","1","2","0"
"6804","59093","6804","52","1","3","1","4","1","0","1","2","0"
"6805","59093","6805","51","1","3","1","1","0","2","1","1","0"
"6806","59096","6806","52","1","1","7","2","1","0","1","2","0"
"6807","59118","6807","52","2","1","7","0","0","0","0","3","0"
"6808","59124","6808","52","1","3","1","5","0","1","1","1","0"
"6809","59129","6809","52","3","1","7","6","1","0","1","2","0"
"6810","59144","6810","51","1","1","7","2","0","1","1","1","0"
"6811","59161","6811","76","1","1","7","6","0","1","1","1","0"
"6812","59743","6812","72","1","1","7","6","0","1","1","1","0"
"6813","59760","6813","21","3","1","6","4","1","0","1","2","0"
"6814","59762","6814","64","2","1","7","4","0","1","1","1","0"
"6815","59775","6815","23","1","1","7","5","1","0","1","2","0"
"6816","59776","6816","81","1","3","2","6","0","1","1","1","0"
"6817","59776","6817","52","1","1","1","6","1","0","1","2","0"
"6818","59832","6818","72","1","1","7","6","0","1","1","1","0"
"6819","59836","6819","64","3","1","7","4","0","1","1","1","0"
"6820","59836","6820","67","1","1","7","5","1","0","1","2","0"
"6821","59836","6821","21","3","3","1","4","0","1","1","1","0"
"6822","59837","6822","28","4","1","7","0","0","1","0","1","0"
"6823","59837","6823","25","3","3","1","6","0","1","1","1","0"
"6824","59837","6824","67","1","1","7","6","0","1","1","1","0"
"6825","59837","6825","81","3","1","1","6","0","1","1","1","0"
"6826","59838","6826","67","1","1","7","4","0","1","1","1","0"
"6827","59839","6827","72","1","1","7","6","0","1","1","1","0"
"6828","59839","6828","71","1","1","7","6","1","0","1","2","0"
"6829","59839","6829","64","1","1","7","4","0","1","1","1","0"
"6830","59839","6830","63","1","1","7","6","0","1","1","1","0"
"6831","59840","6831","36","3","1","7","6","0","1","1","1","0"
"6832","59841","6832","72","3","1","7","6","1","0","1","2","0"
"6833","59843","6833","81","1","3","2","6","1","1","0","2","0"
"6834","59843","6834","64","3","1","7","6","0","2","0","1","0"
"6835","59845","6835","67","4","3","1","4","0","1","1","1","0"
"6836","59847","6836","67","1","1","7","6","1","0","1","2","0"
"6837","59849","6837","23","2","1","7","6","0","1","1","1","0"
"6838","59849","6838","74","3","1","7","6","0","1","1","1","0"
"6839","59851","6839","86","1","1","7","7","0","1","1","1","0"
"6840","59873","6840","52","1","3","1","6","0","6","0","1","0"
"6841","59884","6841","67","1","1","7","5","0","1","1","1","0"
"6842","59884","6842","17","3","1","7","2","0","1","1","1","0"
"6843","59884","6843","65","1","1","7","6","0","1","1","1","0"
"6844","59884","6844","26","3","3","1","2","0","1","1","1","0"
"6845","59884","6845","52","1","1","7","0","0","1","0","1","0"
"6846","59884","6846","52","1","2","1","0","0","2","0","1","0"
"6847","59884","6847","52","1","1","7","6","0","1","1","1","0"
"6848","59885","6848","52","1","1","4","0","1","0","0","2","0"
"6849","59886","6849","51","3","1","7","3","0","1","1","1","0"
"6850","59886","6850","52","3","1","7","0","0","2","0","1","0"
"6851","59886","6851","81","1","1","7","4","0","1","2","1","0"
"6852","59886","6852","52","3","1","7","0","0","1","0","1","0"
"6853","59889","6853","32","1","1","7","3","0","1","2","1","0"
"6854","59890","6854","65","1","3","1","6","0","1","1","1","0"
"6855","59890","6855","51","1","1","7","6","0","2","2","1","0"
"6856","59891","6856","71","5","3","1","6","0","1","1","1","0"
"6857","59892","6857","67","3","3","2","6","0","1","1","1","0"
"6858","59892","6858","26","4","3","1","2","0","1","1","1","0"
"6859","59892","6859","64","3","3","1","6","0","1","2","1","0"
"6860","59898","6860","26","1","3","1","1","0","1","1","1","0"
"6861","59900","6861","72","1","1","7","6","0","1","1","1","0"
"6862","59907","6862","52","1","1","4","0","0","1","1","1","0"
"6863","59907","6863","21","1","1","7","6","0","2","0","1","0"
"6864","59907","6864","72","1","3","1","6","2","0","1","2","0"
"6865","59907","6865","52","1","1","7","6","1","1","0","2","0"
"6866","59907","6866","21","1","1","7","6","0","1","0","1","0"
"6867","59908","6867","52","1","1","7","6","1","0","2","2","0"
"6868","59910","6868","85","3","1","7","6","1","0","1","2","0"
"6869","59911","6869","21","5","1","7","6","0","3","1","1","0"
"6870","59912","6870","52","1","3","1","0","0","1","0","1","0"
"6871","59913","6871","67","1","1","7","6","0","1","1","1","0"
"6872","59913","6872","71","1","1","7","6","0","1","0","0","0"
"6873","59913","6873","85","3","1","7","6","1","0","1","2","0"
"6874","59913","6874","21","1","1","7","5","0","2","0","1","0"
"6875","59915","6875","21","1","1","7","6","0","1","1","1","0"
"6876","59915","6876","21","1","1","2","6","0","1","1","1","0"
"6877","59916","6877","64","1","1","7","6","0","1","1","1","0"
"6878","59916","6878","72","1","1","7","6","1","0","1","2","0"
"6879","59925","6879","72","1","1","7","3","0","1","1","1","0"
"6880","59935","6880","21","1","1","7","6","0","1","1","1","0"
"6881","59939","6881","85","3","1","1","6","1","0","2","2","0"
"6882","59939","6882","71","1","1","7","6","0","1","1","1","0"
"6883","59944","6883","64","1","1","7","6","0","1","1","1","0"
"6884","59946","6884","72","1","1","1","6","0","1","1","1","0"
"6885","59946","6885","36","1","1","7","6","0","2","0","1","0"
"6886","59946","6886","21","1","1","7","6","0","1","1","1","0"
"6887","59947","6887","72","1","1","1","6","1","0","1","2","0"
"6888","59949","6888","71","1","1","7","6","1","0","1","2","0"
"6889","59949","6889","61","2","1","1","4","0","1","1","1","0"
"6890","59950","6890","28","1","1","7","6","1","1","0","2","0"
"6891","59961","6891","21","1","3","2","7","0","1","1","1","0"
"6892","59962","6892","67","3","1","1","6","0","3","0","1","0"
"6893","59962","6893","63","1","1","7","6","0","2","2","1","0"
"6894","59962","6894","52","3","1","7","0","1","0","0","2","0"
"6895","59964","6895","52","1","1","7","6","0","1","2","1","0"
"6896","59964","6896","63","1","1","7","4","1","0","1","2","0"
"6897","59966","6897","71","1","1","7","6","1","0","1","2","0"
"6898","59968","6898","74","3","1","7","4","0","1","1","1","0"
"6899","59968","6899","81","3","1","7","2","0","1","1","1","0"
"6900","59968","6900","81","3","1","7","6","1","4","0","3","1"
"6901","59969","6901","81","3","1","7","0","0","0","1","0","0"
"6902","59969","6902","74","1","1","7","4","0","1","1","1","0"
"6903","59969","6903","23","3","1","7","5","2","0","2","2","0"
"6904","59969","6904","51","1","1","7","6","0","1","1","1","0"
"6905","59969","6905","81","3","1","7","6","0","1","2","1","0"
"6906","59969","6906","52","3","1","1","4","0","1","1","1","0"
"6907","59969","6907","51","1","6","1","6","0","2","1","1","0"
"6908","59969","6908","81","3","1","7","0","0","0","0","3","0"
"6909","59969","6909","67","3","1","7","6","0","2","0","1","0"
"6910","59972","6910","26","1","1","7","1","0","1","1","1","0"
"6911","59973","6911","64","1","1","7","4","0","1","1","1","0"
"6912","59976","6912","81","3","3","2","6","1","0","1","2","0"
"6913","59976","6913","51","1","1","7","6","0","1","2","1","0"
"6914","59978","6914","71","1","1","7","6","0","1","1","1","0"
"6915","59979","6915","14","3","3","1","6","0","1","1","1","0"
"6916","59979","6916","71","1","1","7","6","0","1","2","1","0"
"6917","59979","6917","81","1","1","7","6","0","1","2","1","0"
"6918","59979","6918","51","1","1","7","6","0","3","6","1","0"
"6919","59980","6919","17","3","2","1","2","0","2","1","1","0"
"6920","59982","6920","72","1","1","7","6","1","0","1","2","0"
"6921","59982","6921","72","1","2","1","6","0","1","1","1","0"
"6922","59982","6922","64","1","1","7","6","0","1","2","1","0"
"6923","59982","6923","52","3","1","7","0","0","2","0","1","0"
"6924","59983","6924","64","1","1","1","4","0","1","1","1","0"
"6925","59987","6925","64","1","1","7","6","0","1","1","1","0"
"6926","59987","6926","52","3","1","7","0","0","1","0","1","0"
"6927","59988","6927","23","1","1","7","5","0","1","1","1","0"
"6928","59989","6928","52","3","1","7","0","0","0","0","3","0"
"6929","59992","6929","51","1","1","7","6","1","0","1","2","0"
"6930","59992","6930","51","1","1","1","6","0","3","0","1","0"
"6931","59992","6931","21","3","1","1","6","0","4","0","1","0"
"6932","59994","6932","72","1","3","2","6","0","1","1","1","0"
"6933","59995","6933","21","1","4","2","6","0","1","1","1","0"
"6934","59995","6934","52","1","3","1","6","0","1","1","1","0"
"6935","60028","6935","24","1","1","7","1","0","1","1","1","0"
"6936","60031","6936","21","1","1","7","6","0","1","1","1","0"
"6937","60031","6937","72","1","1","7","6","1","0","1","2","0"
"6938","60036","6938","52","1","1","7","0","0","1","0","1","0"
"6939","60036","6939","52","1","3","2","0","0","1","0","1","0"
"6940","60038","6940","21","1","1","7","6","0","2","0","1","0"
"6941","60039","6941","52","3","1","7","0","0","1","0","1","0"
"6942","60040","6942","65","1","2","2","4","0","1","1","1","0"
"6943","60040","6943","64","1","3","2","6","0","1","3","1","0"
"6944","60040","6944","81","1","3","1","6","2","0","0","2","0"
"6945","60040","6945","52","1","1","7","0","0","2","0","1","0"
"6946","60040","6946","51","1","1","7","3","0","0","1","3","0"
"6947","60041","6947","81","3","1","7","0","0","0","0","3","0"
"6948","60041","6948","52","1","1","7","4","0","1","1","1","0"
"6949","60041","6949","52","1","1","7","0","0","1","0","1","0"
"6950","60041","6950","67","1","1","7","6","1","1","2","2","0"
"6951","60064","6951","72","3","1","7","6","0","1","1","1","0"
"6952","60086","6952","25","3","1","7","6","0","1","1","1","0"
"6953","60089","6953","25","3","4","3","6","1","0","1","2","0"
"6954","60090","6954","67","1","1","7","6","0","1","1","1","0"
"6955","60091","6955","21","2","1","7","6","0","6","1","1","0"
"6956","60091","6956","67","3","1","7","4","0","1","2","1","0"
"6957","60092","6957","52","3","1","7","0","1","0","0","2","0"
"6958","60092","6958","72","3","1","7","6","0","1","1","1","0"
"6959","60093","6959","18","1","1","7","6","0","1","1","1","0"
"6960","60094","6960","22","1","1","7","4","0","2","0","1","0"
"6961","60118","6961","64","1","1","7","6","1","0","1","2","0"
"6962","60119","6962","51","3","1","7","0","0","1","2","1","0"
"6963","60119","6963","26","1","1","7","1","0","1","1","1","0"
"6964","60119","6964","72","1","1","7","6","1","0","1","2","0"
"6965","60119","6965","41","1","1","7","6","0","1","1","1","0"
"6966","60150","6966","32","1","1","7","6","0","2","1","1","0"
"6967","60177","6967","24","3","2","2","1","0","1","1","1","0"
"6968","60177","6968","66","1","1","7","6","0","1","1","1","0"
"6969","60177","6969","66","1","1","7","6","0","1","1","1","0"
"6970","60177","6970","64","1","1","1","4","0","1","1","1","0"
"6971","60177","6971","64","1","1","7","6","0","1","1","1","0"
"6972","60177","6972","14","1","1","7","4","1","0","1","2","0"
"6973","60177","6973","24","1","1","7","2","0","1","1","1","0"
"6974","60177","6974","72","1","1","7","6","0","1","1","1","0"
"6975","60177","6975","13","1","1","7","6","0","1","2","1","0"
"6976","60177","6976","51","1","3","1","2","0","1","1","1","0"
"6977","60177","6977","66","3","1","7","6","1","0","1","2","0"
"6978","60179","6978","52","3","1","4","6","1","1","0","2","0"
"6979","60179","6979","81","1","1","7","5","0","1","1","1","0"
"6980","60179","6980","67","1","1","7","6","1","1","0","3","0"
"6981","60179","6981","51","3","1","1","6","0","1","1","1","0"
"6982","60189","6982","67","1","3","1","6","0","1","1","1","0"
"6983","60189","6983","21","5","6","1","6","0","3","0","1","0"
"6984","60197","6984","81","5","1","7","6","2","0","1","2","0"
"6985","60204","6985","52","2","1","7","0","0","1","0","1","0"
"6986","60205","6986","81","5","1","1","0","1","1","0","2","0"
"6987","60205","6987","36","2","1","1","6","0","3","0","1","0"
"6988","60206","6988","52","1","1","7","0","1","0","0","2","0"
"6989","60218","6989","36","3","1","7","6","1","0","1","3","0"
"6990","60218","6990","23","1","1","7","7","1","1","1","2","0"
"6991","60219","6991","21","4","1","7","6","0","1","2","1","0"
"6992","60220","6992","26","1","1","7","2","0","1","1","1","0"
"6993","60220","6993","52","1","1","4","0","0","1","0","1","0"
"6994","60220","6994","52","2","1","7","0","0","1","0","1","0"
"6995","60220","6995","18","1","1","7","3","1","0","1","2","0"
"6996","60236","6996","67","1","1","7","6","0","1","1","1","0"
"6997","60236","6997","81","3","1","1","6","1","2","0","2","0"
"6998","60236","6998","72","1","1","7","6","0","1","1","1","0"
"6999","60237","6999","67","4","1","7","6","0","2","0","1","0"
"7000","60259","7000","36","3","1","5","4","0","0","1","3","0"
"7001","60263","7001","81","2","1","7","6","0","2","1","1","0"
"7002","60263","7002","52","3","1","1","0","0","2","0","1","0"
"7003","60263","7003","52","3","6","7","6","0","1","1","1","0"
"7004","60270","7004","25","1","1","7","6","0","1","2","1","0"
"7005","60273","7005","71","1","2","2","6","0","1","1","1","0"
"7006","60273","7006","18","1","1","7","6","0","1","1","1","0"
"7007","60282","7007","51","1","1","7","5","0","1","1","1","0"
"7008","60282","7008","51","4","2","2","3","0","1","1","1","0"