"accident_id","lieu_id","date_id","cause_id","lum_id","intemp_id","etat_surface_id","impliq_id","nb_blesses_graves","nb_blesses_legers","nb_indemnes","gravite","nb_morts"
"7009","60282","7009","52","1","3","2","6","1","1","0","2","0"
"7010","60301","7010","72","1","1","7","6","0","1","1","1","0"
"7011","60301","7011","72","1","1","7","6","0","0","1","3","0"
"7012","60805","7012","72","1","1","7","6","0","1","1","1","0"
"7013","60812","7013","64","1","1","7","6","0","1","1","1","0"
"7014","60816","7014","75","1","1","7","6","0","1","1","1","0"
"7015","60816","7015","72","3","1","7","6","0","1","1","1","0"
"7016","60817","7016","51","3","3","1","6","0","1","1","1","0"
"7017","60818","7017","41","1","1","7","2","0","1","1","1","0"
"7018","60819","7018","51","1","1","7","6","0","1","1","1","0"
"7019","60820","7019","24","1","1","7","3","0","1","1","1","0"
"7020","60820","7020","64","2","1","7","6","0","1","1","1","0"
"7021","60822","7021","18","1","1","7","4","0","1","1","1","0"
"7022","60822","7022","74","3","1","1","6","0","0","1","3","0"
"7023","60823","7023","72","1","1","7","6","0","1","1","1","0"
"7024","60823","5925","72","1","1","7","6","0","1","1","1","0"
"7025","60823","7025","27","1","7","1","0","0","1","0","1","0"
"7026","60824","7026","72","1","1","7","6","0","1","1","1","0"
"7027","60824","7027","20","3","1","7","1","0","1","1","1","0"
"7028","60825","7028","64","1","1","7","4","0","1","1","1","0"
"7029","60825","7029","71","3","1","1","6","0","1","1","1","0"
"7030","60825","7030","64","1","1","7","2","0","0","1","3","0"
"7031","60825","7031","71","3","1","7","6","0","1","1","1","0"
"7032","60825","7032","71","1","1","7","6","0","1","1","1","0"
"7033","60825","7033","71","1","3","2","6","0","1","1","1","0"
"7034","60825","7034","22","2","1","7","6","0","1","2","1","0"
"7035","60825","7035","71","1","1","7","6","0","1","1","1","0"
"7036","60825","7036","64","3","1","7","6","1","0","1","2","0"
"7037","60826","7037","61","1","1","7","3","0","1","1","1","0"
"7038","60826","7038","66","1","1","7","2","0","1","1","1","0"
"7039","60826","7039","35","1","1","7","4","0","1","1","1","0"
"7040","60827","7040","18","1","1","7","5","0","1","1","1","0"
"7041","60829","928","72","1","3","2","6","0","1","1","1","0"
"7042","60829","7042","22","1","1","7","5","0","1","1","1","0"
"7043","60829","7043","71","1","1","7","6","0","1","0","1","0"
"7044","60829","7044","64","1","3","1","6","0","1","1","1","0"
"7045","60829","7045","22","1","1","7","6","0","1","1","1","0"
"7046","60830","7046","72","2","1","7","6","0","1","1","1","0"
"7047","60830","7047","67","2","1","7","6","0","3","0","1","0"
"7048","60830","7048","72","1","1","7","6","0","1","1","1","0"
"7049","60830","7049","72","1","1","7","6","0","1","1","1","0"
"7050","60832","7050","71","1","3","5","6","0","1","1","1","0"
"7051","60832","7051","72","1","1","7","6","0","1","1","1","0"
"7052","60832","7052","64","1","3","2","4","0","1","1","1","0"
"7053","60832","7053","51","1","1","7","3","0","1","1","1","0"
"7054","60832","7054","67","1","1","7","6","0","1","1","1","0"
"7055","60832","7055","73","1","1","7","7","1","0","1","2","0"
"7056","60832","7056","23","1","1","7","3","0","1","0","1","0"
"7057","60835","7057","72","1","1","7","6","0","1","1","1","0"
"7058","60836","7058","72","1","1","7","6","0","1","1","1","0"
"7059","60837","7059","72","1","1","7","6","0","1","1","1","0"
"7060","60839","7060","71","1","3","2","6","1","0","2","2","0"
"7061","60839","7061","61","1","1","7","3","0","1","1","1","0"
"7062","60842","7062","72","1","1","7","6","0","1","1","1","0"
"7063","60842","7063","24","1","1","7","4","0","1","1","1","0"
"7064","60842","7064","52","1","1","7","2","0","2","1","1","0"
"7065","60843","7065","52","1","1","7","6","0","1","1","1","0"
"7066","60843","7066","25","3","1","7","6","0","1","0","1","0"
"7067","60846","7067","53","3","1","7","0","0","1","1","1","0"
"7068","60849","7068","72","1","1","7","4","0","2","0","1","0"
"7069","60849","7069","71","1","3","1","6","0","1","1","1","0"
"7070","60849","7070","72","2","1","7","6","1","0","2","2","0"
"7071","60849","7071","71","1","1","7","4","0","1","1","1","0"
"7072","60850","7072","26","3","1","7","2","0","0","1","3","0"
"7073","60850","7073","35","1","1","7","3","0","1","1","1","0"
"7074","60851","7074","51","1","1","7","3","1","0","1","2","0"
"7075","60851","7075","71","1","1","7","6","0","1","1","1","0"
"7076","60851","7076","72","1","1","7","6","0","1","1","1","0"
"7077","60852","7077","71","2","3","2","4","0","3","0","1","0"
"7078","60852","7078","36","1","1","7","3","0","1","1","1","0"
"7079","60852","7079","26","1","1","7","1","1","0","2","2","0"
"7080","60853","7080","71","1","1","7","6","0","1","1","1","0"
"7081","60854","7081","71","3","1","7","6","0","1","1","1","0"
"7082","60854","7082","71","1","1","7","6","0","1","1","1","0"
"7083","60854","7083","71","1","1","7","6","0","1","1","1","0"
"7084","60854","7084","71","1","3","1","6","0","1","1","1","0"
"7085","60855","7085","71","1","1","7","6","0","1","1","1","0"
"7086","60855","7086","26","3","1","7","1","0","1","1","1","0"
"7087","60855","7087","72","1","1","7","6","0","1","1","1","0"
"7088","60855","7088","71","3","1","7","6","0","1","1","1","0"
"7089","60856","7089","72","1","3","2","6","0","1","1","1","0"
"7090","60856","7090","11","1","1","7","6","0","1","1","1","0"
"7091","60857","7091","72","1","1","7","6","0","1","1","1","0"
"7092","60857","7092","71","3","1","7","6","0","1","1","1","0"
"7093","60864","7093","62","1","1","7","5","0","1","1","1","0"
"7094","60865","7094","72","1","1","7","6","1","0","2","2","0"
"7095","60865","7095","72","3","3","1","6","0","1","1","1","0"
"7096","60868","7096","23","1","1","7","5","0","1","1","1","0"
"7097","60868","7097","22","1","1","7","4","0","1","1","1","0"
"7098","60868","7098","71","1","1","7","6","0","1","1","1","0"
"7099","60868","7099","25","3","1","7","6","0","3","0","1","0"
"7100","60868","7100","23","1","1","7","5","0","1","2","1","0"
"7101","60868","7101","71","1","1","7","6","0","1","1","1","0"
"7102","60868","7102","64","1","1","7","6","0","1","1","1","0"
"7103","60868","7103","23","1","1","7","6","0","2","0","1","0"
"7104","60868","7104","18","1","1","7","4","3","0","1","2","0"
"7105","60868","7105","81","3","1","7","6","0","3","1","1","0"
"7106","60868","7106","64","1","1","7","6","0","1","1","1","0"
"7107","60868","7107","72","3","1","7","6","0","1","1","1","0"
"7108","60868","7108","26","1","1","7","2","0","1","1","1","0"
"7109","60868","7109","36","1","1","7","0","0","1","2","1","0"
"7110","60868","7110","72","3","3","1","6","0","1","1","1","0"
"7111","60868","7111","51","3","1","7","6","0","1","1","1","0"
"7112","60868","7112","23","1","3","1","6","0","1","1","1","0"
"7113","60868","7113","71","1","1","7","6","0","1","1","1","0"
"7114","60868","7114","35","1","3","1","4","0","1","1","1","0"
"7115","60868","7115","22","1","1","7","6","0","1","1","1","0"
"7116","60868","7116","63","3","1","1","6","0","1","2","1","0"
"7117","60877","7117","25","1","3","2","0","0","1","0","1","0"
"7118","60878","7118","72","1","1","7","6","0","1","1","1","0"
"7119","60881","7119","81","3","1","7","2","0","1","1","1","0"
"7120","60881","7120","21","1","1","7","6","0","1","1","1","0"
"7121","60890","7121","63","3","1","7","4","0","1","1","1","0"
"7122","60890","7122","71","1","6","1","6","0","1","1","1","0"
"7123","60890","7123","72","1","1","7","6","0","1","1","1","0"
"7124","60891","7124","71","3","1","7","6","0","1","1","1","0"
"7125","60891","7125","71","1","1","7","6","0","1","0","1","0"
"7126","60893","7126","64","1","1","7","4","0","1","1","1","0"
"7127","60894","7127","71","1","1","7","6","0","1","1","1","0"
"7128","60894","7128","72","1","3","1","6","0","1","1","1","0"
"7129","60895","7129","64","1","1","7","6","0","1","1","1","0"
"7130","60896","7130","72","1","1","7","6","1","0","1","2","0"
"7131","60896","7131","72","1","1","7","6","0","1","3","1","0"
"7132","60896","7132","72","1","1","7","6","0","1","1","1","0"
"7133","60896","7133","64","2","1","7","6","0","1","1","1","0"
"7134","60896","7134","72","1","1","7","6","0","1","1","1","0"
"7135","60897","7135","99","1","1","7","6","0","1","1","1","0"
"7136","60899","7136","73","1","1","7","6","0","1","2","1","0"
"7137","60901","7137","63","1","1","7","4","0","1","1","1","0"
"7138","60902","7138","72","2","3","1","6","0","1","1","1","0"
"7139","60905","7139","52","1","4","4","0","0","1","1","1","0"
"7140","60905","7140","71","1","1","7","6","0","1","1","1","0"
"7141","60908","7141","72","1","1","7","6","0","1","1","1","0"
"7142","60908","7142","72","1","1","7","6","0","1","1","1","0"
"7143","60908","7143","61","1","1","7","3","0","1","1","1","0"
"7144","60909","7144","72","1","1","7","6","1","0","1","2","0"
"7145","60909","7145","72","1","1","7","6","1","0","1","2","0"
"7146","60910","7146","72","1","1","7","6","0","1","1","1","0"
"7147","60910","7147","64","1","3","1","2","0","1","1","1","0"
"7148","60911","7148","72","1","1","2","6","0","1","1","1","0"
"7149","60911","7149","72","3","3","1","6","0","1","1","1","0"
"7150","60911","506","71","1","1","7","6","0","1","1","1","0"
"7151","60911","7151","72","1","1","1","6","0","1","1","1","0"
"7152","60913","7152","71","1","1","1","6","0","1","1","1","0"
"7153","60914","7153","72","1","1","7","6","0","1","1","1","0"
"7154","60914","7154","71","1","1","7","6","0","1","1","1","0"
"7155","60915","7155","67","1","1","7","4","0","1","1","1","0"
"7156","60916","7156","63","1","1","7","6","0","1","1","1","0"
"7157","60918","6709","71","1","1","7","6","0","1","1","1","0"
"7158","60918","7158","25","1","1","7","6","0","1","1","1","0"
"7159","60918","7159","71","1","1","7","6","0","1","2","1","0"
"7160","60924","7160","52","1","1","7","0","1","1","0","2","0"
"7161","60924","7161","72","1","1","7","6","0","1","1","1","0"
"7162","60924","3440","72","1","2","1","6","0","1","1","1","0"
"7163","60925","7163","51","1","3","2","4","0","1","1","1","0"
"7164","60925","7164","51","1","1","7","7","0","1","1","1","0"
"7165","60925","7165","25","1","1","7","6","0","2","4","1","0"
"7166","60925","7166","25","3","1","7","6","0","1","2","1","0"
"7167","60925","7167","51","3","1","7","7","1","0","0","2","0"
"7168","60925","7168","52","3","1","7","0","1","2","1","2","0"
"7169","60925","7169","25","1","1","7","7","1","0","1","2","0"
"7170","60925","7170","52","3","1","7","0","1","2","0","2","0"
"7171","60925","7171","52","1","3","2","0","0","1","0","1","0"
"7172","60925","7172","25","1","3","1","1","0","1","1","1","0"
"7173","60925","7173","51","1","1","7","0","0","2","0","1","0"
"7174","60925","7174","51","2","3","1","7","1","0","1","2","0"
"7175","60925","7175","52","1","1","7","6","0","2","1","1","0"
"7176","60925","7176","25","1","1","7","6","0","2","0","1","0"
"7177","60928","7177","25","3","1","7","6","0","1","1","1","0"
"7178","60930","7178","20","1","1","7","2","0","2","1","1","0"
"7179","60937","7179","20","1","3","2","2","0","1","1","1","0"
"7180","60937","7180","51","1","1","7","2","0","1","1","1","0"
"7181","60937","7181","25","1","1","7","6","0","2","0","1","0"
"7182","60938","7182","64","1","1","7","6","0","1","1","1","0"
"7183","60938","7183","71","1","1","7","6","0","2","1","1","0"
"7184","60938","7184","72","1","1","7","6","0","1","1","1","0"
"7185","60938","7185","71","1","1","7","6","0","1","1","1","0"
"7186","60938","7186","71","2","1","7","6","0","1","0","1","0"
"7187","60940","7187","64","2","6","7","2","0","1","1","1","0"
"7188","60941","7188","61","1","3","1","4","0","1","1","1","0"
"7189","60941","7189","25","1","1","7","6","0","1","1","1","0"
"7190","60941","7190","71","1","1","7","6","0","1","1","1","0"
"7191","60941","7191","22","1","1","7","6","0","1","1","1","0"
"7192","60941","7192","52","3","3","1","6","2","0","2","2","0"
"7193","60948","7193","73","1","1","7","3","0","1","1","1","0"
"7194","60948","7194","51","1","1","7","6","0","1","1","1","0"
"7195","60948","7195","32","1","1","7","6","0","1","1","1","0"
"7196","60948","7196","72","1","1","7","6","0","1","1","1","0"
"7197","60948","7197","72","1","1","7","6","0","1","1","1","0"
"7198","60951","7198","72","1","1","7","6","0","1","1","1","0"
"7199","60951","7199","26","1","1","7","1","0","1","1","1","0"
"7200","60952","7200","71","1","1","7","6","1","0","1","2","0"
"7201","60962","7201","52","1","1","7","6","0","1","3","1","0"
"7202","60962","7202","26","1","1","7","1","0","1","1","1","0"
"7203","60963","7203","71","1","1","7","6","0","1","1","1","0"
"7204","60964","7204","51","1","1","7","6","0","1","1","1","0"
"7205","60964","7205","52","1","2","2","6","1","0","1","2","0"
"7206","60964","7206","51","3","3","1","6","0","1","1","1","0"
"7207","60968","7207","63","1","1","7","3","0","1","1","1","0"
"7208","60969","7208","71","1","1","7","6","0","1","1","1","0"
"7209","60969","7209","51","1","1","7","7","0","1","1","1","0"
"7210","60969","7210","51","1","1","7","3","0","1","1","1","0"
"7211","60969","7211","61","1","1","7","3","0","1","1","1","0"
"7212","60969","7212","25","3","1","1","6","0","2","1","1","0"
"7213","60970","7213","25","3","3","2","6","0","2","0","1","0"
"7214","60970","7214","20","1","1","7","2","0","1","1","1","0"
"7215","60971","7215","71","4","1","7","6","1","0","1","2","0"
"7216","60971","7216","63","1","1","7","6","0","1","1","1","0"
"7217","60971","7217","20","1","1","7","2","0","1","1","1","0"
"7218","60971","7218","36","1","1","7","3","0","1","0","1","0"
"7219","60971","7219","63","1","1","7","6","0","1","1","1","0"
"7220","60971","7220","51","1","1","7","6","0","2","1","1","0"
"7221","60972","7221","71","1","1","7","6","0","1","1","1","0"
"7222","60972","7222","36","1","1","7","7","1","0","2","2","0"
"7223","60972","7223","72","1","1","7","6","0","1","2","1","0"
"7224","60972","7224","71","3","1","7","6","0","1","2","1","0"
"7225","60974","7225","21","3","4","2","6","0","2","0","1","0"
"7226","60974","7226","51","1","1","7","6","0","2","2","1","0"
"7227","60974","7227","21","3","1","7","6","1","2","0","2","0"
"7228","60974","7228","21","3","4","3","4","1","0","1","2","0"
"7229","60974","7229","81","1","1","7","6","0","1","1","1","0"
"7230","60976","7230","21","1","1","7","6","0","1","1","1","0"
"7231","60977","7231","71","1","1","1","6","0","1","1","1","0"
"7232","60977","7232","71","1","2","1","6","0","1","1","1","0"
"7233","60977","7233","35","1","1","7","4","0","1","1","1","0"
"7234","60977","7234","99","1","1","7","6","0","1","2","1","0"
"7235","60978","7235","72","1","1","7","5","0","1","1","1","0"
"7236","60979","7236","72","1","1","7","6","0","1","1","1","0"
"7237","60980","7237","25","1","6","7","6","0","1","1","1","0"
"7238","60980","7238","81","3","3","1","6","0","1","0","1","0"
"7239","60981","7239","71","1","1","7","6","0","1","1","1","0"
"7240","60983","7240","26","1","1","7","2","0","1","1","1","0"
"7241","60983","7241","71","3","1","7","6","0","1","1","1","0"
"7242","60984","7242","71","3","3","1","6","0","1","1","1","0"
"7243","60985","7243","52","3","1","7","0","0","2","0","1","0"
"7244","60985","7244","71","1","1","7","6","0","1","1","1","0"
"7245","60985","7245","26","1","6","7","1","0","1","1","1","0"
"7246","60985","7246","11","1","3","1","6","0","1","1","1","0"
"7247","60985","7247","51","1","1","7","6","0","1","2","1","0"
"7248","60985","7248","51","1","1","7","6","0","1","1","1","0"
"7249","60985","7249","81","3","1","7","2","0","0","1","3","0"
"7250","60986","7250","72","1","1","7","1","0","2","1","1","0"
"7251","60986","7251","72","1","1","7","8","1","0","1","2","0"
"7252","60987","7252","72","1","1","7","6","0","1","0","1","0"
"7253","60987","7253","72","1","1","7","6","0","1","1","1","0"
"7254","60987","7254","26","1","1","7","1","0","1","1","1","0"
"7255","60988","7255","52","1","1","7","0","0","2","0","1","0"
"7256","60989","7256","72","1","1","7","6","0","1","1","1","0"
"7257","60989","7257","52","1","1","7","2","1","2","0","2","0"
"7258","60990","7258","36","1","1","7","6","0","1","1","1","0"
"7259","60992","5009","63","3","1","7","4","0","1","1","1","0"
"7260","61004","7260","71","1","1","7","6","0","1","1","1","0"
"7261","61005","7261","72","1","1","7","6","0","1","1","1","0"
"7262","61006","7262","71","1","3","1","6","0","1","1","1","0"
"7263","61008","7263","52","3","1","1","0","0","1","0","1","0"
"7264","61008","7264","71","1","1","7","6","0","1","1","1","0"
"7265","61015","7265","71","1","1","7","6","1","0","1","2","0"
"7266","61017","7266","62","1","1","7","1","0","1","1","1","0"
"7267","61020","1471","21","1","1","7","6","0","1","2","1","0"
"7268","61020","7268","72","1","1","7","6","1","0","1","2","0"
"7269","61027","7269","72","1","1","7","6","0","1","2","1","0"
"7270","61027","7270","72","2","1","1","6","0","0","1","3","0"
"7271","61027","7271","51","3","1","7","6","0","1","1","1","0"
"7272","61045","7272","71","1","1","7","6","0","1","1","1","0"
"7273","61046","7273","72","1","1","7","6","0","1","1","1","0"
"7274","61046","7274","72","1","1","7","6","0","1","1","1","0"
"7275","61047","7275","64","1","1","7","6","0","1","1","1","0"
"7276","61055","7276","52","1","1","7","0","1","1","2","3","1"
"7277","61059","7277","26","1","1","7","2","0","1","1","1","0"
"7278","61063","7278","71","1","1","7","5","0","1","1","1","0"
"7279","61069","7279","81","1","1","7","1","0","1","1","1","0"
"7280","61070","7280","71","1","1","7","6","0","1","1","1","0"
"7281","61070","7281","72","1","1","7","6","1","0","1","2","0"
"7282","61070","7282","72","1","1","7","6","0","1","1","1","0"
"7283","61071","7283","63","1","3","1","6","0","1","2","1","0"
"7284","61071","7284","72","1","1","7","6","0","1","1","1","0"
"7285","61073","7285","25","1","1","7","6","0","1","1","1","0"
"7286","61074","7286","72","1","1","7","6","0","1","1","1","0"
"7287","61078","7287","67","3","3","1","5","0","1","1","1","0"
"7288","61078","7288","23","1","1","7","5","0","1","2","1","0"
"7289","61078","7289","71","3","6","1","6","0","1","1","1","0"
"7290","61078","7290","72","1","1","7","6","0","1","1","1","0"
"7291","61078","7291","36","3","2","1","6","0","2","0","1","0"
"7292","61080","7292","72","2","1","7","6","0","1","1","1","0"
"7293","61080","7293","20","1","1","7","2","0","1","1","1","0"
"7294","61080","7294","67","3","3","1","4","0","1","1","1","0"
"7295","61083","7295","21","1","1","7","6","0","1","1","1","0"
"7296","61083","7296","81","3","2","1","6","1","0","1","2","0"
"7297","61083","7297","52","1","3","1","0","0","6","0","1","0"
"7298","61089","7298","64","1","3","2","3","0","1","1","1","0"
"7299","61093","7299","20","1","1","7","1","0","1","1","1","0"
"7300","61093","7300","72","1","1","7","6","0","1","1","1","0"
"7301","61095","7301","67","1","1","7","6","0","1","1","1","0"
"7302","61095","7302","51","1","1","7","0","0","1","0","1","0"
"7303","61101","7303","72","1","1","7","6","0","1","1","1","0"
"7304","61101","7304","72","1","1","7","6","0","1","1","1","0"
"7305","61101","7305","61","3","1","7","5","0","1","1","1","0"
"7306","61101","7306","26","1","3","1","1","0","1","1","1","0"
"7307","61102","7307","25","3","1","7","7","0","1","1","1","0"
"7308","61103","7308","72","1","1","7","6","0","1","1","1","0"
"7309","61104","7309","25","3","1","7","0","0","1","0","1","0"
"7310","61104","7310","25","3","1","7","6","0","2","0","1","0"
"7311","61104","7311","51","3","2","1","6","0","3","1","1","0"
"7312","61104","7312","52","1","1","7","6","0","1","1","1","0"
"7313","61105","7313","72","1","1","7","6","1","0","2","2","0"
"7314","61105","7314","21","1","1","7","8","0","2","1","1","0"
"7315","61105","7315","71","1","1","7","6","0","1","1","1","0"
"7316","61105","7316","71","1","1","7","6","0","1","1","1","0"
"7317","61105","7317","71","3","1","7","6","0","1","1","1","0"
"7318","61106","7318","72","1","3","2","6","0","1","1","1","0"
"7319","61109","7319","73","1","1","7","6","0","0","1","3","0"
"7320","61110","7320","63","1","3","2","6","0","1","1","1","0"
"7321","61110","7321","72","2","1","7","6","0","1","1","1","0"
"7322","61110","7322","72","1","1","7","6","0","1","1","1","0"
"7323","61110","7323","71","2","1","7","6","0","1","0","1","0"
"7324","61112","7324","72","1","1","7","6","0","1","1","1","0"
"7325","61112","7325","72","1","1","7","6","0","1","1","1","0"
"7326","61112","7326","72","1","1","7","6","0","1","1","1","0"
"7327","61113","7327","25","1","1","1","6","0","2","2","1","0"
"7328","61116","7328","72","1","1","7","6","0","1","1","1","0"
"7329","61123","7329","72","3","1","7","6","0","2","1","1","0"
"7330","61123","7330","51","1","3","2","6","0","1","3","1","0"
"7331","61123","7331","23","1","1","7","6","0","2","0","1","0"
"7332","61123","7332","72","2","1","7","6","0","1","1","1","0"
"7333","61123","7333","51","1","1","7","6","0","1","1","1","0"
"7334","61123","7334","51","1","2","1","7","0","2","0","1","0"
"7335","61124","7335","72","1","1","7","6","0","1","1","1","0"
"7336","61124","7336","24","1","1","7","4","0","1","1","1","0"
"7337","61124","7337","71","1","1","7","6","0","1","1","1","0"
"7338","61125","7338","71","1","1","7","6","0","1","1","1","0"
"7339","61125","7339","72","1","1","7","6","0","1","1","1","0"
"7340","61131","7340","51","1","1","7","2","0","2","1","1","0"
"7341","61132","7341","64","1","1","7","4","0","1","1","1","0"
"7342","61132","7342","51","1","1","7","3","0","1","1","1","0"
"7343","61132","7343","71","1","1","7","6","0","1","1","1","0"
"7344","61132","7344","72","1","1","7","6","0","1","1","1","0"
"7345","61134","7345","64","1","1","7","5","0","1","4","1","0"
"7346","61136","7346","71","1","2","2","6","0","1","1","1","0"
"7347","61136","7347","71","1","1","7","6","0","1","1","1","0"
"7348","61137","7348","62","1","1","7","4","0","1","1","1","0"
"7349","61142","7349","72","1","1","7","6","0","1","1","1","0"
"7350","61150","7350","28","2","3","1","9","0","2","0","1","0"
"7351","61164","7351","72","3","1","7","6","0","1","1","1","0"
"7352","61164","7352","62","1","1","7","2","0","1","1","1","0"
"7353","61165","7353","72","1","1","7","6","0","1","1","1","0"
"7354","61166","7354","62","1","1","7","6","0","1","1","1","0"
"7355","61170","7355","21","1","1","7","6","0","1","1","1","0"
"7356","61176","7356","72","1","1","7","5","0","1","1","1","0"
"7357","61176","7357","72","1","1","7","6","0","1","1","1","0"
"7358","61176","7358","71","1","3","1","6","0","1","1","1","0"
"7359","61176","7359","81","3","1","7","2","0","1","1","1","0"
"7360","61177","7360","25","1","1","7","6","0","2","1","1","0"
"7361","61177","7361","26","2","1","7","2","0","1","1","1","0"
"7362","61177","7362","72","1","1","7","6","0","1","1","1","0"
"7363","61179","7363","26","1","1","7","2","0","1","1","1","0"
"7364","61179","7364","71","1","1","7","6","0","1","1","1","0"
"7365","61179","7365","73","3","1","7","6","1","0","2","2","0"
"7366","61179","7366","63","3","1","1","5","0","1","1","1","0"
"7367","61179","7367","72","1","1","7","6","0","1","1","1","0"
"7368","61179","7368","51","1","1","7","6","0","1","2","1","0"
"7369","61180","7369","25","5","1","7","6","0","1","1","1","0"
"7370","61181","7370","25","3","1","7","6","0","3","0","1","0"
"7371","61182","7371","72","3","3","1","6","0","1","1","1","0"
"7372","61182","7372","72","1","1","7","6","1","0","1","2","0"
"7373","61182","7373","72","1","1","7","6","0","1","1","1","0"
"7374","61182","7374","51","1","1","7","7","0","1","1","1","0"
"7375","61182","7375","52","3","2","1","0","0","2","1","1","0"
"7376","61182","7376","71","1","1","7","6","0","1","1","1","0"
"7377","61182","7377","72","1","1","7","7","0","1","1","1","0"
"7378","61183","7378","71","3","2","1","6","0","1","1","1","0"
"7379","61184","7379","51","1","1","7","9","0","1","0","1","0"
"7380","61184","7380","81","1","1","7","1","0","1","1","1","0"
"7381","61184","7381","72","3","1","7","6","0","1","1","1","0"
"7382","61188","4898","72","1","1","7","6","0","1","1","1","0"
"7383","61188","7383","71","1","1","7","6","0","1","1","1","0"
"7384","61189","7384","72","1","1","7","6","1","0","1","2","0"
"7385","61189","7385","72","1","1","7","4","1","0","1","2","0"
"7386","61189","7386","51","1","1","7","3","0","1","1","1","0"
"7387","61189","7387","71","1","1","7","6","1","0","1","2","0"
"7388","61189","7388","71","1","1","7","6","0","1","2","1","0"
"7389","61199","7389","71","1","1","7","6","0","2","1","1","0"
"7390","61199","7390","72","3","1","7","6","0","1","1","1","0"
"7391","61203","7391","72","1","1","7","6","1","0","1","2","0"
"7392","61204","7392","72","1","1","7","4","0","3","0","1","0"
"7393","61205","7393","82","1","1","7","6","0","2","0","1","0"
"7394","61205","7394","64","3","7","1","4","0","1","1","1","0"
"7395","61206","7395","64","1","1","7","6","0","1","1","1","0"
"7396","61210","7396","72","1","1","7","6","0","1","1","1","0"
"7397","61213","7397","82","1","1","7","6","0","1","2","1","0"
"7398","61213","7398","71","1","1","7","6","0","1","1","1","0"
"7399","61214","7399","51","1","1","7","6","0","1","1","1","0"
"7400","61216","7400","72","1","1","7","6","0","1","1","1","0"
"7401","61216","7401","71","1","1","7","6","0","1","1","1","0"
"7402","61216","7402","25","1","1","7","6","0","1","1","1","0"
"7403","61216","7403","73","3","1","7","6","0","1","1","1","0"
"7404","61216","7404","72","2","1","7","6","0","1","1","1","0"
"7405","61216","7405","72","3","1","1","6","0","1","1","1","0"
"7406","61217","7406","26","1","3","1","1","0","1","1","1","0"
"7407","61220","7407","52","3","1","7","0","0","2","0","1","0"
"7408","61220","7408","72","3","1","7","6","0","1","1","1","0"
"7409","61228","7409","72","1","1","7","6","0","1","1","1","0"
"7410","61233","7410","72","1","1","7","6","0","1","1","1","0"
"7411","61233","7411","72","1","1","7","6","0","1","1","1","0"
"7412","61233","7412","72","1","1","7","6","0","1","1","1","0"
"7413","61234","7413","72","1","1","7","6","0","1","1","1","0"
"7414","61234","7414","72","1","1","7","6","0","1","3","1","0"
"7415","61236","7415","25","2","1","7","6","0","1","1","1","0"
"7416","61236","7416","52","1","1","7","0","0","1","1","1","0"
"7417","61238","7417","74","1","1","7","6","0","1","1","1","0"
"7418","61240","7418","72","1","1","7","6","0","1","1","1","0"
"7419","61247","7419","72","1","1","7","3","0","1","1","1","0"
"7420","61247","7420","25","3","1","7","6","0","1","0","1","0"
"7421","61247","7421","82","1","1","7","0","0","1","0","1","0"
"7422","61248","7422","26","1","1","7","1","0","1","1","1","0"
"7423","61248","7423","71","1","1","7","6","0","1","2","1","0"
"7424","61248","7424","71","3","6","7","6","0","1","1","1","0"
"7425","61249","7425","71","3","1","7","6","0","1","1","1","0"
"7426","61256","7426","72","1","1","7","6","0","1","1","1","0"
"7427","61258","7427","71","1","1","7","6","0","1","1","1","0"
"7428","61264","7428","71","1","1","7","6","0","1","0","1","0"
"7429","61265","7429","72","1","3","2","6","0","1","1","1","0"
"7430","61266","7430","71","1","1","7","6","0","1","5","1","0"
"7431","61266","7431","72","1","1","7","6","0","1","1","1","0"
"7432","61266","7432","67","1","3","2","5","0","3","2","1","0"
"7433","61266","7433","72","3","1","7","6","0","1","1","1","0"
"7434","61266","7434","71","1","1","1","6","0","1","1","1","0"
"7435","61266","7435","72","1","1","7","6","0","2","1","1","0"
"7436","61267","7436","71","1","1","7","6","0","1","1","1","0"
"7437","61267","7437","71","3","1","7","6","1","0","1","2","0"
"7438","61268","7438","25","1","1","7","6","0","1","2","1","0"
"7439","61268","7439","72","3","1","7","6","0","1","1","1","0"
"7440","61268","7440","71","3","3","1","6","0","1","1","1","0"
"7441","61269","7441","71","1","3","1","6","0","1","1","1","0"
"7442","61273","7442","51","3","1","7","6","0","1","2","1","0"
"7443","61273","7443","64","1","1","7","2","0","1","1","1","0"
"7444","61277","7444","82","1","1","7","6","0","1","1","1","0"
"7445","61277","7445","72","1","1","7","5","0","1","1","1","0"
"7446","61279","7446","51","3","3","2","0","0","2","0","1","0"
"7447","61279","7447","25","3","1","7","0","0","1","1","1","0"
"7448","61279","7448","25","1","1","7","6","0","1","1","1","0"
"7449","61279","7449","72","1","1","7","6","0","1","1","1","0"
"7450","61280","7450","72","1","1","2","4","0","1","1","1","0"
"7451","61280","7451","72","1","1","7","6","0","1","1","1","0"
"7452","61280","7452","72","1","1","7","6","0","1","1","1","0"
"7453","61282","7453","51","2","3","1","6","0","1","2","1","0"
"7454","61285","7454","72","1","1","7","6","0","1","1","1","0"
"7455","61285","7455","71","1","1","7","6","0","1","1","1","0"
"7456","61285","7456","71","2","1","7","6","0","1","1","1","0"
"7457","61285","7457","71","1","1","7","6","0","1","1","1","0"
"7458","61285","7458","25","1","1","7","6","0","1","1","1","0"
"7459","61286","7459","72","1","1","7","6","0","1","1","1","0"
"7460","61287","7460","41","1","1","7","6","0","1","1","1","0"
"7461","61288","7461","62","1","1","2","4","0","1","1","1","0"
"7462","61288","7462","51","1","1","7","6","0","1","1","1","0"
"7463","61289","7463","72","1","1","7","6","0","1","1","1","0"
"7464","61292","7464","72","1","1","7","6","0","1","1","1","0"
"7465","61292","7465","72","1","1","7","6","0","1","1","1","0"
"7466","61292","7466","72","1","1","7","6","0","1","3","1","0"