"accident_id","lieu_id","date_id","cause_id","lum_id","intemp_id","etat_surface_id","impliq_id","nb_blesses_graves","nb_blesses_legers","nb_indemnes","gravite","nb_morts"
"7467","61292","3173","72","1","1","7","6","0","1","1","1","0"
"7468","61292","7468","72","1","1","7","6","0","0","2","3","0"
"7469","61292","7469","72","1","1","7","6","0","1","1","1","0"
"7470","61292","7470","72","1","1","7","6","0","1","1","1","0"
"7471","61292","7471","72","1","1","7","6","0","1","1","1","0"
"7472","61292","7472","52","3","1","7","6","0","2","0","1","0"
"7473","61292","7473","72","3","1","7","6","0","1","1","1","0"
"7474","61292","7474","72","1","1","1","6","0","1","1","1","0"
"7475","61294","7475","72","3","3","1","6","0","1","1","1","0"
"7476","61298","7476","71","2","1","7","6","0","1","1","1","0"
"7477","61298","7477","99","1","1","7","1","0","1","1","1","0"
"7478","61298","7478","51","3","1","7","2","0","2","2","1","0"
"7479","61306","7479","71","1","1","7","6","1","0","1","2","0"
"7480","61308","7480","72","1","1","7","6","0","1","1","1","0"
"7481","61308","7481","51","1","1","1","7","0","1","1","1","0"
"7482","61308","7482","52","3","1","7","0","0","1","0","1","0"
"7483","61309","7483","25","1","1","7","6","0","1","1","1","0"
"7484","61309","7484","71","1","1","7","6","0","1","1","1","0"
"7485","61313","7485","51","3","1","7","6","0","1","1","1","0"
"7486","61313","4201","21","1","1","7","7","0","1","3","1","0"
"7487","61313","7487","71","1","1","7","6","0","1","1","1","0"
"7488","61314","7488","63","1","3","1","6","0","1","2","1","0"
"7489","61315","7489","51","3","2","1","6","0","1","1","1","0"
"7490","61319","7490","64","1","1","7","6","0","1","1","1","0"
"7491","61320","7491","26","1","1","7","2","0","1","0","1","0"
"7492","61323","7492","72","1","1","7","6","0","1","1","1","0"
"7493","61329","7493","72","1","1","7","6","0","1","1","1","0"
"7494","61329","7494","72","1","1","7","6","0","1","1","1","0"
"7495","61332","7495","72","1","3","1","6","0","2","1","1","0"
"7496","61334","7496","21","1","1","7","6","0","1","1","1","0"
"7497","61342","7497","71","1","7","7","6","0","1","2","1","0"
"7498","61342","7498","25","1","3","1","6","0","1","1","1","0"
"7499","61342","7499","72","1","1","7","6","0","1","1","1","0"
"7500","61342","7500","81","3","6","1","6","0","1","1","1","0"
"7501","61345","7501","64","1","1","7","6","0","2","1","1","0"
"7502","61345","7502","21","2","1","7","6","0","1","1","1","0"
"7503","61345","7503","71","1","1","1","6","0","1","1","1","0"
"7504","61349","7504","20","1","1","7","1","0","1","1","1","0"
"7505","61349","7505","72","2","3","1","6","0","1","1","1","0"
"7506","61350","7506","72","1","1","7","6","0","1","1","1","0"
"7507","61350","7493","72","1","1","7","6","1","0","1","2","0"
"7508","61350","7508","72","1","1","7","6","0","1","1","1","0"
"7509","61351","7509","72","1","1","7","6","0","1","1","1","0"
"7510","61351","7510","71","1","1","7","6","0","1","1","1","0"
"7511","61351","7511","72","2","1","7","6","0","1","1","1","0"
"7512","61356","7512","72","1","1","7","4","0","1","1","1","0"
"7513","61356","7513","72","1","1","7","6","0","1","1","1","0"
"7514","61356","7514","72","1","1","7","6","0","1","1","1","0"
"7515","61356","7515","72","1","1","1","6","0","1","1","1","0"
"7516","61356","7516","51","1","1","7","7","0","1","1","1","0"
"7517","61356","7517","99","1","1","7","2","1","0","2","2","0"
"7518","61356","7518","72","1","1","7","6","0","1","1","1","0"
"7519","61356","7519","71","3","1","7","6","0","1","1","1","0"
"7520","61356","7520","21","3","2","1","6","0","1","1","1","0"
"7521","61356","7521","22","1","1","7","2","0","1","1","1","0"
"7522","61359","7522","22","1","3","2","6","0","1","1","1","0"
"7523","61359","7523","25","2","3","2","6","0","1","0","1","0"
"7524","61359","7524","71","1","1","7","6","0","1","1","1","0"
"7525","61360","7525","72","1","3","2","6","0","1","1","1","0"
"7526","61360","7526","72","1","1","7","6","0","1","1","1","0"
"7527","61360","7527","71","1","3","2","6","0","1","1","1","0"
"7528","61360","7528","72","1","1","7","8","1","0","0","2","0"
"7529","61361","7529","71","1","1","7","6","0","1","1","1","0"
"7530","61361","7530","26","1","1","7","1","0","1","1","1","0"
"7531","61361","7531","61","1","1","7","3","0","1","1","1","0"
"7532","61362","7532","26","3","1","7","2","1","0","1","2","0"
"7533","61363","7533","52","3","1","7","0","0","1","0","1","0"
"7534","61363","7534","71","1","1","1","6","0","1","1","1","0"
"7535","61363","7535","81","3","1","7","2","0","0","1","3","0"
"7536","61363","7536","82","1","1","7","2","0","1","1","1","0"
"7537","61363","7537","71","1","1","7","6","0","1","1","1","0"
"7538","61363","7538","73","1","1","7","6","0","1","0","1","0"
"7539","61363","7539","62","1","1","7","2","0","1","1","1","0"
"7540","61363","7540","71","1","1","7","6","0","1","1","1","0"
"7541","61364","7541","22","1","1","7","6","0","1","1","1","0"
"7542","61364","7542","21","3","1","1","6","0","2","0","1","0"
"7543","61364","7543","72","1","1","1","6","0","1","1","1","0"
"7544","61364","7544","71","1","1","7","6","0","1","1","1","0"
"7545","61364","7545","26","1","1","7","2","0","1","1","1","0"
"7546","61365","7546","52","3","1","7","6","0","1","1","1","0"
"7547","61365","7547","71","3","1","7","6","1","0","1","2","0"
"7548","61365","7548","51","3","1","7","0","0","2","0","1","0"
"7549","61365","7549","67","1","1","7","5","0","2","1","1","0"
"7550","61365","7550","26","2","1","7","2","0","1","1","1","0"
"7551","61365","7551","72","1","1","7","6","0","1","1","1","0"
"7552","61366","7552","71","2","1","1","6","0","1","1","1","0"
"7553","61369","7553","71","2","1","7","6","0","1","1","1","0"
"7554","61369","7554","71","1","2","2","6","0","1","1","1","0"
"7555","61369","7555","36","1","1","7","6","0","1","1","1","0"
"7556","61373","7556","71","1","1","7","6","0","1","1","1","0"
"7557","61381","7557","51","1","1","7","3","0","1","1","1","0"
"7558","61381","7558","71","1","1","7","6","0","1","1","1","0"
"7559","61384","7559","74","1","4","3","6","0","1","1","1","0"
"7560","61384","7560","72","1","3","2","6","0","1","1","1","0"
"7561","61384","7561","72","1","1","7","6","0","1","1","1","0"
"7562","61391","7562","72","1","3","1","6","0","1","1","1","0"
"7563","61392","7563","71","1","1","7","6","0","1","2","1","0"
"7564","61392","7564","72","1","1","7","6","0","1","1","1","0"
"7565","61392","7565","72","1","1","7","6","0","1","1","1","0"
"7566","61395","7566","71","1","1","7","6","0","1","1","1","0"
"7567","61396","7567","72","1","1","7","6","0","1","1","1","0"
"7568","61399","7568","72","1","1","7","6","0","1","1","1","0"
"7569","61404","7569","71","1","1","7","6","0","1","1","1","0"
"7570","61408","7570","52","1","3","2","2","0","2","2","1","0"
"7571","61408","7571","71","1","1","7","6","0","1","1","1","0"
"7572","61410","7572","73","2","1","7","6","0","1","1","1","0"
"7573","61411","7573","72","2","1","7","6","0","1","2","1","0"
"7574","61412","7574","62","1","1","7","2","0","1","1","1","0"
"7575","61413","7575","72","1","1","7","6","1","0","1","2","0"
"7576","61414","7576","72","1","1","7","6","1","0","1","2","0"
"7577","61418","7577","72","1","1","7","6","0","1","1","1","0"
"7578","61418","7578","72","1","1","7","6","0","1","1","1","0"
"7579","61418","7579","21","1","1","7","6","0","2","1","1","0"
"7580","61419","7580","71","1","1","7","6","1","0","1","2","0"
"7581","61423","7581","71","1","1","7","6","0","1","1","1","0"
"7582","61427","7582","51","1","3","2","3","0","1","1","1","0"
"7583","61428","7583","25","1","1","7","7","0","1","1","1","0"
"7584","61428","7584","74","3","4","3","6","0","1","1","1","0"
"7585","61430","7585","52","3","1","1","2","1","0","1","2","0"
"7586","61431","7586","63","1","1","7","4","0","1","1","1","0"
"7587","61434","7587","72","1","1","7","6","1","0","1","2","0"
"7588","61434","7588","51","1","3","1","6","0","2","0","1","0"
"7589","61435","7589","52","3","6","1","6","0","1","1","1","0"
"7590","61436","7590","26","1","1","2","2","0","1","1","1","0"
"7591","61438","7591","99","1","1","7","2","0","1","1","1","0"
"7592","61438","7592","67","1","1","7","4","0","1","1","1","0"
"7593","61438","7593","81","1","1","7","4","0","1","1","1","0"
"7594","61438","7594","51","1","3","2","6","0","3","4","1","0"
"7595","61438","7595","63","1","1","7","5","0","1","1","1","0"
"7596","61438","7596","72","1","1","7","6","1","0","1","2","0"
"7597","61440","7597","71","1","1","7","6","0","1","1","1","0"
"7598","61440","7598","71","1","1","7","6","0","1","1","1","0"
"7599","61440","7599","81","5","1","7","2","1","0","1","2","0"
"7600","61440","7600","71","3","1","7","6","0","1","1","1","0"
"7601","61440","7601","62","1","1","7","2","0","1","1","1","0"
"7602","61440","7602","72","1","1","7","6","0","1","1","1","0"
"7603","61442","7603","51","1","1","7","0","2","0","1","2","0"
"7604","61444","7604","71","3","6","7","6","0","1","1","1","0"
"7605","61444","7605","25","1","1","7","6","0","1","1","1","0"
"7606","61444","7606","71","3","3","2","6","1","0","1","2","0"
"7607","61444","7607","61","1","1","7","3","0","1","1","1","0"
"7608","61444","7608","26","1","1","7","2","0","1","1","1","0"
"7609","61444","7609","61","1","1","7","3","0","1","1","1","0"
"7610","61444","7610","21","1","1","7","6","0","1","1","1","0"
"7611","61445","7611","71","1","1","7","6","0","1","1","1","0"
"7612","61446","7612","81","3","1","7","0","0","1","0","1","0"
"7613","61446","7613","72","3","3","1","6","0","1","1","1","0"
"7614","61448","7614","71","1","3","2","6","0","1","1","1","0"
"7615","61448","7615","71","1","1","7","6","1","0","1","2","0"
"7616","61450","7616","64","1","1","7","1","0","1","1","1","0"
"7617","61453","7617","72","1","1","7","6","0","1","1","1","0"
"7618","61453","7618","72","3","1","7","6","0","0","1","3","0"
"7619","61454","7619","71","3","1","7","6","0","1","1","1","0"
"7620","61454","7620","72","1","1","7","6","0","1","1","1","0"
"7621","61458","7621","24","3","1","7","2","0","0","1","3","0"
"7622","61458","7622","72","1","1","7","6","0","1","1","1","0"
"7623","61458","7623","71","1","1","7","6","0","1","1","1","0"
"7624","61468","7624","63","1","1","7","6","0","2","2","1","0"
"7625","61474","7625","73","1","1","7","6","1","0","1","2","0"
"7626","61474","7626","41","1","1","7","1","0","1","1","1","0"
"7627","61475","7627","72","1","1","7","6","0","1","1","1","0"
"7628","61477","7628","51","3","3","2","8","0","2","1","1","0"
"7629","61477","7629","71","1","1","7","6","0","1","1","1","0"
"7630","61477","7630","52","1","3","2","2","0","1","2","1","0"
"7631","61477","7631","71","1","1","7","6","0","1","1","1","0"
"7632","61477","7632","11","1","1","7","6","1","0","2","2","0"
"7633","61477","7633","51","1","1","7","6","0","1","2","1","0"
"7634","61477","7634","11","1","1","7","5","0","2","1","1","0"
"7635","61477","7635","51","1","1","7","5","0","1","1","1","0"
"7636","61477","7636","18","3","2","1","6","0","3","4","1","0"
"7637","61477","7637","81","3","2","1","6","0","1","3","1","0"
"7638","61477","7638","71","1","1","7","6","0","1","1","1","0"
"7639","61478","7639","51","3","1","7","4","0","1","1","1","0"
"7640","61478","7640","72","1","1","7","6","0","1","1","1","0"
"7641","61478","7641","51","3","3","1","6","0","1","2","1","0"
"7642","61479","7642","72","1","1","7","6","0","1","1","1","0"
"7643","61479","7643","61","1","1","7","4","0","1","1","1","0"
"7644","61479","7644","72","1","1","7","6","0","1","1","1","0"
"7645","61479","7645","64","1","1","7","6","0","1","1","1","0"
"7646","61479","7646","41","1","1","7","2","0","1","1","1","0"
"7647","61479","7647","71","1","1","7","6","0","3","1","1","0"
"7648","61479","7648","72","1","1","7","6","0","1","1","1","0"
"7649","61479","7649","36","3","1","1","3","0","1","1","1","0"
"7650","61479","7650","41","1","1","7","6","0","1","1","3","0"
"7651","61480","7651","72","1","1","7","6","0","1","1","1","0"
"7652","61480","7652","51","3","1","7","6","0","1","1","1","0"
"7653","61480","7653","72","1","1","7","6","0","1","1","1","0"
"7654","61480","7654","71","1","1","7","6","0","1","1","1","0"
"7655","61480","7655","67","1","1","7","4","0","1","2","1","0"
"7656","61480","7656","82","1","1","7","0","0","0","0","3","0"
"7657","61480","7657","41","1","1","7","4","0","1","1","1","0"
"7658","61480","7658","26","2","1","7","2","0","2","1","1","0"
"7659","61481","7659","35","3","3","2","3","0","1","1","1","0"
"7660","61481","7660","26","2","1","7","2","0","1","1","1","0"
"7661","61481","7661","22","1","1","7","6","0","1","2","1","0"
"7662","61481","7662","25","3","1","7","6","0","1","3","1","0"
"7663","61481","7663","19","1","1","7","3","0","1","1","1","0"
"7664","61481","7664","71","1","1","7","6","0","1","0","1","0"
"7665","61481","7665","71","1","1","7","6","1","0","1","2","0"
"7666","61482","7666","82","1","1","7","0","0","0","0","3","0"
"7667","61485","7667","51","3","2","2","4","0","1","1","1","0"
"7668","61485","7668","67","1","1","7","5","0","1","1","1","0"
"7669","61485","7669","52","1","1","4","6","1","1","0","2","0"
"7670","61485","7670","67","1","1","7","6","0","1","1","1","0"
"7671","61485","7671","25","1","1","4","7","0","1","1","1","0"
"7672","61486","7672","52","1","6","1","0","0","0","0","3","0"
"7673","61486","7673","72","1","1","7","6","0","1","1","1","0"
"7674","61486","7674","64","1","3","1","4","0","1","1","1","0"
"7675","61486","7675","52","3","1","7","0","0","1","0","3","0"
"7676","61486","7676","67","3","2","1","5","0","1","1","1","0"
"7677","61486","7677","51","1","1","7","5","0","1","1","1","0"
"7678","61493","7678","72","1","1","7","6","0","1","1","1","0"
"7679","61493","7679","72","1","1","7","6","0","1","1","1","0"
"7680","61496","7680","72","1","1","7","6","0","1","1","1","0"
"7681","61497","7681","73","1","1","7","6","0","1","1","1","0"
"7682","61498","7682","71","1","1","7","6","0","1","1","1","0"
"7683","61501","7683","71","1","1","7","6","0","1","1","1","0"
"7684","61503","7684","52","3","1","7","0","0","3","1","1","0"
"7685","61503","7685","51","2","1","7","3","0","1","1","1","0"
"7686","61503","7686","51","1","1","7","0","0","2","0","1","0"
"7687","61503","7687","52","1","1","7","2","0","2","1","1","0"
"7688","61503","7688","51","1","1","7","7","0","1","1","1","0"
"7689","61505","7689","71","3","1","7","6","0","1","1","1","0"
"7690","61505","7690","36","3","1","7","6","0","2","2","1","0"
"7691","61505","7691","51","1","1","7","6","0","3","1","1","0"
"7692","61505","7692","72","1","1","7","7","1","0","1","2","0"
"7693","61505","7693","71","1","1","7","6","0","1","1","1","0"
"7694","61505","7694","25","3","1","7","6","0","1","1","1","0"
"7695","61505","7695","72","1","1","7","6","0","1","1","1","0"
"7696","61505","7696","77","1","1","7","8","0","1","0","1","0"
"7697","61505","7697","71","1","1","7","6","0","1","1","1","0"
"7698","61505","7698","73","1","1","7","8","0","1","0","1","0"
"7699","61505","7699","77","1","1","7","8","0","1","0","1","0"
"7700","61505","7700","25","3","1","7","6","0","2","1","1","0"
"7701","61506","7701","71","1","1","7","6","0","1","1","1","0"
"7702","61506","7702","51","1","1","7","6","0","2","0","1","0"
"7703","61506","7703","51","1","1","7","6","0","1","1","1","0"
"7704","61506","7704","63","1","1","7","4","0","1","1","1","0"
"7705","61507","7705","71","1","3","2","1","1","1","1","2","0"
"7706","61509","7706","61","1","1","7","3","0","1","2","1","0"
"7707","61509","7707","62","3","1","7","4","0","1","1","1","0"
"7708","61509","7708","67","1","1","7","5","0","1","1","1","0"
"7709","61514","7709","61","1","1","7","3","0","1","1","1","0"
"7710","61514","7710","61","1","1","7","3","0","1","1","1","0"
"7711","61517","7711","51","1","1","7","6","0","1","1","1","0"
"7712","61518","7712","72","1","1","7","6","0","1","1","1","0"
"7713","61518","7713","74","3","1","7","6","1","0","1","2","0"
"7714","61518","7714","71","3","1","7","6","0","1","1","1","0"
"7715","61520","7715","71","1","1","7","6","0","1","1","1","0"
"7716","61522","7716","64","1","1","7","6","1","0","1","2","0"
"7717","61526","7717","66","1","1","7","6","0","2","0","1","0"
"7718","61527","7718","41","1","1","7","2","0","1","1","1","0"
"7719","61527","7719","71","1","1","7","6","0","1","1","1","0"
"7720","61527","7720","41","1","3","1","6","0","1","1","1","0"
"7721","61528","7721","61","1","1","7","3","0","1","1","1","0"
"7722","61528","7722","72","1","1","7","6","0","1","1","1","0"
"7723","61529","7723","61","1","1","7","3","0","1","1","1","0"
"7724","61529","7724","71","1","1","7","6","1","0","1","2","0"
"7725","61531","7725","71","1","1","7","6","0","1","1","1","0"
"7726","61531","7726","72","1","1","7","6","0","1","1","1","0"
"7727","61531","7727","81","3","1","7","6","0","1","2","1","0"
"7728","61531","7728","24","1","1","1","2","0","1","1","1","0"
"7729","61531","7729","21","1","1","7","6","0","1","1","1","0"
"7730","61531","7730","72","3","1","1","3","0","2","0","1","0"
"7731","61531","7731","71","1","1","7","6","0","1","1","1","0"
"7732","61532","7732","81","3","1","1","2","0","1","1","1","0"
"7733","61532","7733","71","1","1","7","4","0","2","0","1","0"
"7734","61533","7734","71","1","1","7","6","0","1","1","1","0"
"7735","61534","7735","64","1","1","7","4","0","1","1","1","0"
"7736","61534","7736","63","1","1","7","4","0","1","1","1","0"
"7737","61534","7737","23","2","1","7","6","0","2","1","1","0"
"7738","61537","7738","51","1","1","7","6","0","1","1","1","0"
"7739","61537","7739","25","3","1","7","6","0","1","0","1","0"
"7740","61540","7740","25","3","1","7","6","0","2","3","1","0"
"7741","61541","7741","71","1","1","7","6","0","1","1","1","0"
"7742","61541","7742","52","3","1","7","6","0","1","0","1","0"
"7743","61541","7743","63","3","1","7","4","1","0","1","2","0"
"7744","61544","7744","25","3","1","7","6","0","1","0","1","0"
"7745","61544","7745","24","1","1","7","5","0","1","1","1","0"
"7746","61545","7746","22","1","1","1","5","1","2","0","2","0"
"7747","61545","7747","63","1","1","7","3","0","1","1","1","0"
"7748","61545","7748","72","1","1","7","6","0","1","1","1","0"
"7749","61545","7749","72","1","1","7","6","0","1","1","1","0"
"7750","61545","7750","35","1","1","7","3","0","1","1","1","0"
"7751","61545","7751","81","3","1","1","6","0","3","1","1","0"
"7752","61545","7752","72","1","1","7","6","0","1","1","1","0"
"7753","61553","7753","20","1","1","7","2","0","1","1","1","0"
"7754","61558","7754","51","1","1","7","3","0","1","1","1","0"
"7755","61558","7755","51","1","1","7","6","0","1","1","1","0"
"7756","61558","7756","26","2","1","7","3","0","1","1","1","0"
"7757","61561","7757","52","1","1","7","0","0","0","0","3","0"
"7758","61561","7758","52","1","1","7","0","0","2","0","1","0"
"7759","61562","7759","64","1","1","7","4","0","1","1","1","0"
"7760","61565","7760","52","3","1","1","0","1","0","0","2","0"
"7761","61565","7761","52","1","1","4","0","0","0","0","3","0"
"7762","61567","7762","51","1","1","7","6","0","1","3","1","0"
"7763","61571","7763","64","1","1","7","5","0","1","1","1","0"
"7764","61573","7764","22","1","1","7","6","0","1","1","1","0"
"7765","61573","7765","25","1","1","7","6","0","1","2","1","0"
"7766","61573","7766","72","1","1","7","6","0","1","1","1","0"
"7767","61574","7767","64","1","3","2","4","1","1","1","2","0"
"7768","61574","7768","71","1","1","7","6","1","0","1","2","0"
"7769","61574","7769","52","1","3","2","0","0","1","0","1","0"
"7770","61574","7770","21","1","1","1","2","0","1","1","1","0"
"7771","61574","7771","35","3","1","7","4","0","1","0","1","0"
"7772","61580","7772","52","1","1","7","6","0","2","3","1","0"
"7773","61580","7773","61","1","1","7","3","0","1","1","1","0"
"7774","61580","7774","72","1","1","7","6","0","1","1","1","0"
"7775","61580","7775","67","3","1","7","5","0","2","1","1","0"
"7776","61584","7776","71","1","1","7","6","0","1","2","1","0"
"7777","61584","7777","72","1","1","7","6","0","1","1","1","0"
"7778","61586","7778","72","1","1","7","6","0","1","1","1","0"
"7779","61586","7779","72","1","1","7","6","0","1","1","1","0"
"7780","61586","7780","72","3","1","7","6","0","1","1","1","0"
"7781","61586","7781","72","1","1","7","6","0","1","1","1","0"
"7782","61594","7782","51","1","1","7","2","0","1","1","1","0"
"7783","61595","7783","72","1","1","7","6","0","0","1","3","0"
"7784","61595","7784","51","1","1","7","3","0","1","1","1","0"
"7785","61597","7785","36","1","1","7","4","0","1","0","1","0"
"7786","61597","7786","25","3","1","7","6","0","1","1","1","0"
"7787","61599","7787","71","1","1","7","6","0","1","1","1","0"
"7788","61599","7788","72","2","1","7","6","0","1","1","1","0"
"7789","61601","7789","52","1","1","7","0","0","1","0","1","0"
"7790","61601","7790","61","1","1","7","6","0","1","2","1","0"
"7791","61603","7791","26","2","1","7","2","0","1","1","1","0"
"7792","61604","7792","71","1","1","7","5","0","1","0","3","0"
"7793","61604","7793","71","1","1","1","6","0","1","1","1","0"
"7794","61604","7794","71","1","1","7","6","0","1","1","1","0"
"7795","61604","7795","67","1","1","7","4","0","1","1","1","0"
"7796","61604","7796","26","1","1","7","2","0","1","1","1","0"
"7797","61604","7797","71","1","1","7","6","0","1","1","1","0"
"7798","61635","7798","41","3","1","7","2","0","1","1","1","0"
"7799","61635","7799","71","2","3","1","6","0","1","1","1","0"
"7800","61637","7800","71","1","1","7","6","1","0","2","2","0"
"7801","61637","7801","72","1","1","7","6","0","1","1","1","0"
"7802","61637","7802","71","3","1","7","6","0","1","2","1","0"
"7803","61637","7803","71","1","1","7","6","0","1","1","1","0"
"7804","61638","7804","72","1","1","7","6","0","1","1","1","0"
"7805","61639","7805","72","1","1","7","5","1","1","0","2","0"
"7806","61639","7806","72","1","1","7","5","0","1","1","1","0"
"7807","61639","7807","72","1","1","7","6","0","1","1","1","0"
"7808","61639","7808","71","1","1","7","6","0","1","1","1","0"
"7809","61639","7809","71","1","1","7","6","0","1","1","1","0"
"7810","61639","7810","71","1","1","7","6","0","1","1","1","0"
"7811","61640","7811","71","1","1","7","6","0","1","0","1","0"
"7812","61641","7812","25","1","1","7","6","0","1","1","1","0"
"7813","61644","7813","64","1","1","7","6","0","1","1","1","0"
"7814","61646","7814","71","1","1","7","6","0","1","1","1","0"
"7815","61659","7815","23","1","1","7","6","0","1","1","1","0"
"7816","61670","7816","71","1","1","7","6","0","1","1","1","0"
"7817","61671","7817","61","2","1","7","3","0","1","1","1","0"
"7818","61672","7818","21","1","1","7","6","0","1","1","1","0"
"7819","61673","7819","21","3","1","7","4","0","1","1","1","0"
"7820","61673","7820","71","1","1","7","6","0","1","1","1","0"
"7821","61675","7821","82","1","1","7","6","0","1","1","1","0"
"7822","61676","7822","72","1","1","7","6","0","1","1","1","0"
"7823","61676","7823","71","3","1","7","6","0","1","1","1","0"
"7824","61676","7824","63","1","3","1","6","0","1","1","1","0"
"7825","61682","7825","81","3","1","7","6","1","1","3","2","0"
"7826","61685","7826","72","1","1","7","6","0","1","1","1","0"
"7827","61685","7827","22","1","1","7","4","1","3","0","2","0"
"7828","61686","7828","72","1","1","7","6","0","1","1","1","0"
"7829","61686","7829","25","1","1","7","6","0","1","0","1","0"
"7830","61690","7830","72","2","1","7","6","0","1","1","1","0"
"7831","61693","7831","52","1","1","7","6","1","0","2","2","0"
"7832","61693","7832","72","1","1","7","6","0","1","1","1","0"
"7833","61693","7833","72","1","1","7","6","0","2","1","1","0"
"7834","61693","7834","52","3","3","1","6","0","1","0","1","0"
"7835","61693","7835","72","1","1","7","6","0","1","1","1","0"
"7836","61695","7836","72","1","1","7","6","0","1","1","1","0"
"7837","61695","7837","61","3","1","7","4","0","1","2","1","0"
"7838","61695","7838","51","1","1","7","6","0","1","1","1","0"
"7839","61696","7839","72","1","1","7","6","0","1","1","1","0"
"7840","61697","7840","22","2","1","7","6","0","1","2","1","0"
"7841","61700","7841","71","1","1","7","4","0","1","1","1","0"
"7842","61700","7842","72","1","1","7","6","0","1","1","1","0"
"7843","61703","7843","52","1","1","7","6","0","0","1","0","0"
"7844","61706","7844","64","1","1","7","3","0","2","0","1","0"
"7845","61706","7845","71","1","1","7","6","0","1","4","1","0"
"7846","61710","7846","72","1","1","7","6","1","0","1","2","0"
"7847","61711","7847","72","1","1","7","6","0","1","1","1","0"
"7848","61711","7848","71","1","1","7","6","0","1","1","1","0"
"7849","61713","7849","51","1","1","7","1","0","1","1","1","0"
"7850","61714","7850","52","1","1","7","7","0","1","1","1","0"
"7851","61714","7851","71","1","1","7","6","0","1","1","1","0"
"7852","61714","7852","71","1","1","7","6","0","1","1","1","0"
"7853","61715","7853","76","1","1","7","6","0","1","1","1","0"
"7854","61715","7854","81","1","1","7","4","0","1","1","1","0"
"7855","61716","7855","71","1","1","7","3","1","1","0","2","0"
"7856","61718","7856","72","1","1","7","6","0","1","1","1","0"
"7857","61720","7857","71","1","1","7","6","0","1","1","1","0"
"7858","61722","7858","72","1","1","7","6","0","1","1","1","0"
"7859","61722","7859","72","1","1","7","6","0","1","1","1","0"
"7860","61722","7860","72","3","3","1","6","0","1","1","1","0"
"7861","61730","7861","64","3","1","7","6","0","1","1","1","0"
"7862","61730","7862","71","1","1","7","6","0","1","1","1","0"
"7863","61730","7863","20","2","1","7","2","0","1","1","1","0"
"7864","61730","7864","71","1","1","7","5","0","1","1","1","0"
"7865","61730","7865","61","1","1","7","3","0","1","1","1","0"
"7866","61731","7866","61","1","1","7","4","0","1","1","1","0"
"7867","61731","7867","71","1","1","7","6","1","0","1","2","0"
"7868","61731","7868","61","2","2","1","3","0","1","1","1","0"
"7869","61733","7869","63","1","1","7","4","0","1","1","1","0"
"7870","61733","7870","71","1","3","1","6","0","1","1","1","0"
"7871","61733","7871","18","1","1","7","6","0","1","3","1","0"
"7872","61733","7872","26","1","1","7","2","0","1","1","1","0"
"7873","61734","7873","51","3","1","7","8","0","1","1","1","0"
"7874","61737","7874","11","3","1","7","6","0","1","2","1","0"
"7875","61738","7875","81","3","1","7","0","1","0","1","2","0"
"7876","61739","7876","25","1","3","2","7","0","1","1","1","0"
"7877","61739","7877","21","3","1","7","3","0","1","1","1","0"
"7878","61741","7878","71","1","1","7","6","0","1","1","1","0"
"7879","61741","7879","21","1","1","7","6","0","4","0","1","0"
"7880","61741","7880","21","1","1","7","6","0","3","1","1","0"
"7881","61744","7881","52","5","1","7","6","0","1","3","1","0"
"7882","61744","7882","72","1","1","7","6","0","1","1","1","0"
"7883","61744","7883","21","1","1","7","6","0","2","2","1","0"
"7884","61744","7884","64","1","1","7","6","0","1","2","1","0"
"7885","61752","7885","51","1","1","1","6","0","1","1","1","0"
"7886","61752","7886","63","1","2","2","3","0","1","1","1","0"
"7887","61752","7887","61","2","1","7","3","0","1","1","1","0"
"7888","61752","7888","72","1","3","1","6","0","1","1","1","0"
"7889","61752","7889","25","3","1","7","6","0","1","0","1","0"
"7890","61752","7890","63","1","3","1","4","0","1","1","1","0"
"7891","61753","7891","51","1","2","2","2","1","0","1","2","0"
"7892","61753","7892","71","1","3","1","6","0","1","1","1","0"
"7893","61757","7893","72","1","1","7","6","0","1","1","1","0"
"7894","61758","7894","67","1","1","7","4","0","1","1","1","0"
"7895","61759","7895","72","1","1","7","6","1","0","1","2","0"
"7896","61761","7896","71","1","3","2","6","0","1","1","1","0"
"7897","61761","7897","71","3","1","7","6","0","1","2","1","0"
"7898","61762","7898","81","1","1","7","2","1","0","1","2","0"
"7899","61763","7899","64","1","1","7","5","0","2","1","1","0"
"7900","61763","7900","52","3","3","1","6","0","1","0","1","0"
"7901","61763","7901","72","1","1","7","9","0","0","1","3","0"
"7902","61763","7902","52","3","1","2","0","1","3","0","2","0"
"7903","61763","7903","71","3","3","1","6","0","1","1","1","0"
"7904","61764","7904","12","1","1","7","9","0","1","0","1","0"
"7905","61764","7905","12","3","1","1","9","0","1","0","1","0"
"7906","61764","7906","51","3","1","7","0","0","2","0","1","0"
"7907","61764","7907","52","1","1","7","6","0","1","1","1","0"
"7908","61764","7908","52","3","3","2","0","1","0","0","3","0"
"7909","61764","7909","52","1","1","7","6","0","2","0","1","0"
"7910","61764","7910","52","3","3","1","0","0","1","1","1","0"
"7911","61764","7911","72","1","1","7","6","0","1","1","1","0"
"7912","61764","7912","53","1","1","7","6","0","1","1","1","0"
"7913","61764","7913","51","1","1","7","6","0","1","1","1","0"
"7914","61764","7914","12","3","1","7","9","0","1","0","1","0"
"7915","61764","7915","81","3","1","7","0","1","2","0","2","0"
"7916","61766","7916","52","3","1","7","0","1","0","0","2","0"
"7917","61766","7917","51","1","3","1","6","0","1","2","1","0"
"7918","61766","7918","64","1","1","7","6","0","1","1","1","0"
"7919","61766","7919","52","1","3","2","0","0","1","0","1","0"
"7920","61766","7920","51","1","1","7","6","0","1","1","1","0"
"7921","61766","7921","52","3","1","7","6","4","0","1","2","0"
"7922","61767","7922","64","1","1","7","6","0","1","2","1","0"
"7923","61767","7923","21","1","6","1","6","0","1","3","1","0"