"accident_id","lieu_id","date_id","cause_id","lum_id","intemp_id","etat_surface_id","impliq_id","nb_blesses_graves","nb_blesses_legers","nb_indemnes","gravite","nb_morts"
"7924","61767","7924","52","3","1","1","0","0","1","0","1","0"
"7925","61767","7925","21","3","1","7","6","0","2","0","1","0"
"7926","61768","7926","32","1","1","7","5","0","2","1","1","0"
"7927","61769","7927","23","1","1","7","6","0","1","1","1","0"
"7928","61769","7928","74","1","1","7","9","0","1","0","1","0"
"7929","61769","7929","51","1","1","7","3","0","1","1","1","0"
"7930","61769","7930","51","1","1","7","0","1","0","0","2","0"
"7931","61769","7931","52","3","1","7","0","0","1","0","1","0"
"7932","61769","7932","51","3","1","7","4","0","1","0","1","0"
"7933","61769","7933","52","3","1","7","0","0","1","0","1","0"
"7934","61769","7934","51","1","1","7","6","0","1","0","1","0"
"7935","61770","7935","23","3","1","4","6","0","2","1","1","0"
"7936","61770","7936","76","1","1","7","9","0","1","0","1","0"
"7937","61770","7937","51","3","1","7","8","0","2","2","1","0"
"7938","61770","7938","35","3","3","1","3","0","1","1","1","0"
"7939","61771","7939","52","3","1","7","0","0","1","0","1","0"
"7940","61771","7940","64","1","1","7","6","0","1","2","1","0"
"7941","61771","7941","21","1","3","1","6","0","1","1","1","0"
"7942","61771","7942","51","3","1","4","6","0","2","0","1","0"
"7943","61771","7943","51","1","3","1","6","0","2","1","1","0"
"7944","61771","7944","52","1","3","1","6","1","2","4","2","0"
"7945","61771","7945","74","1","1","7","9","0","1","1","3","0"
"7946","61772","7946","21","1","3","2","6","0","4","1","1","0"
"7947","61772","7947","51","1","1","1","0","0","1","0","1","0"
"7948","61772","7948","51","3","1","7","0","1","0","0","2","0"
"7949","61772","7949","51","1","1","1","6","0","1","1","1","0"
"7950","61772","7950","51","5","3","1","6","0","3","1","1","0"
"7951","61772","7951","21","3","1","1","6","0","0","1","3","0"
"7952","61776","7952","72","1","1","7","6","1","0","1","2","0"
"7953","61781","7953","51","3","1","7","6","0","2","2","1","0"
"7954","61781","7954","20","3","1","7","2","0","1","1","1","0"
"7955","61781","7955","63","1","1","7","6","0","5","0","1","0"
"7956","61783","7956","51","3","1","7","6","0","1","1","1","0"
"7957","61783","7957","71","1","1","7","6","0","1","1","1","0"
"7958","61783","7958","51","1","1","7","2","1","0","1","2","0"
"7959","61784","7959","28","1","3","1","9","0","1","0","1","0"
"7960","61786","7960","71","1","1","7","6","0","1","1","1","0"
"7961","61788","7961","72","1","1","7","6","0","1","1","1","0"
"7962","61790","7962","72","3","1","7","6","1","0","1","2","0"
"7963","61791","7963","28","5","1","7","0","0","1","0","1","0"
"7964","61791","7964","72","1","1","7","6","0","1","1","1","0"
"7965","61791","7965","72","3","1","7","6","0","1","1","1","0"
"7966","61791","7966","26","1","1","7","1","0","1","1","1","0"
"7967","61792","7967","72","1","1","7","6","1","0","1","2","0"
"7968","61793","7968","51","1","1","7","6","0","1","1","1","0"
"7969","61793","7969","72","1","1","7","6","0","1","1","1","0"
"7970","61793","7970","72","1","1","7","6","0","1","1","1","0"
"7971","61793","7971","72","1","1","7","6","0","1","1","1","0"
"7972","61793","7972","72","1","1","7","6","1","0","1","2","0"
"7973","61793","7973","72","1","1","7","6","0","1","1","1","0"
"7974","61794","7974","32","1","1","7","4","1","0","1","2","0"
"7975","61794","7975","72","1","1","7","6","0","1","1","1","0"
"7976","61794","7976","72","3","1","7","6","0","1","2","1","0"
"7977","61795","7977","72","1","1","7","6","0","1","1","1","0"
"7978","61795","7978","81","1","1","7","6","0","1","3","1","0"
"7979","61796","7979","72","1","1","7","6","0","1","1","1","0"
"7980","61796","7980","26","1","1","7","1","0","1","1","1","0"
"7981","61797","7981","52","3","1","7","2","0","1","1","1","0"
"7982","61797","7982","72","3","1","7","6","1","0","0","2","0"
"7983","61798","7983","51","3","3","2","6","0","1","2","1","0"
"7984","61798","7984","25","1","1","7","6","0","1","1","1","0"
"7985","61800","7985","51","1","1","7","6","0","1","7","1","0"
"7986","61800","7986","18","1","1","7","3","0","1","1","1","0"
"7987","61802","7987","51","2","1","1","6","0","4","1","1","0"
"7988","61806","7988","72","1","1","7","6","0","0","1","3","0"
"7989","61806","7989","52","1","1","7","6","0","3","1","1","0"
"7990","61806","7990","64","1","6","7","6","0","1","1","1","0"
"7991","61806","7991","72","1","1","7","4","0","1","1","1","0"
"7992","61806","7992","72","1","1","7","6","0","1","1","1","0"
"7993","61806","7993","72","1","1","7","6","0","1","1","1","0"
"7994","61806","7994","72","1","1","7","6","1","0","1","2","0"
"7995","61806","7995","72","1","1","7","6","0","1","1","1","0"
"7996","61806","7996","52","3","1","7","2","0","3","1","1","0"
"7997","61808","7997","51","3","1","4","2","0","2","4","1","0"
"7998","61809","7998","71","1","1","7","6","0","1","1","1","0"
"7999","61809","7999","71","1","1","7","6","0","1","1","1","0"
"8000","61809","8000","71","1","1","7","6","0","1","1","1","0"
"8001","61809","8001","71","1","1","7","6","0","1","1","1","0"
"8002","61809","8002","66","1","1","7","6","0","1","1","1","0"
"8003","61809","8003","72","1","1","7","6","0","1","1","1","0"
"8004","61810","8004","22","1","1","7","6","0","1","1","1","0"
"8005","61810","8005","71","1","1","7","6","0","1","1","1","0"
"8006","61810","8006","71","1","1","7","6","0","1","1","1","0"
"8007","61810","8007","28","1","1","7","0","0","0","0","3","0"
"8008","61811","8008","72","1","1","7","6","0","1","1","1","0"
"8009","61812","8009","71","1","1","7","6","0","1","1","1","0"
"8010","61814","8010","25","1","1","7","7","0","1","1","1","0"
"8011","61815","8011","72","1","1","7","3","0","1","1","1","0"
"8012","61815","8012","72","1","1","7","6","0","1","1","1","0"
"8013","61815","8013","72","1","1","7","6","0","1","1","1","0"
"8014","61815","8014","81","3","1","7","2","0","1","1","1","0"
"8015","61815","8015","72","1","1","7","6","0","1","1","1","0"
"8016","61816","8016","72","1","1","7","6","0","1","1","1","0"
"8017","61817","8017","71","1","1","1","6","0","1","1","1","0"
"8018","61818","8018","72","1","1","7","4","0","1","1","1","0"
"8019","61819","8019","52","1","1","7","6","0","1","1","1","0"
"8020","61819","8020","51","1","1","2","3","0","1","1","1","0"
"8021","61819","8021","71","1","1","7","6","0","1","1","1","0"
"8022","61819","8022","51","1","1","7","6","0","0","1","3","0"
"8023","61819","8023","71","1","1","7","6","0","1","1","1","0"
"8024","61820","8024","72","2","1","7","6","0","1","1","1","0"
"8025","61820","8025","71","1","1","7","6","0","1","2","1","0"
"8026","61820","8026","72","1","1","2","5","1","0","1","2","0"
"8027","61820","8027","72","1","1","7","6","0","1","1","1","0"
"8028","61820","8028","64","1","1","7","3","0","1","0","1","0"
"8029","61820","8029","72","1","1","7","6","0","1","1","1","0"
"8030","61820","8030","36","1","1","7","4","0","1","1","1","0"
"8031","61820","8031","72","1","1","7","6","0","1","1","1","0"
"8032","61820","8032","81","3","1","7","2","0","1","1","1","0"
"8033","61820","8033","71","1","1","7","6","0","1","1","1","0"
"8034","61821","8034","72","1","1","7","6","0","1","1","1","0"
"8035","61821","8035","72","1","1","7","6","0","1","1","1","0"
"8036","61824","8036","81","1","1","7","3","0","1","1","1","0"
"8037","61824","8037","72","3","1","7","6","0","1","1","1","0"
"8038","61825","8038","71","3","1","7","4","0","1","1","1","0"
"8039","61827","8039","71","1","1","7","3","0","1","1","1","0"
"8040","61827","8040","71","1","1","7","4","0","1","1","1","0"
"8041","61827","8041","71","1","1","7","6","0","1","1","1","0"
"8042","61828","8042","72","1","1","7","6","1","0","1","2","0"
"8043","61828","8043","71","1","1","7","6","0","1","1","1","0"
"8044","61829","8044","72","3","1","7","6","0","1","1","1","0"
"8045","61829","8045","71","1","1","7","6","0","1","1","1","0"
"8046","61829","8046","71","1","1","7","6","0","1","1","1","0"
"8047","61830","8047","73","3","1","7","6","1","0","2","2","0"
"8048","61830","8048","71","1","1","7","4","1","1","0","2","0"
"8049","61830","8049","21","1","1","7","6","0","1","1","1","0"
"8050","61830","8050","64","3","1","7","5","0","1","1","1","0"
"8051","61830","8051","25","3","1","7","7","0","2","1","1","0"
"8052","61830","8052","51","3","3","2","3","0","1","1","1","0"
"8053","61830","8053","72","1","1","7","6","0","1","1","1","0"
"8054","61831","8054","25","3","3","2","7","0","1","0","1","0"
"8055","61840","8055","81","1","1","7","6","0","3","1","1","0"
"8056","61840","8056","71","3","1","1","6","0","0","1","3","0"
"8057","61841","8057","71","1","3","2","6","0","1","1","1","0"
"8058","61841","8058","63","1","1","7","6","0","2","1","1","0"
"8059","61841","8059","52","1","1","7","6","0","1","0","1","0"
"8060","61842","8060","71","1","1","7","6","0","1","1","1","0"
"8061","61842","8061","51","1","1","7","6","0","1","3","1","0"
"8062","61842","8062","71","1","3","1","6","0","1","1","1","0"
"8063","61842","8063","51","1","1","7","6","0","1","1","1","0"
"8064","61851","8064","51","1","1","7","0","1","0","0","2","0"
"8065","61858","8065","64","1","1","7","6","0","1","1","1","0"
"8066","61858","8066","67","1","1","1","4","0","1","1","1","0"
"8067","61858","8067","26","1","1","7","2","0","1","1","1","0"
"8068","61858","8068","21","1","1","7","6","0","1","2","1","0"
"8069","61858","8069","13","1","1","7","6","0","1","1","1","0"
"8070","61858","8070","51","2","1","7","6","0","1","0","1","0"
"8071","61858","8071","36","3","3","1","6","0","1","2","1","0"
"8072","61858","8072","18","1","1","1","4","0","1","1","1","0"
"8073","61858","8073","21","1","1","7","5","0","1","1","1","0"
"8074","61858","8074","64","3","1","7","5","0","1","1","1","0"
"8075","61858","8075","52","1","1","7","6","0","1","0","1","0"
"8076","61858","8076","63","1","1","7","5","0","1","1","1","0"
"8077","61858","8077","67","1","1","7","6","0","1","2","1","0"
"8078","61858","8078","23","1","1","7","7","0","1","1","1","0"
"8079","61859","8079","21","1","1","7","6","0","2","4","1","0"
"8080","61860","8080","71","1","1","7","6","1","0","1","2","0"
"8081","61861","8081","72","1","1","7","6","0","1","1","1","0"
"8082","61861","8082","71","1","1","7","6","0","1","1","1","0"
"8083","61861","8083","72","3","1","7","6","1","0","1","2","0"
"8084","61861","8084","26","1","1","7","2","0","1","0","1","0"
"8085","61861","8085","72","1","1","1","6","0","1","1","1","0"
"8086","61862","8086","71","1","1","7","6","1","0","1","2","0"
"8087","61862","8087","61","3","1","7","3","0","1","1","1","0"
"8088","61864","8088","26","1","3","1","1","0","1","1","1","0"
"8089","61865","8089","72","1","1","7","6","0","1","1","1","0"
"8090","61865","8090","72","3","1","7","6","0","1","1","1","0"
"8091","61865","8091","21","3","3","1","6","0","1","1","1","0"
"8092","61866","8092","71","1","1","7","6","1","0","1","2","0"
"8093","61866","8093","51","3","1","7","6","0","1","0","1","0"
"8094","61866","8094","64","1","1","7","3","0","2","0","1","0"
"8095","61868","8095","71","1","1","7","6","0","1","1","1","0"
"8096","61868","8096","26","1","1","7","1","0","1","1","1","0"
"8097","61871","8097","72","1","1","7","6","0","1","1","1","0"
"8098","61871","8098","72","1","1","7","6","0","1","1","1","0"
"8099","61873","8099","20","5","1","7","2","0","1","1","1","0"
"8100","61874","8100","72","2","1","7","6","0","1","0","1","0"
"8101","61876","8101","52","1","1","7","0","0","0","0","3","0"
"8102","61878","8102","41","3","1","7","2","0","1","1","1","0"
"8103","61881","8103","25","3","1","7","7","0","2","2","1","0"
"8104","61881","8104","64","1","1","7","4","0","1","1","1","0"
"8105","61881","8105","71","1","1","7","6","1","0","1","2","0"
"8106","61881","8106","41","1","1","7","1","0","1","0","1","0"
"8107","61881","8107","71","1","7","7","6","0","1","1","1","0"
"8108","61882","8108","72","1","1","7","6","0","1","2","1","0"
"8109","61883","8109","71","1","1","7","6","0","1","1","1","0"
"8110","61884","8110","25","3","1","7","6","0","1","1","1","0"
"8111","61884","8111","72","2","1","7","6","0","1","1","1","0"
"8112","61884","8112","72","1","1","7","6","0","1","1","1","0"
"8113","61884","8113","72","3","6","1","6","0","1","1","1","0"
"8114","61885","8114","72","3","1","7","6","0","1","1","1","0"
"8115","61887","8115","71","1","1","7","6","0","1","1","1","0"
"8116","61887","8116","71","1","1","7","6","0","1","1","1","0"
"8117","61889","8117","71","1","3","2","6","0","1","1","1","0"
"8118","61889","8118","20","1","3","2","2","1","2","1","2","0"
"8119","61889","8119","71","1","1","7","4","0","2","1","1","0"
"8120","61889","8120","71","3","1","7","6","1","0","1","2","0"
"8121","61890","8121","52","3","1","7","3","0","1","0","1","0"
"8122","61891","8122","72","1","1","7","6","1","1","2","2","0"
"8123","61891","8123","26","1","3","2","1","0","1","1","1","0"
"8124","61891","8124","26","1","3","2","2","0","1","1","1","0"
"8125","61891","8125","71","1","1","7","6","0","1","1","1","0"
"8126","61891","8126","72","1","1","7","6","1","0","1","2","0"
"8127","61891","8127","71","1","1","7","6","0","1","1","1","0"
"8128","61891","8128","21","3","1","7","6","0","3","1","1","0"
"8129","61891","8129","71","1","1","7","6","0","1","1","1","0"
"8130","61891","8130","61","1","1","7","3","0","1","1","1","0"
"8131","61892","8131","52","1","3","2","6","0","1","1","1","0"
"8132","61892","8132","81","3","3","1","6","1","1","0","2","0"
"8133","61892","8133","72","3","1","1","6","0","1","1","1","0"
"8134","61892","8134","71","1","1","7","6","0","1","2","1","0"
"8135","61892","8135","72","3","1","7","6","0","1","1","1","0"
"8136","61892","8136","72","3","1","1","6","0","1","1","1","0"
"8137","61892","8137","71","3","1","7","6","0","1","1","1","0"
"8138","61893","8138","61","1","2","2","4","0","1","1","1","0"
"8139","61893","8139","72","3","1","7","6","0","1","1","1","0"
"8140","61893","8140","71","1","1","7","4","0","2","0","1","0"
"8141","61893","8141","51","1","1","1","6","0","1","1","1","0"
"8142","61893","8142","81","1","1","7","2","0","1","1","1","0"
"8143","61893","8143","72","1","1","7","6","0","1","1","1","0"
"8144","61893","8144","71","2","1","7","6","0","1","1","1","0"
"8145","61894","8145","72","1","3","1","6","0","1","1","1","0"
"8146","61894","8146","51","1","1","7","6","0","1","1","1","0"
"8147","61894","8147","25","2","1","7","6","0","1","1","1","0"
"8148","61894","8148","72","1","1","7","6","0","1","1","1","0"
"8149","61895","8149","72","2","1","7","6","0","2","1","1","0"
"8150","61895","8150","51","1","1","7","6","0","1","1","1","0"
"8151","61895","8151","51","1","1","7","3","0","1","1","1","0"
"8152","61895","8152","71","1","1","7","6","0","2","0","1","0"
"8153","61895","8153","21","3","1","7","6","0","1","1","1","0"
"8154","61895","8154","51","1","1","7","2","0","1","1","1","0"
"8155","61896","8155","26","1","1","7","2","0","1","1","1","0"
"8156","61896","8156","71","1","1","7","6","0","1","2","1","0"
"8157","61896","8157","72","3","3","1","6","0","1","1","1","0"
"8158","61896","8158","72","1","1","1","6","1","0","1","2","0"
"8159","61896","8159","71","3","1","7","6","0","1","1","1","0"
"8160","61896","8160","51","3","3","1","6","0","3","3","1","0"
"8161","61896","8161","41","1","1","7","2","0","1","1","1","0"
"8162","61896","8162","71","1","1","7","6","0","1","1","1","0"
"8163","61897","8163","71","1","1","1","6","0","1","1","1","0"
"8164","61898","8164","61","1","2","1","3","0","1","1","1","0"
"8165","61899","8165","64","1","1","7","4","0","1","1","1","0"
"8166","61899","8166","51","2","1","7","0","0","2","1","1","0"
"8167","61900","8167","72","1","1","7","6","0","1","1","1","0"
"8168","61901","8168","36","1","1","7","6","0","1","2","1","0"
"8169","61901","8169","72","1","1","7","6","0","1","1","1","0"
"8170","61901","8170","72","1","3","1","6","0","1","1","1","0"
"8171","61902","8171","72","1","1","7","6","0","1","1","1","0"
"8172","61902","8172","81","3","4","3","6","0","1","2","1","0"
"8173","61902","8173","52","1","1","7","6","0","1","2","1","0"
"8174","61902","8174","52","3","1","7","6","0","1","0","1","0"
"8175","61902","8175","72","1","1","7","6","0","1","1","1","0"
"8176","61902","8176","72","1","1","7","6","0","1","1","1","0"
"8177","61903","8177","71","1","1","7","6","0","2","1","1","0"
"8178","61903","8178","71","1","1","7","4","0","1","1","1","0"
"8179","61903","8179","71","1","1","7","7","0","1","1","1","0"
"8180","61903","8180","51","2","1","7","6","0","1","1","1","0"
"8181","61903","8181","71","3","1","7","6","0","1","1","1","0"
"8182","61904","8182","72","3","1","7","6","1","0","1","2","0"
"8183","61904","8183","26","3","3","2","2","0","1","1","1","0"
"8184","61904","8184","26","3","2","1","2","1","0","1","2","0"
"8185","61906","8185","71","2","1","7","6","0","1","2","1","0"
"8186","61906","8186","51","3","1","7","6","1","1","0","2","0"
"8187","61906","8187","25","1","1","7","6","0","1","2","1","0"
"8188","61906","8188","51","1","3","1","6","0","2","1","1","0"
"8189","61907","8189","72","3","6","1","6","0","1","1","1","0"
"8190","61907","8190","72","3","1","7","6","0","1","1","1","0"
"8191","61907","8191","25","3","1","7","6","0","1","0","1","0"
"8192","61907","8192","81","3","1","7","6","1","0","1","2","0"
"8193","61907","8193","63","1","1","7","6","0","1","2","1","0"
"8194","61907","8194","71","1","1","7","6","0","1","1","1","0"
"8195","61907","8195","27","1","1","7","9","0","1","0","1","0"
"8196","61908","8196","71","1","1","7","6","0","1","2","1","0"
"8197","61908","8197","71","1","1","7","6","0","1","1","1","0"
"8198","61908","8198","71","1","1","7","6","1","0","1","2","0"
"8199","61908","8199","36","3","3","2","6","0","7","3","1","0"
"8200","61908","8200","51","1","1","7","2","0","1","1","1","0"
"8201","61909","8201","51","3","1","7","8","0","1","1","1","0"
"8202","61909","8202","25","3","1","7","6","0","1","2","1","0"
"8203","61909","8203","76","1","1","1","6","0","1","1","1","0"
"8204","61909","8204","25","3","1","7","6","0","1","0","1","0"
"8205","61909","8205","71","2","1","7","6","0","1","1","1","0"
"8206","61910","8206","71","1","1","7","5","0","2","1","1","0"
"8207","61910","8207","36","1","1","7","3","0","2","1","1","0"
"8208","61911","8208","52","3","1","7","7","0","1","1","3","0"
"8209","61911","8209","25","3","3","2","0","0","1","1","1","0"
"8210","61911","8210","72","1","1","7","6","0","1","1","1","0"
"8211","61912","8211","36","1","1","7","4","0","1","3","1","0"
"8212","61912","8212","36","1","1","1","3","0","1","1","1","0"
"8213","61912","8213","81","3","2","1","6","0","1","1","1","0"
"8214","61922","8214","25","1","1","7","6","0","1","1","1","0"
"8215","61923","8215","51","1","1","7","6","0","1","0","1","0"
"8216","61925","8216","52","1","1","7","6","0","2","0","1","0"
"8217","61925","8217","51","1","1","7","6","0","1","1","1","0"
"8218","61925","8218","51","1","1","1","6","0","2","0","1","0"
"8219","61925","8219","51","1","1","7","3","0","1","1","1","0"
"8220","61925","8220","72","1","1","7","6","1","0","1","2","0"
"8221","61929","8221","52","1","1","7","6","0","1","1","1","0"
"8222","61932","8222","21","1","1","7","3","0","1","1","1","0"
"8223","61933","8223","72","1","1","7","6","0","1","1","1","0"
"8224","61933","8224","72","1","1","7","6","1","0","1","2","0"
"8225","61934","8225","67","1","1","7","5","0","2","1","1","0"
"8226","61937","8226","36","1","6","1","4","0","1","1","1","0"
"8227","61938","8227","72","1","1","7","6","1","0","4","2","0"
"8228","61939","8228","61","1","1","7","4","0","1","1","1","0"
"8229","61941","8229","71","1","1","7","6","0","1","2","1","0"
"8230","61944","8230","28","1","1","7","7","0","1","1","1","0"
"8231","61947","8231","82","1","1","7","0","0","1","0","1","0"
"8232","61947","8232","71","1","1","7","6","0","1","1","1","0"
"8233","61947","8233","72","1","1","1","6","0","1","2","1","0"
"8234","61954","8234","72","1","1","7","6","0","1","1","1","0"
"8235","61955","8235","25","1","1","7","6","0","1","1","1","0"
"8236","61955","8236","72","1","1","7","6","0","1","1","1","0"
"8237","61955","8237","72","1","1","7","6","0","1","1","1","0"
"8238","61961","8238","72","1","1","7","6","0","1","1","1","0"
"8239","61961","8239","61","1","1","7","3","0","1","1","1","0"
"8240","61962","8240","67","1","1","7","4","0","1","1","1","0"
"8241","61963","8241","61","1","1","7","4","0","1","1","1","0"
"8242","61963","8242","51","1","1","7","6","0","3","1","1","0"
"8243","61963","8243","32","1","1","7","6","0","1","2","1","0"
"8244","61963","8244","51","1","1","7","6","0","1","1","1","0"
"8245","61963","8245","26","1","3","1","2","0","1","1","1","0"
"8246","61965","8246","71","1","1","7","6","0","1","1","1","0"
"8247","61965","8247","71","1","3","1","6","0","1","1","1","0"
"8248","61967","8248","81","3","3","1","6","0","1","2","1","0"
"8249","61967","8249","51","3","1","7","4","0","1","3","1","0"
"8250","61972","8250","71","3","2","2","6","1","0","1","2","0"
"8251","61986","8251","26","1","1","7","2","0","1","1","1","0"
"8252","61987","8252","67","3","1","7","5","0","1","1","1","0"
"8253","61989","8253","25","1","1","7","6","0","1","1","1","0"
"8254","61993","8254","71","1","1","7","6","1","0","1","2","0"
"8255","61999","8255","21","1","5","4","6","0","1","1","1","0"
"8256","61999","8256","71","1","1","7","6","0","1","2","1","0"
"8257","62001","8257","72","1","3","2","6","0","1","1","1","0"
"8258","62003","8258","72","3","1","7","6","0","1","1","1","0"
"8259","62003","8020","64","1","1","7","4","0","1","1","1","0"
"8260","62003","8260","64","1","1","1","3","0","1","2","1","0"
"8261","62003","8261","72","1","1","7","6","0","1","1","1","0"
"8262","62003","8262","81","3","1","7","6","0","2","1","1","0"
"8263","62003","8263","52","1","1","7","0","0","1","0","1","0"
"8264","62004","8264","72","1","1","7","6","0","1","1","1","0"
"8265","62004","8265","71","1","1","7","6","0","1","1","1","0"
"8266","62004","8266","81","1","1","7","1","0","1","0","1","0"
"8267","62004","8267","41","3","1","7","2","0","1","0","1","0"
"8268","62006","8268","72","1","1","7","6","0","1","1","1","0"
"8269","62007","8269","71","1","1","7","6","0","1","1","1","0"
"8270","62007","8270","72","1","1","7","6","0","1","1","1","0"
"8271","62007","8271","72","1","1","7","6","0","1","1","1","0"
"8272","62007","8272","71","1","1","7","6","0","1","1","1","0"
"8273","62007","8273","71","1","1","7","6","0","1","1","1","0"
"8274","62015","8274","64","3","1","1","4","0","1","1","1","0"
"8275","62015","8275","28","1","1","7","9","0","1","0","1","0"
"8276","62017","8276","72","1","1","7","6","0","2","1","1","0"
"8277","62019","8277","81","3","1","7","6","0","1","2","1","0"
"8278","62021","8278","52","3","1","7","6","0","1","0","1","0"
"8279","62021","8279","23","3","1","7","4","0","1","1","1","0"
"8280","62021","8280","63","1","1","7","3","0","1","1","1","0"
"8281","62021","8281","72","1","1","7","6","0","1","1","1","0"
"8282","62021","8282","71","1","1","7","6","0","1","1","1","0"
"8283","62021","8283","71","1","1","7","6","0","1","1","1","0"
"8284","62021","8284","36","3","1","7","4","0","1","1","1","0"
"8285","62021","8285","23","1","1","7","3","0","1","4","1","0"
"8286","62021","8286","21","1","1","1","6","0","3","0","1","0"
"8287","62034","8287","61","1","1","7","3","0","1","1","1","0"
"8288","62034","8288","72","1","1","7","6","0","1","1","1","0"
"8289","62034","8289","20","1","1","7","2","0","2","0","1","0"
"8290","62034","8290","64","1","1","7","2","0","1","1","1","0"
"8291","62034","8291","72","1","1","7","6","0","1","1","1","0"
"8292","62058","8292","72","1","1","7","6","0","1","1","1","0"
"8293","62058","8293","72","1","1","7","6","0","1","1","1","0"
"8294","62063","8294","72","1","1","7","6","0","1","1","1","0"
"8295","62064","8295","61","1","1","7","4","0","1","1","1","0"
"8296","62064","8296","26","1","1","7","2","0","1","1","1","0"
"8297","62064","8297","81","3","1","2","0","0","1","0","1","0"
"8298","62064","8298","51","1","3","1","3","0","1","1","1","0"
"8299","62064","8299","61","1","1","7","4","0","1","1","1","0"
"8300","62065","8300","71","1","1","7","6","1","0","1","2","0"
"8301","62065","8301","51","2","1","7","6","0","2","2","1","0"
"8302","62066","8302","51","1","1","7","4","0","1","1","1","0"
"8303","62066","8303","22","1","1","7","6","0","1","1","1","0"
"8304","62066","402","72","1","1","7","8","0","1","0","1","0"
"8305","62067","8305","51","1","1","7","6","0","1","1","1","0"
"8306","62067","8306","51","1","1","7","4","0","1","1","1","0"
"8307","62067","8307","25","1","1","1","6","0","1","1","1","0"
"8308","62067","8308","22","1","1","7","6","1","0","1","2","0"
"8309","62067","8309","51","1","1","7","6","0","1","1","1","0"
"8310","62071","8310","72","1","1","7","4","0","1","1","1","0"
"8311","62072","8311","72","1","1","7","6","0","1","1","1","0"
"8312","62073","8312","72","1","1","7","6","0","1","1","1","0"
"8313","62078","8313","72","1","1","7","6","0","1","1","1","0"
"8314","62083","8314","72","3","1","7","6","1","0","1","3","0"
"8315","62085","8315","64","1","1","7","6","0","1","3","1","0"
"8316","62096","8316","52","3","1","7","0","0","0","0","3","0"
"8317","62096","8317","52","1","6","1","0","0","1","3","1","0"
"8318","62096","8318","63","1","1","7","4","0","1","1","1","0"
"8319","62096","8319","51","1","1","7","6","0","1","2","1","0"
"8320","62099","8320","22","1","1","7","6","0","1","1","1","0"
"8321","62099","8321","64","1","1","7","6","0","1","2","1","0"
"8322","62102","8322","71","1","3","1","6","0","1","1","1","0"
"8323","62102","8323","51","1","1","7","6","0","4","0","1","0"
"8324","62102","8324","71","1","1","7","6","0","1","1","1","0"
"8325","62103","8325","25","1","1","7","6","0","1","0","1","0"
"8326","62103","8326","21","3","1","7","6","0","2","0","1","0"
"8327","62103","8327","23","1","1","7","5","0","1","1","1","0"
"8328","62103","8328","81","1","1","7","6","0","2","2","1","0"
"8329","62110","8329","73","1","1","7","5","0","1","1","1","0"
"8330","62111","8330","72","3","1","7","6","0","1","1","1","0"
"8331","62111","8331","72","1","1","7","6","0","1","1","1","0"
"8332","62111","8332","72","1","1","7","6","0","1","1","1","0"
"8333","62111","8333","72","1","1","7","5","0","2","0","1","0"
"8334","62111","5596","72","3","1","7","6","0","1","1","1","0"
"8335","62111","2049","28","3","1","7","0","0","1","0","1","0"
"8336","62111","8336","72","1","1","7","6","0","1","1","1","0"
"8337","62111","8337","72","1","1","7","6","1","0","1","2","0"
"8338","62111","8338","51","3","1","1","6","2","1","0","2","0"
"8339","62111","8339","81","1","3","2","2","0","1","1","1","0"
"8340","62111","8340","72","1","1","7","6","0","1","1","1","0"
"8341","62111","8341","72","1","1","7","6","0","1","1","1","0"
"8342","62111","8342","72","1","1","7","6","1","0","0","2","0"
"8343","62111","8343","72","1","1","7","6","0","1","1","1","0"
"8344","62111","8344","72","3","1","7","6","0","1","0","1","0"
"8345","62111","8345","51","3","3","1","6","0","1","2","1","0"
"8346","62111","8346","71","3","1","7","6","0","1","1","1","0"
"8347","62111","8347","71","1","1","7","7","0","1","1","1","0"
"8348","62112","8348","72","1","1","7","6","1","0","1","2","0"
"8349","62112","8349","51","1","1","7","6","0","1","3","1","0"
"8350","62112","8350","71","1","3","1","6","0","1","1","1","0"
"8351","62112","8351","72","1","1","7","6","0","0","1","3","0"
"8352","62113","8352","51","3","1","4","6","0","2","1","1","0"
"8353","62113","8353","72","1","1","7","6","0","1","1","1","0"
"8354","62113","8354","64","1","1","7","4","0","1","1","1","0"
"8355","62113","8355","63","1","3","1","4","0","1","1","1","0"
"8356","62113","8356","52","3","3","1","0","0","2","4","1","0"
"8357","62114","8357","25","1","1","7","6","0","1","1","1","0"
"8358","62114","8358","26","1","1","7","2","0","1","1","1","0"
"8359","62114","8359","51","2","1","7","6","0","2","1","1","0"
"8360","62114","8360","71","1","1","7","6","0","0","1","3","0"
"8361","62114","8361","71","1","1","7","6","0","1","1","1","0"
"8362","62114","8362","61","1","1","7","3","0","1","1","1","0"
"8363","62115","8363","51","1","1","7","6","0","1","2","1","0"
"8364","62115","8364","71","1","3","1","6","0","1","1","1","0"
"8365","62116","8365","23","1","1","7","5","0","1","2","1","0"
"8366","62116","8366","72","1","1","7","6","0","1","1","1","0"
"8367","62116","8367","26","2","1","7","2","0","1","1","1","0"
"8368","62116","8368","71","3","7","1","6","0","1","1","1","0"
"8369","62116","8369","52","3","1","7","0","1","1","3","2","0"
"8370","62126","8370","22","1","1","7","6","0","1","1","1","0"
"8371","62132","8371","51","3","1","7","4","0","1","0","1","0"
"8372","62140","8372","25","1","1","7","6","0","1","1","1","0"
"8373","62140","8373","27","1","1","7","0","0","1","0","1","0"
"8374","62141","8374","71","1","1","7","6","0","1","1","1","0"
"8375","62144","8375","72","1","1","7","6","1","0","1","2","0"
"8376","62145","8376","52","3","1","7","0","0","2","0","3","0"
"8377","62147","8377","71","1","1","7","6","1","0","1","2","0"
"8378","62153","8378","71","1","1","7","6","0","1","1","1","0"
"8379","62154","8379","25","3","1","7","6","0","2","1","1","0"
"8380","62155","8380","41","1","3","2","6","0","1","1","1","0"
"8381","62156","8381","72","2","1","7","6","0","1","1","1","0"