"accident_id","lieu_id","date_id","cause_id","lum_id","intemp_id","etat_surface_id","impliq_id","nb_blesses_graves","nb_blesses_legers","nb_indemnes","gravite","nb_morts"
"8840","62637","8840","71","1","1","7","6","0","1","1","1","0"
"8841","62637","8841","71","3","1","7","6","0","2","1","1","0"
"8842","62638","8842","51","2","1","7","4","0","1","1","1","0"
"8843","62638","8843","64","1","1","7","3","0","1","1","1","0"
"8844","62638","8844","72","1","1","7","6","0","2","0","1","0"
"8845","62639","8845","25","2","3","2","6","1","0","1","2","0"
"8846","62639","8846","71","1","1","7","6","0","1","1","1","0"
"8847","62639","8847","36","1","1","1","4","0","1","0","1","0"
"8848","62640","8848","71","3","1","7","6","0","1","1","1","0"
"8849","62640","8849","51","1","3","1","6","0","1","1","1","0"
"8850","62640","8850","51","1","1","1","3","0","0","1","3","0"
"8851","62641","8851","71","1","1","7","6","1","0","1","2","0"
"8852","62641","8852","22","1","1","7","6","0","1","1","1","0"
"8853","62641","8853","51","1","1","7","6","0","2","2","1","0"
"8854","62641","8854","25","1","1","1","6","0","3","0","1","0"
"8855","62641","8855","51","1","1","7","6","0","1","2","1","0"
"8856","62641","8856","51","3","4","3","7","0","1","1","1","0"
"8857","62641","8857","51","1","7","6","6","0","2","0","1","0"
"8858","62641","8858","72","1","1","7","6","0","1","1","1","0"
"8859","62641","8859","64","3","1","7","6","0","1","2","1","0"
"8860","62642","8860","51","1","1","7","3","0","1","0","1","0"
"8861","62644","8861","41","1","1","7","2","0","1","1","1","0"
"8862","62644","8862","64","3","3","1","3","0","1","1","1","0"
"8863","62645","8863","63","1","1","7","5","0","1","1","1","0"
"8864","62645","8864","72","3","1","7","6","1","0","1","2","0"
"8865","62646","8865","81","3","1","7","6","0","1","0","1","0"
"8866","62646","8866","72","2","3","1","6","0","1","1","1","0"
"8867","62646","8867","71","3","1","7","6","1","0","1","2","0"
"8868","62647","8868","72","3","1","7","6","1","0","1","2","0"
"8869","62647","8869","71","3","1","1","6","1","0","1","2","0"
"8870","62647","8870","81","3","1","7","1","0","3","0","1","0"
"8871","62647","8871","52","3","1","7","0","0","1","0","1","0"
"8872","62649","8872","72","1","2","1","6","0","1","1","1","0"
"8873","62650","8873","26","1","1","1","1","0","1","1","1","0"
"8874","62650","8874","51","1","1","7","6","0","2","2","1","0"
"8875","62651","8875","32","1","1","7","6","0","1","1","1","0"
"8876","62659","8876","73","1","1","7","6","0","1","1","1","0"
"8877","62660","8877","51","1","1","1","6","0","1","2","1","0"
"8878","62662","8878","53","1","1","7","2","0","1","2","1","0"
"8879","62662","8879","71","3","1","7","6","0","1","1","1","0"
"8880","62663","8880","71","1","1","7","6","0","1","1","1","0"
"8881","62664","8881","41","1","1","7","3","0","1","1","1","0"
"8882","62670","8882","72","1","1","1","6","0","1","1","1","0"
"8883","62672","8883","61","1","1","7","4","0","1","1","1","0"
"8884","62674","8884","72","1","1","7","6","0","1","1","1","0"
"8885","62678","8885","72","3","3","1","6","0","1","0","1","0"
"8886","62679","8886","72","1","1","7","6","0","1","1","1","0"
"8887","62679","8887","99","2","1","7","1","0","1","1","1","0"
"8888","62688","8888","72","1","1","7","6","0","1","3","1","0"
"8889","62689","8889","72","1","1","7","6","0","1","1","1","0"
"8890","62697","8890","72","1","1","7","6","1","0","1","2","0"
"8891","62697","8891","72","1","1","7","6","0","1","1","1","0"
"8892","62697","8892","72","1","1","7","6","0","1","1","1","0"
"8893","62697","8893","72","1","1","7","6","0","1","1","1","0"
"8894","62698","8894","64","1","3","1","6","0","2","0","1","0"
"8895","62698","8895","23","1","1","7","4","0","1","1","1","0"
"8896","62698","8896","71","3","3","1","6","0","1","1","1","0"
"8897","62698","8897","26","1","1","7","2","0","1","1","1","0"
"8898","62701","8898","51","1","1","7","6","0","2","2","1","0"
"8899","62701","8899","71","1","3","2","6","0","1","2","1","0"
"8900","62701","8900","71","1","1","7","6","0","1","1","1","0"
"8901","62701","8901","72","1","1","7","6","0","1","1","1","0"
"8902","62701","8902","26","1","3","2","1","0","1","1","1","0"
"8903","62701","8903","71","1","2","2","6","1","0","1","2","0"
"8904","62701","8904","25","3","1","7","6","0","1","0","1","0"
"8905","62701","8905","71","1","1","7","6","1","0","1","2","0"
"8906","62701","4963","25","1","1","7","6","0","2","2","1","0"
"8907","62701","8907","72","1","1","7","6","0","1","1","1","0"
"8908","62701","8908","71","1","1","7","6","0","1","1","1","0"
"8909","62701","8909","71","1","1","7","6","0","1","1","1","0"
"8910","62701","8910","72","2","1","7","6","0","1","1","1","0"
"8911","62701","8911","71","1","1","7","6","0","1","1","1","0"
"8912","62701","8912","71","1","1","7","6","0","1","1","1","0"
"8913","62701","8913","51","1","3","1","6","0","1","2","1","0"
"8914","62701","8914","71","1","1","7","6","0","1","1","1","0"
"8915","62702","8915","18","1","1","7","6","0","1","1","1","0"
"8916","62712","8916","26","1","1","7","1","0","1","1","1","0"
"8917","62714","8917","71","1","1","7","6","1","0","1","2","0"
"8918","62714","8918","71","1","1","7","6","0","1","1","1","0"
"8919","62714","8919","71","1","1","7","6","0","1","1","1","0"
"8920","62714","8920","81","3","3","1","6","1","1","1","2","0"
"8921","62714","8921","21","1","1","7","6","0","2","2","1","0"
"8922","62715","8922","28","3","2","2","0","0","1","0","1","0"
"8923","62715","8923","63","1","1","7","4","0","1","1","1","0"
"8924","62715","8924","63","1","1","7","5","0","1","1","1","0"
"8925","62715","8925","72","1","1","7","6","0","1","1","1","0"
"8926","62716","6934","72","1","1","1","6","0","1","1","1","0"
"8927","62716","8927","72","1","1","7","6","0","1","1","1","0"
"8928","62716","8928","72","1","1","7","6","0","1","1","1","0"
"8929","62717","8929","51","1","1","7","6","0","1","1","1","0"
"8930","62717","8930","81","3","1","7","6","0","1","1","1","0"
"8931","62717","8931","71","1","1","7","6","0","1","1","1","0"
"8932","62717","8932","72","1","1","7","6","0","1","0","1","0"
"8933","62719","8933","51","1","1","7","3","0","1","0","1","0"
"8934","62722","8934","25","1","1","7","0","0","1","0","1","0"
"8935","62726","8935","72","1","1","7","6","0","1","1","1","0"
"8936","62726","8936","71","1","1","7","6","1","0","1","2","0"
"8937","62726","8937","72","1","1","7","6","0","1","1","1","0"
"8938","62728","8938","73","3","1","7","2","0","1","1","1","0"
"8939","62728","8939","72","1","1","7","3","0","2","0","1","0"
"8940","62730","8940","72","1","1","7","5","0","2","0","1","0"
"8941","62730","8941","75","1","1","7","5","0","2","0","1","0"
"8942","62733","8942","72","1","1","7","6","0","1","1","1","0"
"8943","62733","8943","72","1","1","7","6","0","1","1","1","0"
"8944","62735","8944","71","3","1","2","6","0","1","1","1","0"
"8945","62736","8945","72","1","1","7","6","1","0","1","2","0"
"8946","62736","8946","67","1","1","7","6","0","1","1","1","0"
"8947","62736","8947","51","3","2","2","4","0","1","1","1","0"
"8948","62736","8948","41","1","1","7","1","0","1","1","1","0"
"8949","62736","8949","72","3","1","7","6","0","1","1","1","0"
"8950","62736","8950","71","1","1","7","6","0","1","1","1","0"
"8951","62736","8951","72","1","1","7","6","0","1","1","1","0"
"8952","62736","8952","72","1","1","7","6","0","1","1","1","0"
"8953","62736","8953","72","1","1","7","6","0","1","1","1","0"
"8954","62742","8954","67","1","1","7","4","0","1","1","1","0"
"8955","62743","8955","72","1","1","7","3","0","1","1","1","0"
"8956","62743","8956","25","3","1","2","7","0","2","1","1","0"
"8957","62743","8957","99","1","1","7","9","0","1","0","1","0"
"8958","62748","8958","81","3","1","7","6","0","1","4","1","0"
"8959","62748","8959","72","1","1","7","6","0","1","1","1","0"
"8960","62748","8960","71","1","1","7","6","0","1","1","1","0"
"8961","62752","8961","72","3","3","2","6","0","0","1","3","0"
"8962","62752","8962","41","1","1","7","6","2","1","0","2","0"
"8963","62752","8963","71","1","1","7","6","0","1","1","1","0"
"8964","62752","8964","41","1","1","1","6","0","1","1","1","0"
"8965","62752","8965","51","3","1","7","6","1","2","0","2","0"
"8966","62755","8966","51","3","1","7","6","0","1","1","1","0"
"8967","62755","8967","51","1","1","7","6","0","1","3","1","0"
"8968","62755","8968","41","5","1","7","6","0","2","0","1","0"
"8969","62787","8969","72","1","1","7","6","0","1","1","1","0"
"8970","62787","1209","72","1","1","7","6","0","1","1","1","0"
"8971","62792","8971","51","1","1","7","6","0","1","1","1","0"
"8972","62792","8972","81","3","1","7","2","0","1","1","1","0"
"8973","62792","8973","72","3","1","7","6","0","1","1","1","0"
"8974","62792","8974","71","1","1","7","6","0","1","1","1","0"
"8975","62793","8975","41","1","1","7","6","0","1","1","1","0"
"8976","62793","8976","73","1","1","7","4","0","1","1","1","0"
"8977","62794","8977","41","1","1","1","4","0","1","1","1","0"
"8978","62804","8978","64","1","1","7","4","0","1","1","1","0"
"8979","62828","8979","73","1","1","7","3","0","1","1","1","0"
"8980","62829","8980","51","1","1","1","2","0","1","1","1","0"
"8981","62829","8981","51","1","1","7","1","0","1","1","3","0"
"8982","62831","8982","72","1","2","2","9","0","1","0","1","0"
"8983","62831","8983","32","1","1","7","6","0","1","2","1","0"
"8984","62845","8984","71","1","1","7","6","0","1","1","1","0"
"8985","62845","8985","72","1","1","7","6","0","1","1","1","0"
"8986","62845","8986","72","1","1","7","6","0","1","1","1","0"
"8987","62856","8987","21","2","1","7","4","0","1","1","1","0"
"8988","62895","8988","51","1","1","7","1","0","1","1","1","0"
"8989","62918","8989","51","1","1","7","6","0","1","2","1","0"
"8990","62918","8990","41","3","3","1","6","0","2","2","1","0"
"8991","62919","8991","36","1","1","7","3","0","1","1","1","0"
"8992","62919","8992","19","1","1","7","6","0","1","1","1","0"
"8993","62919","8993","64","1","3","1","6","0","2","1","1","0"
"8994","62920","8994","19","1","1","7","7","0","1","1","1","0"
"8995","62925","8995","51","3","3","2","6","0","2","1","1","0"
"8996","62928","8996","63","1","1","7","6","0","1","2","1","0"
"8997","62941","8997","51","3","1","7","6","0","1","0","1","0"
"8998","62941","8998","72","1","1","7","9","0","1","0","1","0"
"8999","62941","8999","51","1","1","7","5","0","1","1","1","0"
"9000","62941","9000","72","1","1","7","6","1","0","1","2","0"
"9001","62941","9001","71","3","3","1","6","0","1","1","1","0"
"9002","62942","9002","24","1","1","7","2","1","0","2","2","0"
"9003","62945","9003","28","3","1","7","0","0","1","0","1","0"
"9004","62945","9004","51","1","1","7","6","0","1","5","1","0"
"9005","62946","9005","51","1","1","7","4","0","1","1","1","0"
"9006","62946","9006","64","1","1","7","5","1","0","1","2","0"
"9007","62946","9007","20","1","1","7","6","0","1","1","1","0"
"9008","62947","711","51","1","1","7","6","0","1","1","1","0"
"9009","62947","9009","52","2","1","7","0","0","2","0","1","0"
"9010","62947","9010","52","3","1","1","0","1","0","0","2","0"
"9011","62947","9011","67","1","1","7","5","0","2","1","1","0"
"9012","62947","9012","67","3","1","7","4","0","1","1","1","0"
"9013","62949","9013","51","1","1","7","3","0","1","1","1","0"
"9014","62949","9014","72","3","1","1","6","0","1","1","1","0"
"9015","62949","9015","67","3","1","7","4","0","1","1","1","0"
"9016","62949","9016","41","1","1","7","4","0","1","1","1","0"
"9017","62949","9017","20","1","3","1","6","0","1","1","1","0"
"9018","62953","9018","35","1","1","7","4","0","1","1","1","0"
"9019","62953","9019","61","1","1","7","4","0","1","1","1","0"
"9020","62953","9020","64","1","1","7","6","0","1","1","1","0"
"9021","62954","9021","64","1","6","1","2","0","1","1","1","0"
"9022","62955","9022","72","1","1","7","6","0","1","1","1","0"
"9023","62956","9023","63","3","6","1","4","0","1","1","1","0"
"9024","62956","9024","51","1","1","7","6","0","2","1","1","0"
"9025","62961","9025","22","3","1","7","6","0","1","2","1","0"
"9026","62961","9026","28","1","1","7","0","0","1","0","1","0"
"9027","62962","9027","52","2","1","7","6","0","1","0","1","0"
"9028","62962","9028","21","1","1","7","5","0","1","1","1","0"
"9029","62965","9029","71","1","1","7","6","0","1","1","1","0"
"9030","62967","9030","72","1","1","7","6","0","1","1","1","0"
"9031","62968","9031","21","1","1","7","6","0","1","1","1","0"
"9032","62968","9032","72","1","1","7","6","0","1","1","1","0"
"9033","62972","9033","21","3","1","7","6","0","5","1","1","0"
"9034","62975","9034","21","1","1","7","6","0","1","1","1","0"
"9035","62975","9035","22","1","1","7","7","0","0","1","3","0"
"9036","62975","9036","72","1","1","7","6","0","1","1","1","0"
"9037","62975","9037","36","1","1","7","6","0","1","1","1","0"
"9038","62975","9038","21","1","3","1","6","0","2","0","1","0"
"9039","62993","9039","51","1","1","7","6","0","1","0","1","0"
"9040","63000","9040","74","1","3","2","6","0","1","1","1","0"
"9041","63000","9041","71","1","1","7","6","0","1","1","1","0"
"9042","63000","9042","25","1","1","7","6","0","1","1","1","0"
"9043","63000","9043","71","1","1","7","6","0","1","1","1","0"
"9044","63004","9044","71","3","1","7","6","0","1","1","1","0"
"9045","63005","9045","22","3","1","7","4","0","1","1","1","0"
"9046","63005","9046","72","3","2","1","6","0","1","1","1","0"
"9047","63005","9047","71","1","1","7","6","0","1","1","1","0"
"9048","63005","9048","64","1","1","7","6","0","1","1","1","0"
"9049","63005","9049","71","1","1","7","6","0","1","2","1","0"
"9050","63005","9050","51","3","3","1","2","0","1","5","1","0"
"9051","63005","9051","71","1","1","7","6","0","1","1","1","0"
"9052","63011","9052","72","3","3","5","6","0","1","1","1","0"
"9053","63016","9053","64","1","1","7","7","0","1","1","3","0"
"9054","63019","9054","72","1","1","7","6","0","1","1","1","0"
"9055","63019","9055","23","3","1","7","4","0","1","5","1","0"
"9056","63019","9056","18","1","1","7","6","0","2","2","1","0"
"9057","63020","9057","66","1","1","7","7","0","1","1","1","0"
"9058","63023","9058","81","3","1","7","6","2","0","1","2","0"
"9059","63024","9059","71","1","1","7","6","0","1","1","1","0"
"9060","63024","9060","71","1","1","7","6","0","1","1","1","0"
"9061","63024","9061","81","1","1","7","6","0","1","1","1","0"
"9062","63024","9062","72","1","1","1","4","0","2","0","1","0"
"9063","63024","9063","72","2","2","1","5","0","1","1","1","0"
"9064","63026","9064","51","1","1","1","6","0","1","1","1","0"
"9065","63026","9065","51","1","1","7","6","0","1","2","1","0"
"9066","63026","9066","72","1","1","7","6","0","1","1","1","0"
"9067","63034","9067","67","1","1","7","4","0","1","2","1","0"
"9068","63034","9068","61","3","1","7","3","1","0","2","2","0"
"9069","63034","9069","64","1","1","7","6","0","1","1","1","0"
"9070","63034","9070","24","3","1","7","4","0","1","1","1","0"
"9071","63034","9071","71","1","1","7","6","0","1","1","1","0"
"9072","63036","9072","41","1","1","7","1","0","1","1","1","0"
"9073","63036","9073","71","2","3","1","6","0","1","1","1","0"
"9074","63036","9074","71","1","1","2","6","0","1","1","1","0"
"9075","63036","9075","51","3","1","7","6","0","3","0","1","0"
"9076","63036","9076","71","1","1","7","6","0","1","1","1","0"
"9077","63036","9077","71","1","1","7","6","0","1","0","1","0"
"9078","63036","9078","81","3","1","1","6","0","1","0","1","0"
"9079","63036","9079","72","1","1","7","6","0","1","1","1","0"
"9080","63036","9080","72","1","1","7","6","0","1","1","1","0"
"9081","63037","9081","64","1","1","7","6","0","1","1","1","0"
"9082","63038","9082","72","2","1","7","6","0","1","1","1","0"
"9083","63038","9083","72","1","1","7","6","1","0","1","2","0"
"9084","63039","9084","71","1","6","7","6","0","1","1","1","0"
"9085","63039","9085","72","1","1","7","6","0","1","1","1","0"
"9086","63039","9086","72","1","1","7","6","1","1","0","2","0"
"9087","63039","9087","71","1","1","7","6","0","1","1","1","0"
"9088","63040","9088","67","3","1","7","5","0","1","1","1","0"
"9089","63040","9089","16","3","1","7","6","0","1","1","1","0"
"9090","63041","9090","28","5","1","7","0","0","1","0","1","0"
"9091","63041","9091","71","1","1","7","6","1","0","1","2","0"
"9092","63041","9092","25","3","3","1","6","0","2","0","1","0"
"9093","63041","9093","18","1","1","7","3","0","1","1","1","0"
"9094","63053","9094","64","1","1","7","6","0","1","1","1","0"
"9095","63053","9095","52","3","1","7","0","0","0","0","3","0"
"9096","63054","9096","72","1","1","7","6","0","1","1","1","0"
"9097","63060","9097","51","1","1","7","0","2","0","0","2","0"
"9098","63060","9095","52","3","1","7","0","0","0","0","3","0"
"9099","63060","9096","72","1","1","7","6","0","1","1","1","0"
"9100","63060","9100","51","1","1","7","0","0","1","0","1","0"
"9101","63061","9101","18","1","1","7","6","0","1","1","1","0"
"9102","63067","9102","22","1","3","1","5","0","1","1","1","0"
"9103","63067","9103","51","1","1","7","4","0","1","1","1","0"
"9104","63067","9104","72","1","1","7","6","0","0","1","3","0"
"9105","63074","9105","21","3","3","2","6","0","1","1","1","0"
"9106","63074","9106","71","3","1","7","6","1","0","1","2","0"
"9107","63075","9107","26","3","3","1","2","0","1","1","1","0"
"9108","63083","9108","51","1","1","7","3","0","2","0","1","0"
"9109","63083","9109","71","1","1","7","6","0","1","1","1","0"
"9110","63532","9110","81","3","3","1","6","1","0","2","2","0"
"9111","63533","9111","21","1","6","1","6","3","0","1","2","0"
"9112","63533","9112","21","3","1","7","4","0","1","2","1","0"
"9113","63533","9113","52","3","3","2","0","1","0","0","2","0"
"9114","63533","9114","21","3","1","7","4","0","2","0","1","0"
"9115","63576","9115","21","1","1","2","6","2","2","0","2","0"
"9116","63577","9116","21","1","1","2","6","3","0","0","2","0"
"9117","64262","9117","52","5","1","7","0","1","0","0","2","0"
"9118","64263","9118","21","1","1","7","6","1","0","1","2","0"
"9119","64264","9119","81","1","1","7","6","1","0","2","2","0"
"9120","64266","9120","52","3","3","2","0","2","2","1","2","0"
"9121","64269","9121","21","1","1","7","6","2","0","1","2","0"
"9122","64271","9122","81","3","1","2","0","1","1","0","2","0"
"9123","64274","9123","25","1","1","7","6","1","1","0","2","0"
"9124","64277","9124","21","1","1","7","6","0","1","1","1","0"
"9125","64278","9125","51","3","1","7","3","0","0","1","3","0"
"9126","64278","9126","36","1","3","1","6","1","0","2","2","0"
"9127","64279","9127","21","3","1","2","6","3","1","0","2","0"
"9128","64279","9128","52","5","6","7","0","1","1","0","2","0"
"9129","64280","9129","22","1","7","7","6","0","1","1","1","0"
"9130","64280","9130","52","3","1","4","7","1","0","4","3","2"
"9131","64282","9131","36","3","3","1","6","0","1","1","1","0"
"9132","64282","9132","52","5","1","7","6","0","2","0","1","0"
"9133","64289","9133","25","1","1","7","6","0","1","1","1","0"
"9134","64296","9134","21","1","1","7","6","0","3","0","1","0"
"9135","64296","9135","21","1","1","7","9","1","0","0","2","0"
"9136","64301","9136","72","2","1","7","6","1","0","1","2","0"
"9137","64331","9137","52","1","2","2","0","1","0","1","2","0"
"9138","64331","9138","21","1","1","7","6","1","3","2","2","0"
"9139","64333","9139","81","3","1","2","0","0","1","0","1","0"
"9140","64394","9140","21","1","1","7","6","1","1","1","2","0"
"9141","64394","9141","21","5","1","7","6","1","2","0","2","0"
"9142","64394","9142","52","1","1","5","6","1","0","2","2","0"
"9143","64394","9143","52","1","1","7","7","0","1","1","1","0"
"9144","64394","9144","52","1","3","1","6","1","0","1","2","0"
"9145","64394","9145","81","1","3","1","6","2","2","0","2","0"
"9146","64443","9146","52","1","1","2","7","0","0","1","3","0"
"9147","65038","9147","71","1","1","7","6","0","1","1","1","0"
"9148","65048","9148","63","3","1","7","4","0","1","1","1","0"
"9149","65049","9149","71","1","3","2","6","1","0","1","2","0"
"9150","65073","9150","64","1","1","7","6","1","0","1","2","0"
"9151","65076","9151","25","1","1","7","7","2","1","1","2","0"
"9152","65076","9152","52","1","3","1","0","1","0","0","2","0"
"9153","65087","9153","72","1","1","7","6","0","1","1","1","0"
"9154","65094","9154","81","1","1","7","6","0","1","1","1","0"
"9155","65094","9155","71","3","3","1","6","1","0","1","2","0"
"9156","65095","9156","72","3","2","1","6","1","0","2","2","0"
"9157","65100","9157","67","1","1","7","5","1","0","2","2","0"
"9158","65102","9158","51","1","1","7","3","1","2","0","2","0"
"9159","65102","9159","52","1","1","7","0","3","0","0","3","2"
"9160","65103","9160","36","1","3","1","6","0","6","2","1","0"
"9161","65108","9161","71","1","3","1","6","0","1","1","1","0"
"9162","65109","9162","81","3","1","7","6","0","2","1","1","0"
"9163","65110","9163","22","2","1","7","6","0","4","2","1","0"
"9164","65110","9164","52","3","3","1","6","1","1","2","2","0"
"9165","65122","9165","52","1","2","1","6","1","1","1","2","0"
"9166","65131","9166","71","1","1","7","6","0","1","1","1","0"
"9167","65131","9167","72","5","1","7","6","0","1","1","1","0"
"9168","65171","9168","52","3","1","1","0","0","1","3","1","0"
"9169","65182","9169","52","1","1","7","0","0","2","0","1","0"
"9170","65830","9170","25","1","1","7","6","0","1","1","1","0"
"9171","65834","9171","51","1","1","7","6","1","0","1","2","0"
"9172","65834","9172","24","3","3","1","2","0","1","1","1","0"
"9173","65839","9173","21","1","1","7","6","1","0","1","2","0"
"9174","65848","9174","64","1","1","7","6","0","1","1","1","0"
"9175","65855","9175","23","1","1","7","4","0","1","1","1","0"
"9176","65868","9176","52","1","1","7","2","0","1","1","1","0"
"9177","65873","9177","67","1","1","7","6","0","1","1","1","0"
"9178","65875","9178","52","3","1","4","7","0","1","1","1","0"
"9179","65875","9179","74","4","1","1","6","0","0","1","3","0"
"9180","65875","9180","65","3","3","2","4","1","0","1","2","0"
"9181","65875","9181","81","3","3","1","6","0","2","0","1","0"
"9182","65875","9182","67","2","1","1","4","0","1","1","1","0"
"9183","65879","9183","64","1","1","7","4","0","1","1","1","0"
"9184","65883","9184","72","1","1","7","6","0","1","1","1","0"
"9185","65885","9185","64","1","1","7","4","0","1","1","1","0"
"9186","65887","9186","41","1","1","7","6","0","1","1","1","0"
"9187","65891","9187","64","1","3","1","3","0","1","1","1","0"
"9188","65893","9188","72","1","1","7","6","0","1","1","1","0"
"9189","65895","9189","74","1","1","7","6","0","1","1","1","0"
"9190","65895","9190","72","1","1","7","6","0","1","1","1","0"
"9191","65900","9191","25","3","1","1","6","0","1","2","1","0"
"9192","65900","9192","81","3","3","1","6","1","3","5","3","1"
"9193","65900","9193","64","1","3","1","6","2","0","1","2","0"
"9194","65900","9194","26","1","1","7","2","0","1","1","1","0"
"9195","65901","9195","53","1","3","1","6","1","0","1","2","0"
"9196","65901","9196","52","5","1","1","0","0","0","0","3","0"
"9197","65902","9197","72","3","1","7","6","0","1","1","1","0"
"9198","65902","9198","52","3","1","7","0","1","0","0","2","0"
"9199","65904","9199","23","3","3","2","6","0","1","1","1","0"
"9200","65904","9200","23","3","1","7","4","0","1","1","1","0"
"9201","65904","9201","26","3","2","1","2","1","0","1","2","0"
"9202","65905","9202","26","1","1","7","2","1","0","1","2","0"
"9203","65906","3687","23","1","2","2","6","0","1","2","1","0"
"9204","65906","9204","72","1","1","7","6","0","1","1","1","0"
"9205","65906","9205","61","1","1","7","3","0","1","2","1","0"
"9206","65907","9206","72","5","1","7","6","1","0","1","2","0"
"9207","65907","9207","25","3","1","7","6","0","0","1","3","0"
"9208","65908","9208","81","3","1","7","6","0","1","1","1","0"
"9209","65908","9209","61","1","1","7","3","1","0","1","2","0"
"9210","65908","9210","72","1","1","7","6","0","1","1","1","0"
"9211","65912","9211","25","3","1","7","6","0","1","0","1","0"
"9212","65913","9212","26","1","1","7","2","0","1","1","1","0"
"9213","65913","9213","64","1","1","7","3","0","1","1","1","0"
"9214","65913","9214","23","1","1","7","6","2","2","0","2","0"
"9215","65913","9215","35","1","1","7","4","0","1","2","1","0"
"9216","65913","9216","64","1","1","7","4","0","1","1","1","0"
"9217","65914","9217","22","1","1","7","4","0","1","1","1","0"
"9218","65914","9218","26","1","1","7","2","1","0","1","2","0"
"9219","65915","9219","26","1","3","1","2","1","0","1","2","0"
"9220","65915","9220","72","1","1","7","6","0","1","1","1","0"
"9221","65915","9221","51","3","1","1","0","1","0","0","2","0"
"9222","65915","9222","25","1","3","1","6","0","1","2","1","0"
"9223","65916","9223","81","3","1","1","6","0","1","1","1","0"
"9224","65916","9224","52","3","3","1","0","2","0","0","2","0"
"9225","65916","9225","52","1","1","6","0","0","1","0","1","0"
"9226","65916","9226","52","3","3","1","0","0","2","0","1","0"
"9227","65916","9227","63","1","1","7","5","0","2","1","1","0"
"9228","65916","9228","52","1","1","7","0","0","1","1","1","0"
"9229","65924","9229","27","3","1","7","9","1","0","1","2","0"
"9230","65929","9230","71","1","3","2","6","0","1","1","1","0"
"9231","65929","9231","21","2","3","1","6","0","3","1","1","0"
"9232","65930","9232","72","1","1","7","6","0","1","1","1","0"
"9233","65932","9233","71","1","1","7","6","0","1","1","1","0"
"9234","65933","9234","72","1","1","7","6","1","0","1","2","0"
"9235","65933","9235","52","3","1","7","0","0","1","0","1","0"
"9236","65934","9236","64","1","1","7","3","0","1","1","1","0"
"9237","65947","9237","61","1","1","7","3","0","1","1","1","0"
"9238","65947","9238","72","1","1","7","3","0","1","1","1","0"
"9239","65950","9239","52","1","1","7","6","0","1","1","1","0"
"9240","65950","9240","63","1","1","7","4","0","1","1","1","0"
"9241","65950","9241","72","1","1","7","6","0","1","1","1","0"
"9242","65950","9242","63","1","4","2","4","0","1","1","1","0"
"9243","65954","9243","26","1","1","7","2","0","1","1","1","0"
"9244","65956","9244","71","4","1","7","4","0","2","0","1","0"
"9245","65956","9245","26","1","1","7","2","0","1","1","1","0"
"9246","65958","9246","82","1","1","7","6","0","1","1","1","0"
"9247","65960","9247","52","1","1","7","6","0","1","1","1","0"
"9248","65967","9248","22","3","1","7","6","2","0","0","2","0"
"9249","65967","9249","81","3","1","7","0","0","1","0","1","0"
"9250","65973","9250","52","1","1","7","0","1","0","0","2","0"
"9251","65982","9251","51","1","1","7","6","1","0","1","2","0"
"9252","65982","9252","51","1","1","7","6","1","1","2","2","0"
"9253","65984","9253","63","1","3","2","8","1","1","3","2","0"
"9254","65985","9254","64","1","1","7","4","0","1","1","1","0"
"9255","65985","9255","86","1","1","1","2","0","1","1","1","0"
"9256","65992","9256","20","1","1","7","2","1","0","1","2","0"
"9257","65993","9257","67","1","1","7","6","2","1","2","2","0"
"9258","65995","9258","52","1","1","7","6","0","1","1","1","0"
"9259","65998","9259","64","2","1","7","6","0","1","1","1","0"
"9260","65998","9260","64","1","1","7","4","0","1","1","1","0"
"9261","65998","9261","64","1","3","2","6","0","1","2","1","0"
"9262","65998","9262","22","1","1","7","6","0","1","1","1","0"
"9263","66000","9263","81","3","1","1","6","1","0","4","2","0"
"9264","66000","9264","72","1","1","7","6","0","1","1","1","0"
"9265","66018","9265","21","3","1","7","6","0","1","1","1","0"
"9266","66019","9266","64","1","1","7","6","1","0","1","2","0"
"9267","66019","9267","74","1","1","7","6","0","1","1","1","0"
"9268","66024","9268","52","1","1","7","0","0","2","1","1","0"
"9269","66034","9269","25","3","2","2","6","0","1","1","1","0"
"9270","66035","9270","72","1","1","7","6","0","1","1","1","0"
"9271","66053","9271","52","1","1","7","0","0","1","0","1","0"
"9272","66054","9272","72","1","1","6","6","0","1","1","1","0"
"9273","66054","9273","51","1","1","7","6","0","1","1","1","0"
"9274","66056","9274","72","1","1","7","6","0","1","1","1","0"
"9275","66056","9275","67","1","1","7","6","0","1","1","1","0"
"9276","66064","9276","67","1","1","7","6","0","1","1","1","0"
"9277","66065","9277","64","1","1","7","4","0","1","1","1","0"
"9278","66065","9278","21","3","1","7","6","0","1","2","1","0"
"9279","66065","9279","72","4","1","7","6","0","1","2","1","0"
"9280","66065","9280","64","1","1","1","6","0","1","1","1","0"
"9281","66065","9281","67","1","1","7","4","0","1","1","1","0"
"9282","66067","9282","20","1","1","7","2","0","1","1","1","0"
"9283","66068","9283","85","4","1","7","6","1","0","1","2","0"
"9284","66069","9284","52","5","1","7","6","1","1","2","2","0"
"9285","66069","9285","25","3","1","7","6","0","4","1","1","0"
"9286","66072","9286","28","1","1","7","0","1","1","0","2","0"
"9287","66072","9287","28","1","1","7","0","0","3","0","1","0"
"9288","66072","9288","52","1","3","1","0","0","1","1","1","0"
"9289","66072","9289","52","2","3","1","6","0","2","1","1","0"
"9290","66077","9290","72","1","3","1","6","0","1","1","1","0"
"9291","66077","9291","72","1","3","1","6","1","0","1","2","0"
"9292","66078","9292","72","1","1","7","6","1","0","1","2","0"
"9293","66078","9293","71","1","3","2","6","0","1","1","1","0"
"9294","66080","9294","21","1","1","7","6","1","0","1","2","0"
"9295","66095","9295","36","1","1","7","6","1","0","2","2","0"
"9296","66104","9296","64","1","3","2","6","0","1","1","1","0"