"accident_id","lieu_id","date_id","cause_id","lum_id","intemp_id","etat_surface_id","impliq_id","nb_blesses_graves","nb_blesses_legers","nb_indemnes","gravite","nb_morts"
"9297","66106","9297","52","1","1","7","0","0","1","0","1","0"
"9298","66106","9298","52","1","1","7","0","0","1","0","1","0"
"9299","66106","9299","72","1","1","7","6","1","0","1","2","0"
"9300","66111","9300","72","1","1","7","6","0","1","1","1","0"
"9301","66116","9301","25","1","1","7","6","0","1","1","1","0"
"9302","66120","9302","21","1","1","7","3","0","1","1","1","0"
"9303","66123","9303","41","2","1","1","6","2","5","0","2","0"
"9304","66123","9304","64","1","1","7","3","1","0","1","2","0"
"9305","66124","9305","51","3","1","2","6","1","1","1","2","0"
"9306","66124","9306","17","1","1","7","4","1","0","1","2","0"
"9307","66124","9307","53","1","1","7","6","0","1","1","1","0"
"9308","66124","9308","64","4","1","7","4","0","1","1","1","0"
"9309","66124","9309","21","1","1","7","6","0","2","0","1","0"
"9310","66124","9310","52","1","1","7","6","0","3","1","1","0"
"9311","66124","9311","52","1","3","1","6","0","1","1","1","0"
"9312","66124","9312","74","1","1","7","4","1","1","1","2","0"
"9313","66125","9313","52","1","1","2","2","0","2","1","1","0"
"9314","66125","9220","23","1","1","7","6","0","2","0","1","0"
"9315","66125","9315","23","3","3","2","6","0","2","0","1","0"
"9316","66128","9316","21","1","1","7","4","2","0","0","2","0"
"9317","66128","9317","52","1","3","2","6","0","1","3","1","0"
"9318","66128","9318","52","1","1","7","0","0","1","0","1","0"
"9319","66129","9319","52","1","1","7","0","0","1","0","1","0"
"9320","66129","9320","41","1","1","7","6","0","1","1","1","0"
"9321","66130","9321","52","1","1","1","0","0","1","0","1","0"
"9322","66130","9322","51","1","1","7","6","0","1","1","1","0"
"9323","66131","9323","52","1","1","7","0","0","2","0","1","0"
"9324","66135","9324","41","1","1","7","6","0","1","1","1","0"
"9325","66135","9325","52","1","3","1","0","1","0","0","2","0"
"9326","66135","9326","71","1","1","7","4","1","0","1","2","0"
"9327","66137","9327","41","3","2","2","6","4","0","0","2","0"
"9328","66137","9328","41","3","3","2","6","0","1","0","3","0"
"9329","66138","9329","41","1","1","7","6","1","0","1","2","0"
"9330","66138","9330","24","1","2","2","6","0","1","6","1","0"
"9331","66138","9331","52","1","1","5","0","0","1","0","1","0"
"9332","66138","9332","51","5","1","1","6","0","1","3","1","0"
"9333","66138","9333","72","4","3","1","6","0","1","1","1","0"
"9334","66139","9334","21","1","1","7","4","0","1","1","1","0"
"9335","66139","9335","41","1","1","7","4","0","2","0","1","0"
"9336","66140","9336","51","2","1","2","6","0","1","2","1","0"
"9337","66142","9337","72","1","1","7","6","0","1","1","1","0"
"9338","66164","9338","51","1","1","7","6","0","1","1","1","0"
"9339","66164","9339","21","1","1","7","6","0","1","2","1","0"
"9340","66164","9340","72","2","4","1","6","0","1","1","1","0"
"9341","66165","9341","81","3","3","2","6","2","0","0","2","0"
"9342","66165","9342","52","1","4","1","0","0","1","0","1","0"
"9343","66165","9343","81","3","4","2","6","0","1","7","1","0"
"9344","66165","9344","21","3","3","1","6","0","1","1","1","0"
"9345","66165","9345","52","1","6","1","6","0","2","1","1","0"
"9346","66165","9346","81","3","1","7","6","0","1","1","1","0"
"9347","66182","9347","26","4","1","7","1","0","1","1","1","0"
"9348","66194","9348","52","1","1","7","0","0","1","0","1","0"
"9349","66194","9349","52","1","1","7","0","0","1","0","1","0"
"9350","66195","9350","51","1","1","7","6","0","1","3","1","0"
"9351","66197","9351","51","1","1","7","3","1","0","1","2","0"
"9352","66215","9352","72","1","1","7","6","0","1","1","1","0"
"9353","66216","9353","67","1","1","7","6","0","1","1","1","0"
"9354","66798","9354","52","1","1","1","3","1","0","1","2","0"
"9355","66813","9355","73","1","1","7","6","1","0","1","2","0"
"9356","66814","9356","26","1","1","7","1","1","0","1","2","0"
"9357","66814","9357","72","3","1","7","6","1","0","1","2","0"
"9358","66824","9358","52","1","1","7","6","0","1","1","1","0"
"9359","66828","9359","52","1","3","1","6","0","2","1","1","0"
"9360","66859","9360","81","2","1","7","6","0","1","1","3","0"
"9361","66923","9361","81","1","1","7","0","2","0","0","2","0"
"9362","66927","9362","81","5","3","1","6","0","2","1","1","0"
"9363","66927","9363","27","5","7","7","9","2","0","0","2","0"
"9364","66927","9364","51","5","1","7","6","0","3","0","1","0"
"9365","66929","9365","21","2","1","7","6","0","1","5","1","0"
"9366","66930","9366","72","1","1","7","6","0","1","1","1","0"
"9367","67517","9367","81","1","3","2","6","3","1","0","2","0"
"9368","67518","9368","52","5","3","1","7","1","0","1","2","0"
"9369","67518","9369","21","1","7","1","6","0","1","0","1","0"
"9370","67520","3349","52","1","1","7","0","0","2","0","1","0"
"9371","67525","9371","51","1","7","7","6","0","1","3","1","0"
"9372","67537","9372","72","1","1","7","6","1","0","1","2","0"
"9373","67538","9373","36","5","1","7","4","0","1","1","1","0"
"9374","67539","9374","52","1","1","4","6","1","3","0","2","0"
"9375","67539","9375","21","1","1","7","6","1","1","1","2","0"
"9376","67566","9376","81","3","1","2","5","2","0","2","2","0"
"9377","67567","9377","71","3","1","7","6","0","0","1","3","0"
"9378","67568","9378","72","1","1","7","6","1","0","1","2","0"
"9379","67568","9379","72","1","1","7","6","1","0","1","2","0"
"9380","67568","9380","73","1","1","7","6","0","1","1","1","0"
"9381","67579","9381","72","1","6","1","6","0","1","1","1","0"
"9382","67595","9382","21","1","1","7","6","3","2","1","2","0"
"9383","67597","9383","25","1","1","7","6","0","1","1","1","0"
"9384","67608","9384","52","1","1","7","0","0","1","1","1","0"
"9385","67608","9385","23","1","2","1","5","1","0","3","2","0"
"9386","67609","9386","52","1","1","7","0","1","0","0","2","0"
"9387","67627","9387","52","5","4","4","6","1","1","0","2","0"
"9388","67628","9388","72","5","1","7","6","0","0","1","3","0"
"9389","67628","9389","72","1","1","7","6","0","1","1","1","0"
"9390","67628","9390","81","5","1","7","6","1","2","0","2","0"
"9391","67691","9391","52","1","1","7","0","1","0","0","2","0"
"9392","67709","9392","52","3","1","1","0","1","0","1","2","0"
"9393","67709","9393","52","5","7","1","0","1","0","0","3","0"
"9394","67709","9394","52","1","1","1","5","1","0","1","2","0"
"9395","68306","9395","71","1","1","7","6","1","0","1","2","0"
"9396","68306","9396","52","3","1","7","0","0","2","0","1","0"
"9397","68327","9397","52","1","1","7","0","1","0","0","2","0"
"9398","68347","9398","52","5","1","7","0","0","0","0","3","0"
"9399","68349","9399","25","5","2","2","6","1","0","1","2","0"
"9400","68349","9400","53","1","1","7","3","1","0","1","2","0"
"9401","68349","9401","51","1","1","7","6","1","0","0","2","0"
"9402","68349","9402","51","2","1","7","4","0","1","0","1","0"
"9403","68349","9403","52","1","1","2","7","0","1","3","1","0"
"9404","68363","9404","63","1","1","7","4","0","1","1","1","0"
"9405","68367","9405","72","1","1","7","6","1","0","1","2","0"
"9406","68367","9406","63","1","1","7","4","0","1","1","1","0"
"9407","68381","9407","72","1","1","7","6","0","1","1","1","0"
"9408","68389","9408","72","1","1","7","6","0","1","1","1","0"
"9409","68398","9409","72","1","1","7","6","1","0","0","2","0"
"9410","68406","9410","66","1","1","7","1","1","0","1","2","0"
"9411","68460","9411","72","1","1","7","6","0","1","1","1","0"
"9412","68463","9412","52","1","1","7","2","1","0","1","2","0"
"9413","68499","9413","21","1","1","2","6","1","0","1","2","0"
"9414","68500","9414","21","2","1","1","6","0","1","1","1","0"
"9415","68501","9415","63","1","1","7","3","0","1","1","1","0"
"9416","68501","9416","71","1","1","7","6","1","0","1","2","0"
"9417","68509","9417","71","1","1","7","6","0","1","1","1","0"
"9418","68513","9418","71","1","1","7","6","1","0","1","2","0"
"9419","68515","9419","81","1","1","7","8","1","0","0","2","0"
"9420","68515","9420","64","1","1","7","6","1","0","1","2","0"
"9421","68515","9421","72","1","1","7","3","0","2","0","1","0"
"9422","68517","9422","18","1","1","7","6","0","1","1","1","0"
"9423","68517","9423","72","1","1","7","4","0","2","0","1","0"
"9424","68517","9424","23","1","1","7","6","0","3","1","1","0"
"9425","68517","9425","23","3","1","7","5","0","1","1","1","0"
"9426","68517","9426","51","1","1","7","6","0","1","1","1","0"
"9427","68517","9427","21","1","1","7","6","0","1","1","1","0"
"9428","68532","9428","52","2","3","2","0","1","0","0","2","0"
"9429","68537","9429","67","1","1","7","6","2","0","0","2","0"
"9430","68551","9430","52","5","1","7","6","0","6","0","1","0"
"9431","68553","9431","23","3","3","2","6","1","0","1","2","0"
"9432","68553","9432","21","3","3","2","6","2","1","0","2","0"
"9433","68553","9433","52","3","1","7","0","1","0","0","2","0"
"9434","68553","9434","81","3","1","7","6","0","2","2","1","0"
"9435","68553","9435","52","3","3","1","0","1","0","0","3","0"
"9436","68553","9436","51","1","3","1","6","0","2","0","1","0"
"9437","68553","9437","52","3","3","1","0","2","0","0","2","0"
"9438","68553","9438","81","3","1","7","0","0","1","0","1","0"
"9439","68553","9439","52","2","1","7","0","0","1","0","1","0"
"9440","68554","9440","52","4","3","2","0","2","1","0","3","0"
"9441","68554","9441","51","1","1","7","6","1","0","1","2","0"
"9442","68554","9442","64","1","1","7","6","1","0","1","2","0"
"9443","68554","9443","67","1","1","7","5","1","1","1","2","0"
"9444","68556","9444","21","1","1","7","6","0","1","1","1","0"
"9445","68556","9445","51","1","1","7","6","0","1","1","1","0"
"9446","68556","9446","72","1","1","7","6","1","0","1","2","0"
"9447","68557","3459","26","1","1","7","2","1","0","1","2","0"
"9448","68557","9448","51","1","1","7","3","0","1","2","1","0"
"9449","68557","9449","52","1","3","2","6","1","0","1","2","0"
"9450","68557","9450","72","1","1","7","6","0","1","1","1","0"
"9451","68557","9451","72","3","1","7","6","1","0","1","2","0"
"9452","68557","9452","64","1","1","7","6","0","1","1","1","0"
"9453","68558","9453","51","1","1","7","6","0","1","3","1","0"
"9454","68573","9454","63","1","1","7","6","0","1","1","1","0"
"9455","68582","9455","71","3","1","1","6","0","0","1","3","0"
"9456","68584","9456","64","1","1","7","6","1","0","1","2","0"
"9457","68592","9457","81","1","6","1","4","0","1","1","1","0"
"9458","68592","9458","36","3","1","2","6","1","0","1","2","0"
"9459","68592","9459","72","2","1","7","4","0","1","1","1","0"
"9460","68593","9460","81","5","3","2","9","1","0","0","3","0"
"9461","68593","9461","73","5","3","2","6","1","0","1","2","0"
"9462","68598","9462","81","2","3","2","0","0","2","0","1","0"
"9463","68600","9463","52","2","3","1","0","0","1","0","3","0"
"9464","68609","9464","64","1","1","7","5","0","1","1","1","0"
"9465","68621","9465","71","2","2","2","6","0","1","1","1","0"
"9466","68636","9466","67","1","1","7","3","1","0","1","2","0"
"9467","68665","9467","64","1","1","7","3","0","1","1","1","0"
"9468","68673","9468","72","1","1","7","6","1","0","1","2","0"
"9469","68674","9469","81","3","1","7","6","0","1","1","1","0"
"9470","68680","9470","82","1","1","7","6","1","1","1","2","0"
"9471","68681","9471","72","1","1","2","6","0","0","1","3","0"
"9472","68683","9472","26","3","3","2","2","1","0","1","2","0"
"9473","68683","9473","36","3","1","7","6","0","1","2","1","0"
"9474","68683","9474","26","3","1","7","2","1","0","1","2","0"
"9475","68684","9475","22","3","3","1","6","0","1","1","1","0"
"9476","68686","9476","21","2","1","7","6","0","3","0","1","0"
"9477","68690","9477","66","1","3","1","2","0","1","1","1","0"
"9478","68695","9478","25","3","7","1","6","0","1","0","1","0"
"9479","68696","9479","51","1","1","7","4","0","1","1","1","0"
"9480","68696","9480","51","1","1","7","6","0","2","1","1","0"
"9481","68698","9481","72","1","1","7","6","0","1","1","1","0"
"9482","68699","9482","81","1","3","1","6","1","0","1","2","0"
"9483","68699","9483","67","1","1","7","6","0","2","0","1","0"
"9484","68699","9484","52","1","1","7","6","0","1","0","1","0"
"9485","68700","9485","63","1","1","7","4","1","0","1","2","0"
"9486","68701","9486","63","3","1","7","4","1","0","1","2","0"
"9487","68701","9487","23","1","1","7","6","0","2","0","1","0"
"9488","68702","9488","23","1","1","7","4","0","1","1","1","0"
"9489","68702","9489","21","1","1","7","6","1","0","1","2","0"
"9490","68702","9490","22","3","1","7","6","1","2","0","2","0"
"9491","68702","9491","51","1","1","7","6","0","2","0","1","0"
"9492","68704","9492","23","3","1","1","6","0","1","1","1","0"
"9493","68705","9493","51","5","1","7","3","0","0","1","3","0"
"9494","68724","9494","36","1","1","7","6","2","0","1","2","0"
"9495","68725","9495","51","1","3","1","7","0","1","1","1","0"
"9496","68745","9496","21","3","1","1","6","0","1","1","1","0"
"9497","68745","9497","52","1","1","7","6","6","0","0","2","0"
"9498","68745","9498","52","3","1","7","0","1","0","0","2","0"
"9499","68748","9499","52","2","1","1","6","0","2","0","1","0"
"9500","68748","9500","52","1","3","1","0","0","1","0","1","0"
"9501","68827","9501","73","1","1","7","6","0","1","1","1","0"
"9502","68891","9502","52","1","1","7","0","0","1","0","1","0"
"9503","68891","9503","35","1","1","7","3","1","0","1","2","0"
"9504","68891","9504","36","1","1","7","6","0","1","1","1","0"
"9505","68892","9505","51","1","1","7","6","1","0","1","2","0"
"9506","68892","9506","64","1","1","7","6","0","1","1","1","0"
"9507","68898","9507","23","1","1","7","6","0","1","1","1","0"
"9508","68899","9508","23","1","1","7","5","0","1","1","1","0"
"9509","68899","9509","81","1","1","7","7","0","2","1","1","0"
"9510","68899","9510","51","1","1","7","7","0","1","1","1","0"
"9511","68899","9511","21","1","1","2","6","0","3","1","1","0"
"9512","68913","9512","67","3","1","7","4","0","1","1","1","0"
"9513","68915","9513","72","1","3","1","6","0","1","1","1","0"
"9514","68957","9514","72","3","3","2","6","1","0","1","2","0"
"9515","68957","9515","81","1","1","7","0","0","1","0","1","0"
"9516","68957","9516","53","1","1","7","2","0","1","1","1","0"
"9517","68957","9517","36","1","1","7","6","1","0","1","2","0"
"9518","68957","9518","51","1","1","7","7","0","1","1","1","0"
"9519","68966","9519","52","1","2","2","0","1","0","0","2","0"
"9520","68966","9520","81","3","1","7","6","0","1","1","1","0"
"9521","68967","9521","21","5","1","7","6","0","1","1","1","0"
"9522","68967","9522","52","1","1","7","7","1","0","2","2","0"
"9523","68967","9523","63","1","1","7","6","0","2","0","1","0"
"9524","68967","9524","81","3","1","4","6","0","2","0","1","0"
"9525","68974","9525","51","1","1","7","4","0","1","1","1","0"
"9526","68990","9526","13","1","1","7","6","1","0","1","2","0"
"9527","68991","9527","81","3","1","7","2","0","1","1","1","0"
"9528","68999","9528","52","5","1","7","6","2","0","3","2","0"
"9529","68999","9529","51","5","1","7","6","1","0","1","3","0"
"9530","68999","9530","21","5","3","2","6","0","5","1","1","0"
"9531","69000","9531","52","5","1","4","0","0","1","0","1","0"
"9532","69001","9532","51","1","3","2","6","0","1","1","1","0"
"9533","69009","9533","21","5","1","7","6","1","1","0","2","0"
"9534","69013","9534","52","5","4","4","6","0","1","3","1","0"
"9535","69013","9535","21","1","3","2","6","0","2","0","1","0"
"9536","69013","9536","52","5","1","7","0","0","0","0","3","0"
"9537","69014","9537","52","2","1","7","0","0","1","0","1","0"
"9538","69015","9538","53","3","1","7","6","1","0","0","3","0"
"9539","69018","9539","52","1","1","7","0","0","0","0","3","0"
"9540","69019","9540","82","1","6","7","4","1","1","0","2","0"
"9541","69019","9541","36","1","1","7","6","0","2","0","1","0"
"9542","69026","9542","27","1","1","7","6","2","0","0","2","0"
"9543","69026","9543","64","1","1","7","6","0","1","1","1","0"
"9544","69484","9544","63","1","1","7","6","1","0","1","2","0"
"9545","69484","9545","52","1","1","7","0","0","1","0","1","0"
"9546","69484","9546","52","5","1","7","0","0","2","3","1","0"
"9547","69485","9547","52","3","1","7","6","1","1","0","2","0"
"9548","69486","9548","51","1","1","7","3","0","1","1","1","0"
"9549","69486","9549","21","2","7","7","6","1","0","1","2","0"
"9550","69504","9550","52","5","1","7","0","0","0","1","3","0"
"9551","69510","9551","72","1","1","7","6","1","1","1","2","0"
"9552","69510","9552","72","1","3","2","9","0","1","0","3","0"
"9553","69510","9553","12","1","1","7","9","1","0","1","2","0"
"9554","69517","9554","21","1","1","7","3","0","1","1","1","0"
"9555","69536","9555","22","1","3","2","6","0","6","0","1","0"
"9556","69550","9556","72","1","1","7","6","1","0","1","2","0"
"9557","69551","9557","25","1","6","1","6","0","1","1","1","0"
"9558","69552","9558","81","3","1","7","4","1","0","1","2","0"
"9559","69552","9559","24","1","1","7","6","0","1","3","1","0"
"9560","69574","9560","25","1","2","2","6","0","1","1","1","0"
"9561","69580","9561","52","1","1","7","0","0","1","3","1","0"
"9562","69594","9562","21","2","1","7","6","0","1","1","1","0"
"9563","69594","9563","52","2","3","1","6","0","3","0","1","0"
"9564","69596","9564","52","1","1","7","0","0","1","1","1","0"
"9565","69596","9565","72","2","1","7","6","0","1","1","1","0"
"9566","69597","9566","26","2","1","7","1","0","1","1","1","0"
"9567","69597","9567","26","1","1","7","2","1","0","0","2","0"
"9568","69597","9568","52","3","1","7","6","0","2","0","1","0"
"9569","69597","9569","52","1","3","2","0","1","0","0","2","0"
"9570","69597","9570","63","3","3","2","4","0","1","1","1","0"
"9571","69601","9571","36","1","1","7","6","1","0","1","2","0"
"9572","69606","9572","82","1","1","7","6","0","1","1","1","0"
"9573","69607","9573","72","1","1","7","1","1","1","1","2","0"
"9574","69607","9574","51","1","1","7","6","0","1","1","1","0"
"9575","69607","9575","67","3","1","7","5","0","1","1","1","0"
"9576","69608","9576","21","1","1","7","6","0","1","1","1","0"
"9577","69667","9577","72","1","1","7","6","0","1","1","1","0"
"9578","69687","9578","81","3","1","7","6","2","0","0","2","0"
"9579","69687","9579","67","2","3","1","3","0","1","1","1","0"
"9580","69693","9580","22","1","3","2","6","1","0","1","2","0"
"9581","69693","9581","71","5","1","2","6","1","0","1","2","0"
"9582","69693","9582","81","3","1","7","6","0","4","0","1","0"
"9583","69693","9583","23","1","1","7","7","0","2","1","1","0"
"9584","69708","9584","51","1","1","7","0","0","1","0","1","0"
"9585","69712","9585","28","5","1","7","0","0","1","0","1","0"
"9586","69713","9586","23","1","1","7","5","0","1","1","1","0"
"9587","69715","9587","52","3","3","1","0","0","1","0","1","0"
"9588","69715","9588","67","3","6","1","6","0","2","2","1","0"
"9589","69715","9589","22","1","1","7","6","0","1","1","1","0"
"9590","69719","9590","21","1","1","7","6","0","1","2","1","0"
"9591","69719","9591","52","3","1","7","6","0","2","1","1","0"
"9592","69721","9592","99","5","1","7","6","0","4","0","1","0"
"9593","69725","9593","42","1","1","7","5","1","0","0","2","0"
"9594","69725","9594","52","1","1","7","0","0","1","0","1","0"
"9595","69726","9595","52","1","4","4","7","1","0","1","2","0"
"9596","69731","9596","52","1","1","7","0","0","1","0","1","0"
"9597","69731","9597","14","3","1","7","6","0","1","1","1","0"
"9598","69746","9598","52","3","1","7","7","1","0","1","2","0"
"9599","70297","9599","75","5","3","2","6","0","1","1","1","0"
"9600","70302","9600","51","1","1","7","4","0","2","0","1","0"
"9601","70309","9601","52","2","1","7","6","1","0","1","2","0"
"9602","70313","9602","51","1","1","7","2","0","1","2","1","0"
"9603","70317","9603","64","1","1","7","5","1","1","0","2","0"
"9604","70347","9604","22","3","1","7","6","1","0","1","2","0"
"9605","70351","9605","71","1","1","7","6","0","1","1","1","0"
"9606","70351","9606","71","1","3","1","6","1","0","1","2","0"
"9607","70352","9607","71","1","1","7","6","0","1","0","1","0"
"9608","70356","9608","36","1","1","7","6","1","0","1","2","0"
"9609","70367","9609","52","1","1","7","0","2","0","0","2","0"
"9610","70367","9610","21","1","1","7","2","0","1","0","1","0"
"9611","70424","9611","72","1","1","7","6","1","0","1","2","0"
"9612","70455","9612","51","5","1","7","3","1","0","1","2","0"
"9613","70455","9613","52","1","1","7","0","1","0","0","2","0"
"9614","70455","9614","51","5","1","7","4","0","1","1","1","0"
"9615","70460","9615","64","1","1","7","6","1","1","0","2","0"
"9616","70473","9616","21","1","1","7","6","0","1","1","1","0"
"9617","70481","9617","72","1","1","7","9","0","1","1","3","0"
"9618","70484","9618","41","4","1","7","6","0","0","2","0","0"
"9619","71071","9619","72","1","1","7","6","0","1","1","1","0"
"9620","71080","9620","23","1","1","7","5","0","2","1","1","0"
"9621","71086","9621","71","1","1","7","6","0","1","1","1","0"
"9622","71086","9622","23","1","1","7","4","0","1","1","1","0"
"9623","71086","9623","25","3","1","7","6","1","0","0","2","0"
"9624","71086","9624","26","1","1","7","2","1","0","1","2","0"
"9625","71086","9625","67","1","1","7","4","0","1","1","1","0"
"9626","71088","9626","71","3","1","7","6","0","0","1","3","0"
"9627","71088","9627","52","1","1","7","6","0","3","0","1","0"
"9628","71088","9628","25","3","1","7","6","0","1","0","1","0"
"9629","71091","9629","51","3","4","3","6","0","5","2","1","0"
"9630","71095","9630","52","3","1","7","0","2","0","0","2","0"
"9631","71096","9631","64","1","1","7","2","0","1","1","1","0"
"9632","71097","9632","21","2","1","7","4","0","1","1","1","0"
"9633","71123","9633","18","1","1","7","6","0","1","1","1","0"
"9634","71124","9634","21","1","1","7","6","0","1","1","1","0"
"9635","71145","9635","51","3","3","2","0","0","1","0","1","0"
"9636","71145","9636","71","3","1","7","6","0","1","1","1","0"
"9637","71145","9637","52","3","1","7","7","0","1","1","1","0"
"9638","71145","9638","52","3","1","7","6","0","1","0","1","0"
"9639","71145","9639","72","1","1","7","6","0","1","2","1","0"
"9640","71145","9640","25","1","1","7","7","0","1","3","1","0"
"9641","71147","9641","52","3","1","7","6","0","1","0","1","0"
"9642","71150","9642","64","1","1","7","6","0","1","1","1","0"
"9643","71151","9643","26","3","1","7","2","0","1","1","1","0"
"9644","71151","9644","71","1","1","7","6","0","1","1","1","0"
"9645","71151","9645","71","3","1","1","6","0","1","1","1","0"
"9646","71151","9646","26","1","1","7","1","0","1","1","1","0"
"9647","71153","9647","52","1","1","4","0","0","1","0","1","0"
"9648","71153","9648","72","1","1","7","6","0","1","1","1","0"
"9649","71167","9649","67","1","1","7","6","0","1","1","1","0"
"9650","71218","9650","16","1","1","7","6","0","1","1","1","0"
"9651","71225","9651","51","1","1","4","9","0","1","0","1","0"
"9652","71225","9652","41","1","3","1","6","0","2","0","1","0"
"9653","71225","9653","52","1","2","1","6","0","1","0","1","0"
"9654","71240","9654","81","3","1","7","6","0","1","0","1","0"
"9655","71240","9655","52","3","6","1","0","0","1","0","1","0"
"9656","71241","9656","52","3","7","2","6","0","2","0","1","0"
"9657","71241","9657","81","3","1","7","0","2","0","1","2","0"
"9658","71241","9658","52","2","1","7","0","0","1","0","1","0"
"9659","71251","9659","25","1","1","7","6","0","1","0","1","0"
"9660","71251","9660","21","3","1","7","4","1","0","1","2","0"
"9661","71251","9661","72","1","1","7","6","0","1","1","1","0"
"9662","71252","9662","52","3","4","3","0","1","0","0","2","0"
"9663","71822","9663","64","1","1","1","6","0","1","1","1","0"
"9664","71823","9664","72","1","7","7","6","0","1","1","1","0"
"9665","71823","9665","63","3","1","1","4","0","1","1","1","0"
"9666","71825","9666","72","1","1","7","6","0","1","1","1","0"
"9667","71825","9667","51","1","1","7","6","1","0","1","2","0"
"9668","71825","9668","64","1","3","1","2","0","1","1","1","0"
"9669","71826","9669","71","1","3","2","6","1","0","1","2","0"
"9670","71828","9670","81","3","6","1","6","0","3","0","1","0"
"9671","71829","9671","25","3","1","7","0","0","1","0","1","0"
"9672","71829","9672","52","3","1","7","0","0","1","0","1","0"
"9673","71830","9673","52","1","1","7","6","0","2","0","1","0"
"9674","71830","1964","81","1","3","1","6","0","2","1","1","0"
"9675","71831","5931","21","2","1","7","6","0","2","0","1","0"
"9676","71833","9676","67","1","1","7","4","0","1","1","1","0"
"9677","71835","9677","71","1","1","7","6","1","0","1","2","0"
"9678","71835","9678","71","1","1","7","6","0","1","1","1","0"
"9679","71835","9679","51","1","1","7","6","0","1","1","1","0"
"9680","71835","9680","82","1","1","7","2","0","1","1","1","0"
"9681","71837","9681","72","1","1","7","6","0","1","1","1","0"
"9682","71839","9682","71","1","1","7","6","0","1","1","1","0"
"9683","71844","9683","25","1","1","7","6","0","1","1","1","0"
"9684","71844","9684","74","3","3","1","6","0","1","1","1","0"
"9685","71844","9685","22","1","1","7","5","0","1","1","1","0"
"9686","71847","9686","76","1","1","7","8","1","0","1","2","0"
"9687","71856","9687","25","2","1","2","6","0","1","1","1","0"
"9688","71856","9688","18","1","1","7","6","0","1","1","1","0"
"9689","71863","9689","72","1","1","7","3","0","1","0","1","0"
"9690","71863","9690","41","1","1","7","6","0","2","1","1","0"
"9691","71864","9691","73","3","1","7","6","0","1","1","1","0"
"9692","71866","9692","81","3","1","7","6","0","2","1","1","0"
"9693","71866","9693","63","1","1","7","5","1","0","1","2","0"
"9694","71866","9694","52","5","1","7","0","0","1","0","1","0"
"9695","71866","9695","52","2","1","7","0","0","1","0","1","0"
"9696","71866","9696","22","1","1","7","6","0","1","1","1","0"
"9697","71868","9697","52","1","1","7","6","0","1","1","1","0"
"9698","71869","9698","67","1","1","7","5","0","1","1","1","0"
"9699","71869","9699","63","1","1","7","3","0","1","1","1","0"
"9700","71869","9700","64","1","1","7","6","0","2","1","1","0"
"9701","71870","9701","51","1","1","7","4","1","0","1","2","0"
"9702","71874","9702","72","2","3","2","6","1","0","1","2","0"
"9703","71875","9703","71","1","1","7","6","0","1","1","1","0"
"9704","71875","9704","72","1","1","7","6","1","0","1","2","0"
"9705","71875","9705","72","5","1","7","6","0","1","1","1","0"
"9706","71877","9706","51","3","3","2","6","1","0","2","2","0"
"9707","71877","9707","51","2","1","7","4","0","1","1","1","0"
"9708","71878","9708","22","1","1","7","6","1","0","1","2","0"
"9709","71878","9709","72","1","1","7","6","1","0","1","2","0"
"9710","71884","9710","13","1","3","1","5","0","1","0","1","0"
"9711","71886","9711","72","1","1","7","6","0","1","1","1","0"
"9712","71886","9712","52","1","1","1","6","0","1","2","1","0"
"9713","71890","9713","51","1","1","7","4","0","1","2","1","0"
"9714","71890","9714","64","2","3","1","4","0","1","1","1","0"
"9715","71900","9715","72","1","1","7","6","0","1","1","1","0"
"9716","71900","9716","72","1","1","7","6","1","0","1","2","0"
"9717","71900","9717","72","1","1","7","6","0","1","1","1","0"
"9718","71900","9718","71","1","1","7","6","0","1","1","1","0"
"9719","71900","9719","71","1","3","1","6","0","1","1","1","0"
"9720","71911","9720","51","1","3","1","4","0","1","1","1","0"
"9721","71912","9721","64","2","1","1","6","0","1","1","1","0"
"9722","71930","1110","71","1","1","7","6","0","1","1","1","0"
"9723","71933","9723","52","5","1","7","0","0","1","0","1","0"
"9724","71933","9724","72","1","1","7","6","0","1","1","1","0"
"9725","71934","9725","52","3","1","1","6","0","3","0","1","0"
"9726","71941","9726","21","1","1","7","6","0","1","2","1","0"
"9727","71964","5219","72","1","1","7","6","0","1","1","1","0"
"9728","71966","9728","72","2","1","7","3","0","1","1","1","0"
"9729","71971","9729","24","1","1","7","1","0","1","1","1","0"
"9730","71974","9730","52","1","1","7","0","0","1","0","1","0"
"9731","71996","9731","25","1","1","7","6","1","1","0","2","0"
"9732","71996","9732","51","1","1","7","4","0","1","1","1","0"
"9733","71996","9733","52","1","1","1","0","0","1","4","1","0"
"9734","71996","9734","74","1","3","1","6","0","1","1","1","0"
"9735","71999","9735","72","1","1","7","6","0","1","1","1","0"
"9736","72004","9736","71","1","1","7","6","1","0","1","2","0"
"9737","72004","9737","52","3","4","3","6","0","1","1","1","0"
"9738","72005","9738","71","1","3","2","6","1","0","1","2","0"
"9739","72005","9739","75","1","1","7","6","1","0","1","2","0"
"9740","72006","9740","72","1","1","7","6","0","1","1","1","0"
"9741","72011","9741","81","3","6","1","6","0","1","1","1","0"
"9742","72012","9742","85","5","1","7","6","0","1","1","1","0"
"9743","72013","9743","24","1","1","7","2","0","1","1","1","0"
"9744","72013","9744","72","1","1","7","6","1","0","1","2","0"
"9745","72013","9745","72","3","1","7","6","0","0","1","3","0"
"9746","72015","9746","62","1","1","7","2","0","1","1","1","0"
"9747","72015","9747","72","1","1","7","5","1","1","0","2","0"
"9748","72017","9748","72","2","1","7","6","0","1","1","1","0"
"9749","72018","9749","52","1","1","1","0","0","1","0","1","0"
"9750","72019","9750","72","1","1","7","6","0","1","1","1","0"
"9751","72019","9751","71","1","1","7","6","1","0","1","2","0"
"9752","72020","9752","51","1","1","7","6","0","1","1","1","0"
"9753","72024","9753","81","1","1","7","4","0","1","1","1","0"
"9754","72027","9754","25","3","3","2","6","0","1","1","1","0"