"accident_id","lieu_id","date_id","cause_id","lum_id","intemp_id","etat_surface_id","impliq_id","nb_blesses_graves","nb_blesses_legers","nb_indemnes","gravite","nb_morts"
"9755","72028","9755","18","1","1","7","3","0","1","1","1","0"
"9756","72034","9756","72","1","1","7","6","0","1","1","1","0"
"9757","72034","9757","25","3","1","7","6","0","1","1","1","0"
"9758","72042","9758","72","1","1","1","6","0","1","1","1","0"
"9759","72043","9759","67","1","1","7","6","0","1","1","1","0"
"9760","72043","9760","72","3","1","7","3","0","1","1","1","0"
"9761","72044","9761","72","4","1","7","6","0","1","1","1","0"
"9762","72044","9762","71","1","1","7","8","1","0","1","2","0"
"9763","72045","9763","21","1","1","7","6","0","2","0","1","0"
"9764","72050","9764","27","1","1","7","0","1","1","0","2","0"
"9765","72050","9765","52","1","3","1","6","0","2","0","1","0"
"9766","72058","9766","72","1","1","7","5","1","0","1","2","0"
"9767","72058","9767","72","2","1","7","6","1","0","1","2","0"
"9768","72058","9768","72","1","1","7","6","0","1","1","1","0"
"9769","72064","9769","71","1","1","7","4","0","1","1","1","0"
"9770","72065","9770","72","1","1","7","6","0","1","1","1","0"
"9771","72066","9771","61","1","1","7","3","0","1","1","1","0"
"9772","72067","9772","28","2","6","7","2","1","1","0","2","0"
"9773","72067","9773","71","3","1","7","6","0","1","1","1","0"
"9774","72068","9774","28","1","1","7","0","0","1","0","1","0"
"9775","72068","9775","72","1","1","7","6","0","1","1","1","0"
"9776","72068","9776","51","1","1","7","3","0","1","1","1","0"
"9777","72068","9777","72","1","1","7","6","0","1","1","1","0"
"9778","72069","9778","25","3","2","2","6","0","1","1","1","0"
"9779","72069","9779","26","1","1","7","2","0","1","1","1","0"
"9780","72069","9780","71","1","1","7","6","0","1","1","1","0"
"9781","72072","9781","22","2","1","7","6","0","1","0","1","0"
"9782","72082","9782","28","4","1","7","0","0","2","0","1","0"
"9783","72083","9783","24","3","1","7","6","0","1","1","1","0"
"9784","72083","9784","72","1","1","7","6","0","1","1","1","0"
"9785","72083","9785","81","3","1","7","6","1","0","1","2","0"
"9786","72084","9786","25","1","1","7","6","0","1","1","1","0"
"9787","72084","9787","71","1","1","7","6","0","1","3","1","0"
"9788","72084","9788","64","1","1","7","6","0","2","0","1","0"
"9789","72084","9789","36","1","1","1","6","0","1","0","1","0"
"9790","72085","9790","63","1","3","1","4","0","1","1","1","0"
"9791","72086","9791","52","1","4","1","6","0","1","1","1","0"
"9792","72086","9792","25","3","1","7","0","1","0","0","2","0"
"9793","72086","9793","61","1","1","7","3","0","1","1","1","0"
"9794","72086","9794","51","3","1","7","6","0","1","1","1","0"
"9795","72086","9795","72","1","1","7","6","0","1","1","1","0"
"9796","72086","9796","67","1","1","7","5","0","1","1","1","0"
"9797","72087","9797","72","1","4","3","6","0","1","1","1","0"
"9798","72088","9798","64","1","1","7","6","0","1","1","1","0"
"9799","72088","9799","86","1","1","7","6","0","0","3","3","2"
"9800","72088","9800","72","1","1","7","4","0","2","0","1","0"
"9801","72089","9801","71","1","1","7","6","0","1","1","1","0"
"9802","72089","9802","71","1","1","7","4","0","1","1","1","0"
"9803","72089","9803","71","1","3","1","6","0","1","2","1","0"
"9804","72090","9804","72","1","3","1","6","0","1","1","1","0"
"9805","72090","9805","71","2","7","1","6","1","0","1","2","0"
"9806","72090","9806","21","3","1","1","6","0","5","0","1","0"
"9807","72090","9807","81","3","1","7","6","1","0","1","2","0"
"9808","72090","9808","72","1","1","7","6","0","1","1","1","0"
"9809","72091","9809","71","1","1","7","6","0","1","1","1","0"
"9810","72092","9810","81","1","1","7","6","0","1","1","1","0"
"9811","72092","9811","51","3","1","7","6","0","1","1","1","0"
"9812","72096","9812","52","2","3","2","0","0","1","0","1","0"
"9813","72098","9813","72","1","3","1","6","1","0","1","2","0"
"9814","72099","9814","51","1","3","1","6","0","1","1","1","0"
"9815","72099","9815","16","3","1","7","3","0","2","0","1","0"
"9816","72099","9816","51","3","3","1","6","0","1","1","1","0"
"9817","72102","8325","71","1","1","7","6","1","0","1","2","0"
"9818","72103","9818","51","2","3","2","6","0","1","1","1","0"
"9819","72103","9819","71","3","2","1","6","1","0","1","2","0"
"9820","72105","9820","72","1","3","2","6","0","1","1","1","0"
"9821","72105","9821","64","1","1","7","6","1","0","1","2","0"
"9822","72108","9822","51","1","1","7","7","0","1","1","1","0"
"9823","72108","9823","64","1","1","7","5","1","0","1","2","0"
"9824","72114","9824","72","1","1","7","6","0","1","1","1","0"
"9825","72118","7360","72","1","1","7","6","0","1","1","1","0"
"9826","72118","9826","41","1","1","7","1","1","0","1","2","0"
"9827","72119","9827","41","1","1","7","6","0","1","1","1","0"
"9828","72120","9828","61","1","1","7","4","0","1","1","1","0"
"9829","72120","9829","63","1","1","1","6","0","1","0","1","0"
"9830","72121","9830","71","1","1","7","4","1","0","1","2","0"
"9831","72122","9831","72","1","1","7","6","0","1","1","1","0"
"9832","72123","9832","52","3","4","4","0","0","1","1","1","0"
"9833","72123","9833","64","1","1","7","4","0","1","1","1","0"
"9834","72123","9834","61","1","3","2","3","0","1","1","1","0"
"9835","72123","9835","41","1","1","7","6","0","1","1","1","0"
"9836","72123","9836","72","1","1","7","6","0","1","1","1","0"
"9837","72130","9837","72","3","1","1","6","1","0","1","2","0"
"9838","72130","9838","21","1","1","7","6","0","1","1","1","0"
"9839","72131","9839","14","1","1","7","3","1","0","1","2","0"
"9840","72131","9840","72","1","1","7","6","1","0","1","2","0"
"9841","72140","9841","71","1","1","7","6","0","1","1","1","0"
"9842","72146","9842","52","3","1","7","2","1","0","1","2","0"
"9843","72148","9843","27","3","1","7","0","1","0","0","2","0"
"9844","72148","9844","52","1","1","7","6","0","1","1","1","0"
"9845","72148","9845","72","3","1","7","6","1","0","1","2","0"
"9846","72148","9846","21","1","1","7","6","0","1","1","1","0"
"9847","72148","9847","21","1","1","7","7","0","1","1","1","0"
"9848","72148","9848","72","1","1","7","6","0","1","1","1","0"
"9849","72151","9849","51","1","1","7","6","0","1","1","1","0"
"9850","72152","9850","71","1","1","7","6","0","1","1","1","0"
"9851","72152","9851","11","1","1","7","9","0","4","0","1","0"
"9852","72153","9852","72","1","2","2","4","1","0","1","2","0"
"9853","72153","9853","41","3","1","7","2","0","1","1","1","0"
"9854","72153","9854","25","1","1","7","7","0","1","1","1","0"
"9855","72153","9855","63","1","1","7","6","0","1","0","1","0"
"9856","72155","9856","72","1","1","7","6","0","1","1","1","0"
"9857","72156","9857","41","1","1","7","6","0","1","1","1","0"
"9858","72162","9858","64","1","1","2","4","0","1","2","1","0"
"9859","72163","9859","52","1","1","7","0","1","3","0","2","0"
"9860","72165","9860","74","1","1","7","6","0","1","1","1","0"
"9861","72169","9782","25","3","1","7","0","0","1","0","1","0"
"9862","72169","9862","64","1","1","7","6","1","0","1","2","0"
"9863","72171","9863","52","1","1","7","2","0","1","1","1","0"
"9864","72171","9864","74","1","1","7","4","0","1","1","1","0"
"9865","72173","9865","51","1","3","1","6","1","0","1","2","0"
"9866","72173","9866","72","1","1","7","6","0","1","1","1","0"
"9867","72173","9867","20","1","1","7","2","0","1","1","1","0"
"9868","72177","9868","72","1","1","7","4","0","2","0","1","0"
"9869","72177","9869","32","1","1","7","6","0","1","1","1","0"
"9870","72180","9870","51","1","1","7","6","1","0","1","2","0"
"9871","72180","9871","16","1","1","7","5","1","1","0","2","0"
"9872","72182","9872","72","1","1","7","9","0","1","1","1","0"
"9873","72185","9873","71","1","1","7","6","0","1","1","1","0"
"9874","72188","9874","52","1","1","7","0","1","1","0","2","0"
"9875","72188","9875","51","1","1","7","6","0","1","1","1","0"
"9876","72188","9876","53","3","1","7","0","0","1","0","1","0"
"9877","72188","9877","72","1","1","7","6","0","1","1","1","0"
"9878","72194","9878","52","1","1","7","2","0","1","1","1","0"
"9879","72200","9879","64","1","1","7","6","0","1","1","1","0"
"9880","72200","9880","61","3","1","1","3","0","1","1","1","0"
"9881","72200","9881","53","3","3","1","6","0","2","0","1","0"
"9882","72201","9882","72","1","1","7","6","0","1","1","1","0"
"9883","72201","9883","51","3","1","7","6","0","1","1","1","0"
"9884","72201","9884","23","2","1","7","6","0","2","0","1","0"
"9885","72201","9885","17","2","1","7","4","0","1","1","1","0"
"9886","72202","9886","74","1","1","7","4","0","1","1","1","0"
"9887","72202","9887","52","2","1","7","0","0","1","0","3","0"
"9888","72202","9888","81","3","1","7","0","0","1","0","1","0"
"9889","72210","9889","71","2","1","7","6","1","0","1","2","0"
"9890","72213","9890","81","3","1","7","6","0","3","0","1","0"
"9891","72214","9891","51","3","1","7","2","1","0","1","2","0"
"9892","72221","9892","72","1","3","2","4","0","0","1","3","0"
"9893","72221","9893","72","1","1","7","6","0","2","0","1","0"
"9894","72226","9894","72","1","1","7","6","0","1","1","1","0"
"9895","72228","9895","72","1","1","7","6","0","1","1","1","0"
"9896","72228","9896","72","1","1","7","6","0","1","1","1","0"
"9897","72230","9897","72","2","1","1","6","0","1","1","1","0"
"9898","72231","9898","64","1","1","7","6","0","1","1","1","0"
"9899","72245","9899","72","1","1","1","6","0","1","1","1","0"
"9900","72245","9900","52","1","1","5","6","1","0","1","2","0"
"9901","72248","9901","22","3","1","7","4","0","1","1","1","0"
"9902","72248","9902","71","1","1","7","4","0","1","1","1","0"
"9903","72251","9903","72","1","1","7","6","0","1","1","1","0"
"9904","72256","9904","21","3","1","7","6","0","1","1","1","0"
"9905","72258","9905","72","3","1","7","4","0","1","1","1","0"
"9906","72258","9906","52","1","1","4","6","0","1","1","1","0"
"9907","72258","9907","52","3","1","7","3","0","1","1","1","0"
"9908","72259","9908","52","1","3","2","0","0","1","0","1","0"
"9909","72259","9909","52","1","2","1","6","0","1","1","1","0"
"9910","72264","9910","21","1","1","7","6","0","2","0","1","0"
"9911","72265","9911","63","3","3","1","5","1","0","1","2","0"
"9912","72266","9912","72","1","1","7","6","0","1","1","1","0"
"9913","72266","9913","52","2","1","7","6","0","2","0","1","0"
"9914","72270","9914","72","1","1","7","6","1","0","1","2","0"
"9915","72273","9915","72","1","1","7","6","0","1","1","1","0"
"9916","72274","9916","51","3","1","7","4","0","1","1","1","0"
"9917","72274","9917","53","1","1","2","6","0","1","1","1","0"
"9918","72274","9918","71","1","1","1","6","0","1","1","1","0"
"9919","72277","9916","52","1","1","7","0","0","1","0","1","0"
"9920","72277","9920","85","3","3","2","6","0","1","1","1","0"
"9921","72335","9921","28","3","3","1","0","0","1","0","1","0"
"9922","72339","9922","63","1","1","7","4","0","1","1","1","0"
"9923","72339","9923","21","1","1","7","6","0","1","1","1","0"
"9924","72339","9924","26","1","1","7","2","0","1","1","1","0"
"9925","72340","9925","22","1","1","7","6","0","1","1","1","0"
"9926","72341","9926","23","1","1","7","6","0","1","1","1","0"
"9927","72341","9927","52","3","3","1","6","0","1","1","1","0"
"9928","72342","9928","72","2","1","1","6","1","0","1","2","0"
"9929","72342","9929","21","3","1","7","4","0","1","1","1","0"
"9930","72342","9930","72","1","1","7","6","0","1","1","1","0"
"9931","72342","9931","72","1","1","7","6","0","1","1","1","0"
"9932","72342","9932","72","1","2","2","6","0","1","1","1","0"
"9933","72342","9933","71","1","1","7","6","0","1","1","1","0"
"9934","72342","9934","72","1","1","7","6","1","0","1","2","0"
"9935","72342","9935","64","1","1","7","4","0","1","1","1","0"
"9936","72342","9936","26","1","1","7","2","1","0","1","2","0"
"9937","72342","9937","71","1","1","7","5","0","1","0","3","0"
"9938","72343","9938","85","3","3","2","6","0","1","1","1","0"
"9939","72343","9939","71","1","1","7","6","1","0","0","2","0"
"9940","72344","9940","81","3","1","7","6","0","1","1","1","0"
"9941","72344","9941","72","1","1","7","6","0","1","1","1","0"
"9942","72345","9942","61","1","1","7","3","0","1","1","1","0"
"9943","72346","9943","25","1","1","7","7","0","1","1","1","0"
"9944","72346","9944","51","3","1","1","6","0","1","1","1","0"
"9945","72347","9945","26","3","1","7","2","0","1","1","1","0"
"9946","72347","9946","25","1","1","7","6","0","1","1","1","0"
"9947","72349","9947","64","1","1","7","4","0","1","1","1","0"
"9948","72349","9948","52","1","3","1","6","0","2","0","1","0"
"9949","72350","9949","71","1","1","7","6","0","1","1","1","0"
"9950","72350","9950","51","1","1","7","3","0","1","1","1","0"
"9951","72350","9951","71","1","1","7","3","0","1","1","1","0"
"9952","72350","9952","26","1","3","2","1","0","1","1","1","0"
"9953","72350","9953","72","1","1","7","6","0","1","1","1","0"
"9954","72350","9954","26","1","1","7","2","0","1","1","1","0"
"9955","72350","9955","71","1","1","7","6","0","1","1","1","0"
"9956","72350","9956","71","1","1","7","6","0","1","1","1","0"
"9957","72350","9957","71","1","1","1","4","1","1","0","2","0"
"9958","72350","9958","51","1","1","1","6","0","1","1","1","0"
"9959","72358","9959","71","1","1","7","6","0","1","1","1","0"
"9960","72366","9960","61","1","1","7","3","1","0","1","2","0"
"9961","72370","9961","71","1","1","7","6","0","1","1","1","0"
"9962","72372","9962","61","1","6","1","4","0","1","1","1","0"
"9963","72372","9963","71","1","1","7","6","0","1","1","1","0"
"9964","72372","9964","51","3","1","1","6","1","0","1","2","0"
"9965","72372","9965","81","3","1","1","6","1","0","1","2","0"
"9966","72372","9966","18","2","1","7","6","0","1","1","1","0"
"9967","72373","9967","72","1","1","7","6","1","0","1","2","0"
"9968","72374","9968","52","1","3","1","0","0","1","0","1","0"
"9969","72374","9969","51","1","1","7","3","0","1","1","1","0"
"9970","72374","9970","26","2","1","7","1","1","0","1","2","0"
"9971","72374","9971","71","1","1","7","6","0","1","1","1","0"
"9972","72374","9972","51","1","1","1","6","0","2","0","1","0"
"9973","72374","9973","35","3","1","7","6","0","3","1","1","0"
"9974","72375","9974","99","1","1","7","6","0","4","1","1","0"
"9975","72376","9975","51","1","1","7","6","0","1","1","1","0"
"9976","72378","9976","51","1","1","7","6","0","2","0","1","0"
"9977","72378","9977","51","3","1","7","3","0","1","1","1","0"
"9978","72378","9978","51","3","1","7","6","2","0","1","2","0"
"9979","72378","9979","64","1","1","7","2","0","1","1","1","0"
"9980","72378","9980","72","1","1","7","6","0","1","1","1","0"
"9981","72378","9981","72","1","1","7","6","1","0","1","2","0"
"9982","72379","9982","72","2","1","7","6","1","0","1","2","0"
"9983","72379","9784","61","1","1","7","3","0","1","2","1","0"
"9984","72379","9984","18","1","1","7","6","0","1","1","1","0"
"9985","72382","9985","72","1","1","7","6","0","1","1","1","0"
"9986","72403","9986","51","2","1","7","7","0","1","1","1","0"
"9987","72406","9987","64","1","1","7","6","0","1","1","1","0"
"9988","72410","9988","24","1","1","7","2","1","0","1","2","0"
"9989","72414","9989","73","1","1","7","8","1","1","1","2","0"
"9990","72414","9990","77","1","3","1","8","0","1","1","1","0"
"9991","72420","9991","72","1","1","7","6","1","0","1","2","0"
"9992","72420","9992","72","1","3","2","6","0","1","1","1","0"
"9993","72423","9993","72","1","1","7","8","0","1","2","1","0"
"9994","72423","9994","71","1","1","7","6","0","1","1","1","0"
"9995","72425","9995","52","1","1","7","0","0","1","0","1","0"
"9996","72427","9996","72","1","1","7","6","0","1","1","1","0"
"9997","72427","8438","72","1","1","7","6","0","1","1","1","0"
"9998","72429","9998","21","1","1","7","6","0","1","1","1","0"
"9999","72432","9999","27","1","1","7","0","0","1","0","1","0"
"10000","72432","10000","71","3","1","7","6","0","1","1","1","0"
"10001","72432","10001","20","3","1","4","2","0","1","1","1","0"
"10002","72439","10002","72","1","1","7","6","1","0","1","2","0"
"10003","72439","10003","71","3","1","7","6","0","0","2","3","0"
"10004","72439","10004","81","1","1","7","1","1","0","1","2","0"
"10005","72440","10005","81","3","3","1","6","0","1","1","1","0"
"10006","72440","10006","72","1","1","7","6","0","1","1","1","0"
"10007","72440","10007","72","3","1","7","6","1","0","1","2","0"
"10008","72440","10008","20","1","1","7","6","0","1","1","1","0"
"10009","72442","10009","72","1","1","7","6","1","0","1","2","0"
"10010","72456","10010","26","1","1","7","3","0","1","1","1","0"
"10011","72457","10011","52","1","1","7","0","1","0","0","2","0"
"10012","72457","10012","52","2","1","1","0","0","1","0","3","0"
"10013","72459","10013","52","3","1","7","0","0","1","0","1","0"
"10014","72460","10014","72","1","1","7","6","0","1","1","1","0"
"10015","72460","10015","72","1","1","7","6","0","1","1","1","0"
"10016","72460","10016","51","1","1","7","6","0","1","2","1","0"
"10017","72460","10017","81","1","1","7","6","0","2","0","1","0"
"10018","72460","10018","20","1","1","7","6","0","2","1","1","0"
"10019","72460","10019","67","3","1","1","5","0","1","1","1","0"
"10020","72462","10020","71","1","2","1","6","0","1","1","1","0"
"10021","72463","10021","26","1","1","7","4","0","1","0","1","0"
"10022","72463","10022","52","3","1","4","0","0","0","0","3","0"
"10023","72465","10023","52","3","3","2","0","0","1","0","1","0"
"10024","72466","10024","52","1","1","1","0","1","1","0","2","0"
"10025","72466","10025","52","2","1","4","3","0","1","2","1","0"
"10026","72467","10026","23","1","1","7","6","0","1","1","1","0"
"10027","72468","10027","52","1","3","2","0","0","1","0","1","0"
"10028","72472","10028","72","1","1","7","4","0","1","3","1","0"
"10029","72473","10029","72","1","1","7","6","1","0","1","2","0"
"10030","72473","10030","72","1","1","7","6","0","1","1","1","0"
"10031","72477","10031","17","1","1","7","1","0","1","1","1","0"
"10032","72477","10032","72","1","1","7","6","0","1","1","1","0"
"10033","72478","10033","24","1","1","7","2","0","1","1","1","0"
"10034","72486","10034","72","1","1","7","6","0","1","1","1","0"
"10035","72499","10035","52","1","1","7","6","0","1","1","1","0"
"10036","72503","10036","71","1","1","7","6","1","0","1","2","0"
"10037","72503","10037","71","1","1","7","6","0","1","1","1","0"
"10038","72503","10038","64","5","1","7","6","0","1","1","1","0"
"10039","72504","10039","72","1","1","7","6","0","1","1","1","0"
"10040","72504","10040","73","1","1","2","6","0","0","1","3","0"
"10041","72504","10041","71","1","1","7","6","0","1","1","1","0"
"10042","72505","10042","32","3","1","7","6","0","1","1","1","0"
"10043","72506","10043","64","1","1","7","2","0","1","1","1","0"
"10044","72506","10044","72","1","1","7","9","0","1","0","1","0"
"10045","72506","10045","51","1","1","7","6","0","1","1","1","0"
"10046","72508","10046","51","1","1","7","6","0","1","2","1","0"
"10047","72508","10047","51","1","1","7","6","0","2","0","1","0"
"10048","72508","10048","23","1","1","7","4","0","1","1","1","0"
"10049","72512","10049","51","1","1","7","3","0","1","1","1","0"
"10050","72519","10050","21","1","1","7","6","0","1","2","1","0"
"10051","72521","10051","72","3","4","2","6","0","1","1","1","0"
"10052","72526","10052","52","1","1","7","6","0","1","1","1","0"
"10053","72529","10053","51","1","1","7","6","0","1","3","1","0"
"10054","72529","10054","72","1","3","1","7","0","1","1","1","0"
"10055","72529","10055","81","3","1","7","0","0","2","0","3","0"
"10056","72530","10056","52","3","3","2","0","0","1","0","1","0"
"10057","72530","10057","72","3","1","7","6","1","0","1","2","0"
"10058","72530","10058","52","3","1","4","0","0","1","0","1","0"
"10059","72530","10059","52","2","1","7","6","0","1","1","3","0"
"10060","72530","10060","52","3","1","7","6","1","0","1","2","0"
"10061","72531","10061","64","1","3","5","6","0","1","1","1","0"
"10062","72531","10062","25","1","1","7","6","0","1","1","1","0"
"10063","72531","10063","20","1","1","7","2","0","1","2","1","0"
"10064","72532","10064","51","3","1","7","3","0","1","1","1","0"
"10065","72532","10065","51","1","1","7","6","0","1","1","1","0"
"10066","72535","10066","72","1","3","2","6","0","1","1","1","0"
"10067","72535","10067","18","1","1","7","6","0","1","1","1","0"
"10068","72536","10068","25","1","1","7","7","0","1","1","1","0"
"10069","72536","10069","51","1","2","2","3","0","2","1","1","0"
"10070","72538","10070","32","1","1","7","3","0","1","3","1","0"
"10071","72539","10071","51","1","1","7","3","0","1","1","1","0"
"10072","72539","10072","51","1","1","1","3","0","2","0","1","0"
"10073","72539","10073","81","3","1","7","0","1","0","0","2","0"
"10074","72539","10074","52","3","1","7","0","2","0","0","2","0"
"10075","72541","10075","71","1","1","7","6","0","1","1","1","0"
"10076","72541","10076","67","1","1","7","6","0","1","1","1","0"
"10077","72541","10077","21","1","1","7","6","0","1","1","1","0"
"10078","72541","10078","72","1","1","7","6","0","1","1","1","0"
"10079","72541","10079","21","1","1","7","6","1","0","1","2","0"
"10080","72545","10080","51","3","1","2","6","0","1","1","1","0"
"10081","72545","10081","22","3","1","7","4","1","0","1","2","0"
"10082","72545","10082","52","1","1","7","6","0","1","1","1","0"
"10083","72545","2450","51","3","1","1","4","0","1","1","1","0"
"10084","72546","10084","20","1","1","4","2","0","1","1","1","0"
"10085","72546","10085","64","2","3","2","2","0","1","1","1","0"
"10086","72548","10086","25","3","3","1","0","0","1","0","1","0"
"10087","72548","10087","25","3","3","1","6","0","1","1","1","0"
"10088","72548","10088","72","1","1","7","6","0","1","1","1","0"
"10089","72548","10089","32","1","1","7","7","1","0","1","2","0"
"10090","72548","10090","52","1","1","1","6","0","1","1","1","0"
"10091","72548","7911","52","1","3","1","6","0","2","0","1","0"
"10092","72549","10092","52","1","1","7","2","0","1","1","1","0"
"10093","72552","10093","52","3","1","7","6","0","1","1","1","0"
"10094","72554","10094","72","1","1","7","6","0","1","1","1","0"
"10095","72554","10095","52","1","1","7","6","0","1","2","1","0"
"10096","72554","10096","71","1","3","1","6","0","2","1","1","0"
"10097","72554","10097","71","1","1","7","6","1","0","1","2","0"
"10098","72555","10098","51","3","1","7","6","0","1","1","1","0"
"10099","72556","10099","71","1","1","7","6","1","0","1","2","0"
"10100","72556","10100","72","3","1","7","6","0","1","1","1","0"
"10101","72568","10101","72","1","1","7","6","1","0","1","2","0"
"10102","72568","10102","72","1","1","7","6","1","0","1","2","0"
"10103","72568","10103","72","2","3","1","6","1","0","1","2","0"
"10104","72571","10104","52","1","1","1","0","0","2","0","1","0"
"10105","72571","10105","67","3","3","1","6","0","1","1","1","0"
"10106","72571","10106","52","3","6","1","0","0","1","0","1","0"
"10107","72574","10107","21","1","1","7","4","0","1","1","1","0"
"10108","72574","10108","21","1","1","7","6","0","1","1","1","0"
"10109","72575","10109","52","1","1","1","6","0","1","1","1","0"
"10110","72576","10110","71","3","3","2","6","0","1","1","1","0"
"10111","72576","10111","26","1","1","7","1","0","1","1","1","0"
"10112","72577","10112","71","1","1","7","6","0","1","1","1","0"
"10113","72579","10113","52","1","1","7","6","0","1","3","1","0"
"10114","72588","10114","72","1","1","7","6","0","1","1","1","0"
"10115","72588","10115","22","3","1","7","6","0","2","2","1","0"
"10116","72589","10116","71","3","1","7","6","0","1","1","1","0"
"10117","72594","10117","53","1","1","7","3","0","1","1","1","0"
"10118","72594","10118","25","4","1","7","6","0","1","1","1","0"
"10119","72594","10119","81","3","1","7","6","0","2","0","1","0"
"10120","72594","10120","52","3","1","7","6","0","3","1","1","0"
"10121","72594","10121","81","1","1","7","7","0","0","1","3","0"
"10122","72594","10122","36","1","1","7","6","0","1","1","1","0"
"10123","72594","10123","72","1","1","7","6","1","0","1","2","0"
"10124","72595","10124","67","1","1","7","6","0","1","1","1","0"
"10125","72604","10125","72","1","1","7","6","0","1","1","1","0"
"10126","72613","10126","81","1","1","7","6","0","2","1","1","0"
"10127","72614","10127","61","1","1","7","4","0","1","1","1","0"
"10128","72618","10128","64","1","3","1","6","0","1","1","1","0"
"10129","72618","10129","52","1","3","1","0","0","1","0","1","0"
"10130","72619","10130","81","3","1","1","6","1","3","1","2","0"
"10131","72619","10131","11","1","1","7","6","0","1","1","1","0"
"10132","72620","10132","51","1","1","7","4","0","2","1","1","0"
"10133","72621","10133","23","1","1","7","6","1","0","2","2","0"
"10134","72621","10134","51","1","3","1","6","0","1","1","1","0"
"10135","72623","10135","26","2","1","7","2","0","1","1","1","0"
"10136","72623","10136","61","2","1","7","3","0","1","1","1","0"
"10137","72623","10137","51","1","1","1","6","0","1","2","1","0"
"10138","72626","10138","51","1","4","4","4","1","1","1","2","0"
"10139","72626","10139","51","1","3","1","6","0","1","1","1","0"
"10140","72627","10140","51","1","1","7","6","0","1","1","1","0"
"10141","72627","10141","67","1","1","7","3","1","0","1","2","0"
"10142","72628","10142","26","1","1","7","2","0","1","1","1","0"
"10143","72628","10143","26","1","1","1","2","0","1","1","1","0"
"10144","72628","10144","26","1","1","2","2","1","0","1","2","0"
"10145","72628","7552","26","3","3","2","2","1","0","1","2","0"
"10146","72628","10146","26","2","3","1","2","0","1","1","1","0"
"10147","72628","10147","26","1","1","7","2","0","1","1","1","0"
"10148","72629","10148","26","1","1","1","2","1","0","1","2","0"
"10149","72630","10149","26","1","1","7","2","1","0","1","2","0"
"10150","72631","10150","51","1","3","2","6","0","1","1","1","0"
"10151","72631","10151","21","1","4","4","6","0","2","0","1","0"
"10152","72631","10152","26","3","1","7","2","0","1","1","1","0"
"10153","72631","10153","22","1","1","7","4","0","1","1","1","0"
"10154","72631","10154","81","3","1","7","6","1","4","0","2","0"
"10155","72631","10155","26","1","1","7","2","0","1","1","1","0"
"10156","72631","10156","35","1","1","7","3","0","1","1","1","0"
"10157","72631","10157","71","1","1","1","6","0","1","1","1","0"
"10158","72631","10158","72","2","1","7","6","0","1","1","1","0"
"10159","72631","10159","23","3","1","1","6","0","7","0","1","0"
"10160","72631","10160","51","1","3","1","7","0","0","1","3","0"
"10161","72631","10161","23","1","1","7","5","0","1","1","1","0"
"10162","72631","10162","26","1","1","7","2","0","1","1","1","0"
"10163","72631","10163","64","1","1","7","6","0","1","1","1","0"
"10164","72631","10164","23","3","1","5","6","0","1","1","1","0"
"10165","72631","10165","18","2","6","5","5","0","1","1","1","0"
"10166","72631","10166","20","1","1","7","2","0","1","1","1","0"
"10167","72631","10167","17","1","1","1","2","1","1","0","2","0"
"10168","72632","10168","52","3","1","4","0","2","1","0","2","0"
"10169","72633","10169","51","3","3","1","6","1","0","1","2","0"
"10170","72633","10170","26","1","3","2","2","0","1","1","1","0"
"10171","72633","10171","52","3","1","4","0","0","1","0","1","0"
"10172","72636","10172","64","1","1","7","4","0","1","1","1","0"
"10173","72636","10173","63","1","1","7","4","1","0","1","2","0"
"10174","72636","10174","64","1","1","7","4","0","1","1","1","0"
"10175","72636","10175","64","1","1","7","4","0","1","1","1","0"
"10176","72636","10176","71","1","1","7","6","0","1","1","1","0"
"10177","72636","10177","64","1","1","7","6","0","1","1","1","0"
"10178","72636","10178","51","2","1","7","6","1","0","2","2","0"
"10179","72636","10179","71","1","1","7","6","0","1","1","1","0"
"10180","72636","10180","71","1","1","7","6","0","0","1","3","0"
"10181","72637","10181","23","3","3","1","6","0","1","2","1","0"
"10182","72638","10182","72","1","1","7","6","1","0","1","2","0"
"10183","72638","10183","61","1","1","7","4","0","2","2","1","0"
"10184","72640","10184","67","1","1","7","6","0","1","1","1","0"
"10185","72640","10185","61","2","1","7","3","0","1","1","1","0"
"10186","72640","10186","72","1","1","7","6","1","0","1","2","0"
"10187","72640","10187","72","3","1","1","6","0","1","1","1","0"
"10188","72640","10188","71","1","1","7","6","0","1","1","1","0"
"10189","72640","10189","71","1","1","7","6","0","1","1","1","0"
"10190","72641","10190","72","1","1","2","6","0","1","1","1","0"
"10191","72641","10191","71","1","1","7","6","0","1","1","1","0"
"10192","72641","10192","21","1","1","7","6","0","1","1","1","0"
"10193","72642","10193","52","1","1","7","6","0","1","1","1","0"
"10194","72644","10194","64","1","1","1","4","0","1","1","1","0"
"10195","72644","10195","17","3","2","1","1","0","1","1","1","0"
"10196","72645","10196","61","1","1","7","3","0","1","1","1","0"
"10197","72645","10197","65","3","1","7","4","0","1","1","1","0"
"10198","72645","10198","71","3","1","7","6","1","0","1","2","0"
"10199","72645","10199","71","1","1","7","6","1","0","1","2","0"
"10200","72645","10200","71","3","1","7","6","1","0","1","2","0"
"10201","72646","10201","72","1","1","1","6","0","1","1","1","0"
"10202","72646","10202","25","1","1","7","6","0","1","1","1","0"
"10203","72648","10203","64","1","1","7","6","0","2","2","1","0"
"10204","72648","10204","61","1","1","7","3","0","1","1","1","0"
"10205","72648","10205","21","1","1","7","8","0","1","1","1","0"