"accident_id","lieu_id","date_id","cause_id","lum_id","intemp_id","etat_surface_id","impliq_id","nb_blesses_graves","nb_blesses_legers","nb_indemnes","gravite","nb_morts"
"10206","72649","10206","51","3","1","1","6","1","0","0","2","0"
"10207","72650","10207","21","1","3","1","6","0","1","1","1","0"
"10208","72651","10208","71","1","1","7","6","0","1","1","1","0"
"10209","72652","10209","23","1","1","7","6","0","1","1","1","0"
"10210","72652","10210","35","1","1","7","3","0","1","1","1","0"
"10211","72652","10211","71","1","2","1","5","1","0","1","2","0"
"10212","72652","10212","23","3","3","1","4","0","1","1","1","0"
"10213","72653","10213","51","1","1","7","6","0","2","0","1","0"
"10214","72654","10214","71","3","1","1","6","0","1","1","1","0"
"10215","72655","10215","67","3","1","7","4","1","0","2","2","0"
"10216","72655","10216","72","1","1","7","6","1","0","1","2","0"
"10217","72657","10217","64","1","1","7","3","0","1","1","1","0"
"10218","72658","10218","73","1","1","7","6","0","1","1","1","0"
"10219","72658","10219","64","3","3","1","4","1","1","0","2","0"
"10220","72659","10220","72","1","3","2","6","0","1","1","1","0"
"10221","72661","10221","21","1","1","7","6","1","0","1","2","0"
"10222","72667","10222","24","1","1","7","4","0","1","1","1","0"
"10223","72667","10223","72","3","1","7","6","1","0","1","2","0"
"10224","72669","10224","72","1","1","7","6","0","1","1","1","0"
"10225","72676","10225","64","3","1","7","6","0","1","2","1","0"
"10226","72676","10226","22","1","1","7","3","1","0","1","2","0"
"10227","72676","10227","36","1","3","1","6","0","1","4","1","0"
"10228","72678","10228","72","1","1","7","6","0","1","1","1","0"
"10229","72681","10229","25","1","1","7","0","0","2","0","1","0"
"10230","72681","10230","71","1","1","7","6","1","0","1","2","0"
"10231","72687","10231","12","1","1","7","2","0","1","1","1","0"
"10232","72687","10232","20","1","1","2","2","0","1","1","1","0"
"10233","72687","10233","26","1","1","7","2","0","1","1","1","0"
"10234","72687","10234","21","1","1","1","6","0","1","1","1","0"
"10235","72687","10235","71","1","1","7","6","0","1","1","1","0"
"10236","72691","10236","72","1","1","7","6","0","1","1","1","0"
"10237","72691","10099","72","1","1","7","6","1","0","1","2","0"
"10238","72695","10238","25","3","1","7","6","0","2","0","1","0"
"10239","72695","10239","51","1","1","7","6","2","0","0","2","0"
"10240","72695","10240","23","2","1","7","6","0","2","1","1","0"
"10241","72702","10241","72","1","1","7","6","1","0","1","2","0"
"10242","72704","10242","72","1","1","7","6","0","1","1","1","0"
"10243","72704","10243","72","1","1","7","6","0","1","1","1","0"
"10244","72707","10244","72","3","1","1","6","0","1","1","1","0"
"10245","72707","10245","71","3","1","7","6","0","1","1","1","0"
"10246","72707","10246","52","1","1","7","2","3","0","1","3","2"
"10247","72707","10247","52","3","6","1","0","0","1","0","1","0"
"10248","72707","10248","72","1","1","1","6","0","0","1","3","0"
"10249","72707","10249","71","3","3","1","6","0","1","1","1","0"
"10250","72709","10250","81","3","1","7","7","0","1","1","1","0"
"10251","72709","10251","71","1","3","2","6","0","0","1","3","0"
"10252","72709","10252","16","1","1","7","6","0","2","1","1","0"
"10253","72709","10253","22","1","1","7","4","0","1","1","1","0"
"10254","72709","10254","72","1","1","7","6","0","0","1","3","0"
"10255","72710","10255","64","1","1","1","6","0","1","2","1","0"
"10256","72712","10256","51","1","1","7","6","0","1","1","1","0"
"10257","72713","10257","52","1","1","7","0","0","2","0","1","0"
"10258","72714","10258","71","1","1","7","6","0","1","1","1","0"
"10259","72715","5656","51","1","1","7","4","0","1","1","1","0"
"10260","72715","10260","26","1","1","7","1","0","3","0","1","0"
"10261","72715","10261","26","1","1","7","2","0","1","1","1","0"
"10262","72717","10262","82","1","1","7","6","0","2","0","1","0"
"10263","72723","10263","26","1","1","7","2","0","1","1","1","0"
"10264","72725","10264","72","1","1","1","6","0","1","1","1","0"
"10265","72725","10265","21","1","1","7","6","0","1","0","1","0"
"10266","72727","10266","25","3","3","1","6","0","1","1","1","0"
"10267","72727","10267","71","2","1","7","6","0","1","1","1","0"
"10268","72728","10268","64","1","1","7","6","0","1","1","1","0"
"10269","72728","10269","63","3","3","2","5","0","1","1","1","0"
"10270","72728","10270","22","1","1","7","6","0","1","1","1","0"
"10271","72728","10271","72","3","1","7","6","0","1","1","1","0"
"10272","72728","10272","72","1","1","1","6","0","1","1","1","0"
"10273","72728","10273","72","1","1","7","6","1","1","1","2","0"
"10274","72729","10274","26","1","1","7","2","0","1","1","1","0"
"10275","72729","10275","72","2","1","7","6","0","1","1","1","0"
"10276","72729","10276","72","1","1","7","5","0","1","1","1","0"
"10277","72730","10277","72","1","1","7","6","0","1","1","1","0"
"10278","72731","10278","72","1","1","7","6","0","1","1","1","0"
"10279","72734","10279","74","3","1","7","6","1","0","1","2","0"
"10280","72734","10280","23","1","1","7","5","0","1","2","1","0"
"10281","72734","10281","63","1","1","7","4","0","1","1","1","0"
"10282","72735","10282","23","1","1","7","5","0","1","3","1","0"
"10283","72748","10283","72","1","1","7","6","1","0","1","2","0"
"10284","72748","10284","74","1","1","7","6","1","0","1","2","0"
"10285","72748","10285","72","1","1","7","5","0","1","1","3","0"
"10286","72749","10286","51","1","1","1","6","0","1","2","1","0"
"10287","72751","10287","72","1","1","7","6","0","1","1","1","0"
"10288","72755","10288","71","1","1","7","6","0","1","1","1","0"
"10289","72756","10289","63","3","1","7","4","0","1","2","1","0"
"10290","72756","10290","23","1","1","7","5","1","0","1","2","0"
"10291","72756","10291","23","1","1","7","4","0","1","1","1","0"
"10292","72763","10292","63","1","1","7","4","0","1","1","1","0"
"10293","72769","10293","72","1","1","7","4","0","1","1","1","0"
"10294","72769","10294","22","1","1","7","3","1","0","1","2","0"
"10295","72771","10295","81","3","1","7","0","0","2","0","1","0"
"10296","72780","10296","72","1","1","5","6","0","1","1","1","0"
"10297","72783","10297","41","1","1","7","2","0","1","1","1","0"
"10298","72784","10298","81","3","1","7","0","0","1","0","1","0"
"10299","72784","10299","72","1","3","2","6","0","1","1","1","0"
"10300","72784","10300","64","1","1","7","4","0","1","1","1","0"
"10301","72790","10301","72","1","1","7","6","0","1","1","1","0"
"10302","72790","10302","72","1","1","7","6","0","1","1","1","0"
"10303","72791","10303","71","1","1","7","6","0","1","1","1","0"
"10304","72806","10304","25","3","3","1","7","1","0","1","2","0"
"10305","72809","10305","71","1","1","7","6","1","0","1","2","0"
"10306","72809","10306","71","1","1","7","6","0","1","1","1","0"
"10307","72809","10307","61","1","1","7","3","0","1","1","1","0"
"10308","72819","10308","71","1","1","7","6","0","1","1","1","0"
"10309","72819","10309","61","1","1","1","4","0","1","1","1","0"
"10310","72819","10310","72","1","1","7","6","0","1","1","1","0"
"10311","72821","10311","26","1","3","2","2","1","0","1","2","0"
"10312","72822","10312","51","1","1","7","3","0","1","1","1","0"
"10313","72822","10313","72","3","1","1","6","0","1","1","1","0"
"10314","72822","10314","21","3","1","1","6","0","1","1","1","0"
"10315","72822","10315","71","3","1","7","6","0","1","1","1","0"
"10316","72823","10316","72","3","1","7","6","0","1","1","1","0"
"10317","72823","10317","71","1","1","7","6","0","1","1","1","0"
"10318","72825","10318","67","1","1","1","4","0","1","1","1","0"
"10319","72832","10319","72","1","1","7","4","0","1","1","1","0"
"10320","72841","10320","23","1","1","7","6","1","0","1","2","0"
"10321","72851","10321","71","1","1","7","6","0","1","1","1","0"
"10322","72853","10322","14","1","1","7","4","0","1","1","1","0"
"10323","72861","10323","72","1","1","7","6","0","1","1","1","0"
"10324","72863","10324","52","3","1","7","0","0","1","0","1","0"
"10325","72863","10325","52","1","1","7","6","0","1","1","1","0"
"10326","72863","10326","81","3","1","7","0","1","0","0","2","0"
"10327","72863","10327","52","3","3","1","0","0","1","1","1","0"
"10328","72876","10328","71","1","1","7","6","0","1","1","1","0"
"10329","72878","10329","72","1","1","7","6","0","1","1","1","0"
"10330","72879","10330","72","1","1","7","6","1","0","1","2","0"
"10331","72884","10331","72","1","1","7","6","0","1","1","1","0"
"10332","72891","10332","28","1","1","7","0","0","1","0","1","0"
"10333","72897","10333","72","1","1","7","6","0","1","1","1","0"
"10334","72897","10334","52","1","1","7","6","0","1","1","1","0"
"10335","72905","10335","61","1","1","7","2","0","1","1","1","0"
"10336","72911","10336","72","1","1","7","4","0","1","1","1","0"
"10337","72920","10337","25","1","4","1","6","0","1","2","1","0"
"10338","72924","10338","72","1","1","7","6","0","1","1","1","0"
"10339","72932","10339","20","1","1","7","2","1","0","1","2","0"
"10340","72933","10340","81","1","1","7","6","0","1","2","1","0"
"10341","72953","10341","21","3","1","1","6","0","1","1","1","0"
"10342","72953","10342","81","3","1","7","0","2","1","0","2","0"
"10343","72953","10343","81","3","6","1","0","4","0","0","3","0"
"10344","72953","10344","81","1","1","7","6","1","2","0","2","0"
"10345","72953","10345","81","3","1","7","6","0","1","0","1","0"
"10346","72953","10346","52","1","1","7","4","0","7","1","1","0"
"10347","72953","10347","21","1","1","1","6","0","3","1","1","0"
"10348","72954","10348","67","3","1","7","6","0","1","1","1","0"
"10349","72954","10349","51","2","4","3","7","0","1","1","1","0"
"10350","72955","10350","52","1","1","7","0","1","0","0","2","0"
"10351","72955","10351","52","3","4","4","0","0","1","0","1","0"
"10352","72955","10352","52","1","1","1","0","0","4","0","1","0"
"10353","72955","10353","52","1","1","1","0","0","1","0","1","0"
"10354","72955","10354","52","1","1","7","0","1","0","0","2","0"
"10355","72955","10355","64","1","1","7","6","0","1","1","1","0"
"10356","72955","10356","51","1","1","7","8","0","1","1","1","0"
"10357","72956","10357","52","3","1","7","0","0","2","0","1","0"
"10358","72956","10358","64","1","1","7","5","1","0","1","2","0"
"10359","72956","10359","64","1","1","7","5","0","1","1","1","0"
"10360","72956","10360","81","1","1","7","6","0","3","1","1","0"
"10361","72956","10361","51","1","1","7","3","0","1","1","1","0"
"10362","72956","10362","67","1","1","7","5","1","0","2","2","0"
"10363","72957","10363","71","1","1","7","6","1","0","1","2","0"
"10364","72962","10364","72","1","1","7","6","0","1","1","1","0"
"10365","72970","10365","28","3","1","1","0","0","2","0","1","0"
"10366","72970","10366","67","3","1","7","5","0","2","1","1","0"
"10367","72970","10367","81","3","1","7","6","0","1","1","1","0"
"10368","72970","10368","23","1","1","7","5","0","1","1","1","0"
"10369","72972","10369","74","1","3","2","6","0","1","1","1","0"
"10370","72972","10370","81","3","1","1","6","0","1","1","1","0"
"10371","72972","10371","72","1","3","1","6","0","1","1","1","0"
"10372","72974","10372","21","1","1","7","6","1","0","1","2","0"
"10373","72974","10373","72","3","1","7","6","0","1","1","1","0"
"10374","72974","10374","26","1","1","1","2","1","1","0","2","0"
"10375","72975","10375","85","3","1","7","6","0","2","1","1","0"
"10376","72975","10376","35","1","1","7","4","0","1","1","1","0"
"10377","72975","10377","61","1","1","7","4","1","0","1","2","0"
"10378","72975","10378","72","1","1","7","6","1","0","1","2","0"
"10379","72975","10379","64","1","1","7","6","0","1","1","1","0"
"10380","72975","10380","71","1","1","7","6","0","1","1","1","0"
"10381","72979","7097","64","1","1","7","6","0","1","1","1","0"
"10382","72984","10382","73","1","1","7","6","0","1","1","1","0"
"10383","72987","10383","71","1","3","1","6","1","0","1","2","0"
"10384","72988","10384","25","1","1","1","6","0","1","1","1","0"
"10385","72998","10385","71","1","1","7","6","0","1","1","1","0"
"10386","73001","10386","72","1","1","7","6","1","0","1","2","0"
"10387","73008","10387","52","3","1","7","6","0","1","1","1","0"
"10388","73008","10388","51","1","1","7","6","0","1","1","1","0"
"10389","73009","10389","82","1","3","1","6","0","1","1","1","0"
"10390","73025","10390","72","1","1","7","6","0","1","1","1","0"
"10391","73025","10391","71","1","1","7","6","0","1","1","1","0"
"10392","73027","10392","71","1","1","7","6","0","1","1","1","0"
"10393","73029","10393","21","1","1","7","6","0","1","2","1","0"
"10394","73029","10394","21","1","1","7","6","0","1","1","1","0"
"10395","73029","10395","72","1","1","7","8","0","1","1","1","0"
"10396","73029","10396","72","1","1","7","6","0","1","4","1","0"
"10397","73029","10397","72","1","1","7","6","1","0","1","2","0"
"10398","73030","10398","63","1","1","7","4","0","1","1","1","0"
"10399","73032","10399","67","1","1","1","6","0","1","1","1","0"
"10400","73032","10400","51","1","1","7","4","0","1","1","1","0"
"10401","73032","10401","26","2","1","1","2","0","1","1","1","0"
"10402","73032","10402","23","1","1","7","4","0","1","1","1","0"
"10403","73032","10403","51","1","1","7","6","0","1","1","1","0"
"10404","73034","10404","21","1","1","7","6","0","1","1","1","0"
"10405","73034","10405","25","3","3","1","6","0","1","1","1","0"
"10406","73035","10406","52","1","1","7","0","1","0","0","2","0"
"10407","73035","10407","81","3","3","1","6","0","2","0","1","0"
"10408","73043","10408","61","1","1","7","3","0","1","1","1","0"
"10409","73048","10409","71","1","1","7","6","0","1","1","1","0"
"10410","73050","10410","71","3","1","7","6","0","2","0","1","0"
"10411","73054","10411","25","3","1","7","6","0","1","3","1","0"
"10412","73054","10412","81","3","1","1","6","1","0","0","2","0"
"10413","73055","10413","85","3","1","7","7","1","1","1","2","0"
"10414","73055","10414","81","1","1","7","6","0","1","1","1","0"
"10415","73055","10415","51","1","1","1","6","0","2","0","1","0"
"10416","73056","10416","18","1","1","7","6","0","1","1","1","0"
"10417","73056","10417","65","2","2","2","4","0","1","1","1","0"
"10418","73056","10418","25","3","6","1","7","0","1","1","1","0"
"10419","73056","10419","26","1","1","7","1","0","1","1","1","0"
"10420","73056","10420","64","1","1","7","3","0","1","1","1","0"
"10421","73057","10421","52","3","1","7","0","0","1","0","1","0"
"10422","73057","10422","52","1","1","7","0","1","0","0","2","0"
"10423","73057","10423","52","1","1","7","0","0","1","0","1","0"
"10424","73057","10424","52","3","1","7","0","0","2","0","1","0"
"10425","73057","10425","51","1","3","2","6","0","1","1","1","0"
"10426","73057","10426","81","3","3","1","0","0","1","0","1","0"
"10427","73057","10427","52","3","1","1","0","0","1","0","1","0"
"10428","73057","10428","81","3","1","7","6","0","3","0","1","0"
"10429","73060","10429","65","1","1","7","4","0","1","1","1","0"
"10430","73073","10430","74","1","1","7","6","0","1","1","1","0"
"10431","73073","10431","67","1","1","7","6","0","1","1","1","0"
"10432","73078","10432","81","3","3","2","6","0","1","1","1","0"
"10433","73078","10433","52","1","3","2","6","0","2","0","1","0"
"10434","73078","10434","52","1","3","2","6","0","2","0","1","0"
"10435","73078","10435","21","2","2","1","6","0","2","3","1","0"
"10436","73078","10436","51","3","2","1","6","0","1","2","1","0"
"10437","73078","10437","52","1","1","7","6","0","3","0","1","0"
"10438","73078","10438","71","2","1","1","7","1","0","1","2","0"
"10439","73078","10439","52","1","1","7","6","0","2","0","1","0"
"10440","73078","10440","52","1","3","1","6","0","2","1","1","0"
"10441","73078","10441","51","1","3","1","3","0","1","1","1","0"
"10442","73078","10442","52","3","1","7","6","1","1","0","2","0"
"10443","73078","10443","52","1","3","1","6","0","2","0","1","0"
"10444","73078","10444","22","1","1","7","3","0","1","1","1","0"
"10445","73080","10445","21","1","1","7","4","0","1","1","1","0"
"10446","73081","10446","67","1","1","7","6","0","1","1","1","0"
"10447","73082","10447","72","1","1","7","6","0","1","1","1","0"
"10448","73083","10448","67","3","1","7","5","0","2","0","1","0"
"10449","73084","10449","72","1","1","7","6","1","0","1","2","0"
"10450","73084","10450","73","1","1","7","6","1","0","1","2","0"
"10451","73084","10451","51","1","1","7","4","1","1","0","2","0"
"10452","73096","10452","21","3","1","1","6","0","2","1","1","0"
"10453","73097","10453","71","2","1","1","6","1","0","1","2","0"
"10454","73099","10454","72","4","6","1","6","0","1","1","1","0"
"10455","73099","10455","20","1","1","7","1","0","2","1","1","0"
"10456","73099","10456","72","3","1","7","6","0","1","1","1","0"
"10457","73101","10457","21","3","3","2","6","3","0","0","2","0"
"10458","73103","10458","52","3","1","7","0","0","3","0","1","0"
"10459","73104","10459","51","1","1","7","3","0","1","1","1","0"
"10460","73104","10460","28","1","1","7","0","0","0","0","0","0"
"10461","73104","10461","21","1","1","7","4","0","2","0","1","0"
"10462","73104","10462","52","3","1","7","0","1","1","0","2","0"
"10463","73104","10463","52","3","3","2","0","0","1","0","1","0"
"10464","73104","10464","52","3","1","7","0","1","0","0","2","0"
"10465","73104","10465","81","3","1","1","0","0","2","0","1","0"
"10466","73104","10466","21","3","1","1","4","0","1","0","3","0"
"10467","73105","10467","23","1","1","7","4","0","1","1","1","0"
"10468","73105","10468","51","1","1","7","7","0","1","1","1","0"
"10469","73105","10469","81","1","1","7","9","1","0","1","2","0"
"10470","73106","10470","81","1","1","7","0","0","2","0","1","0"
"10471","73106","10471","51","1","1","7","6","0","1","1","1","0"
"10472","73108","10472","72","1","1","7","6","0","1","1","1","0"
"10473","73108","10473","52","1","1","4","6","0","1","1","1","0"
"10474","73120","10474","64","1","1","7","6","0","1","1","1","0"
"10475","73122","10475","27","1","1","7","0","0","1","0","1","0"
"10476","73129","10476","81","1","1","7","6","0","1","1","1","0"
"10477","73130","10477","74","1","1","7","6","0","1","1","1","0"
"10478","73131","10478","72","1","1","7","6","0","1","1","1","0"
"10479","73146","10479","72","1","1","7","6","0","1","1","1","0"
"10480","73151","10480","66","1","1","7","3","0","1","1","1","0"
"10481","73151","10481","41","1","1","7","6","0","1","1","1","0"
"10482","73152","10482","71","1","1","7","6","0","1","1","1","0"
"10483","73155","10483","64","1","1","7","6","0","1","1","1","0"
"10484","73156","10484","41","1","1","7","6","0","1","1","1","0"
"10485","73166","3061","72","1","1","7","6","0","1","1","1","0"
"10486","73168","10486","86","1","1","1","2","0","1","1","1","0"
"10487","73174","10487","52","1","3","1","2","0","1","1","1","0"
"10488","73175","10488","61","1","1","7","3","0","1","1","1","0"
"10489","73181","10489","81","1","1","7","1","0","1","1","1","0"
"10490","73183","10490","71","1","1","7","5","0","2","1","1","0"
"10491","73188","10491","26","3","1","7","1","0","1","1","1","0"
"10492","73191","10492","71","1","1","1","6","0","1","1","1","0"
"10493","73191","10493","71","1","3","1","6","0","1","1","1","0"
"10494","73191","10494","71","1","1","7","6","0","1","1","1","0"
"10495","73197","10495","71","1","1","7","3","0","1","1","1","0"
"10496","73197","8881","72","1","1","7","6","0","1","1","1","0"
"10497","73197","10497","72","1","1","1","6","0","1","1","1","0"
"10498","73199","10498","72","1","1","7","6","0","1","0","1","0"
"10499","73199","10499","67","1","1","7","4","0","1","1","1","0"
"10500","73202","10500","81","3","1","7","2","0","0","1","3","0"
"10501","73208","10501","72","1","1","7","6","0","1","1","1","0"
"10502","73208","10502","26","1","1","7","2","0","1","1","1","0"
"10503","73208","10503","72","1","1","7","6","0","1","1","1","0"
"10504","73208","10504","52","1","1","7","5","0","1","1","1","0"
"10505","73209","10505","51","2","1","7","6","0","1","1","1","0"
"10506","73209","10506","26","1","1","7","2","0","1","1","1","0"
"10507","73209","10507","26","1","1","7","2","0","1","1","1","0"
"10508","73209","10508","52","3","1","4","0","0","1","1","1","0"
"10509","73209","10509","51","1","1","7","4","0","1","1","1","0"
"10510","73209","10510","71","1","1","7","4","0","1","1","1","0"
"10511","73209","10511","71","1","1","7","6","0","1","1","1","0"
"10512","73209","10512","73","1","1","7","7","0","1","1","1","0"
"10513","73209","10513","64","1","1","7","6","0","1","1","1","0"
"10514","73211","10514","51","1","2","2","6","0","1","3","1","0"
"10515","73212","10515","81","1","1","7","4","0","1","1","1","0"
"10516","73213","7659","71","3","1","7","6","1","0","1","2","0"
"10517","73213","10517","72","1","1","7","6","0","1","1","1","0"
"10518","73213","10518","72","1","1","1","6","0","2","1","1","0"
"10519","73213","10519","64","1","3","2","4","0","1","1","1","0"
"10520","73213","10520","72","1","1","7","6","0","1","1","1","0"
"10521","73214","10521","22","2","3","2","6","0","1","1","1","0"
"10522","73216","10522","72","1","1","7","6","0","1","1","1","0"
"10523","73217","10523","51","1","1","7","6","0","1","2","1","0"
"10524","73220","10524","21","5","1","7","3","0","1","1","1","0"
"10525","73225","10525","72","1","1","7","6","0","1","1","1","0"
"10526","73236","10526","72","1","1","7","6","0","1","1","1","0"
"10527","73236","10527","74","3","1","7","4","1","0","1","2","0"
"10528","73238","10528","72","1","1","7","6","1","0","1","2","0"
"10529","73238","10529","63","1","1","7","4","0","1","1","1","0"
"10530","73245","10530","25","2","1","7","6","0","2","0","1","0"
"10531","73247","10531","72","1","1","7","6","1","0","1","2","0"
"10532","73250","10532","21","1","1","7","6","0","1","2","1","0"
"10533","73253","10533","22","3","1","7","4","0","1","1","1","0"
"10534","73254","10534","71","1","1","7","6","0","1","1","1","0"
"10535","73258","10535","62","1","1","7","1","0","1","1","1","0"
"10536","73262","10536","81","1","1","7","0","0","1","0","1","0"
"10537","73263","10537","52","3","1","7","0","0","1","0","1","0"
"10538","73264","10538","71","1","1","7","6","0","1","1","1","0"
"10539","73264","10539","63","3","1","2","4","0","1","1","1","0"
"10540","73264","10540","71","1","1","7","6","1","0","1","2","0"
"10541","73264","10541","81","3","1","7","6","0","1","0","1","0"
"10542","73265","10542","51","2","1","7","0","0","1","0","1","0"
"10543","73265","10543","81","3","3","2","6","0","1","1","1","0"
"10544","73265","10544","71","3","1","1","6","0","1","1","1","0"
"10545","73266","10545","81","3","1","7","0","0","1","0","1","0"
"10546","73266","10546","28","3","1","7","0","0","1","0","1","0"
"10547","73266","10547","72","1","1","7","6","0","1","1","1","0"
"10548","73266","10548","72","3","3","1","6","0","1","1","1","0"
"10549","73266","10549","61","1","1","7","3","0","1","1","1","0"
"10550","73269","10550","72","2","1","7","4","0","2","0","1","0"
"10551","73269","10551","72","1","1","7","6","0","1","1","1","0"
"10552","73269","10552","63","1","1","7","6","0","1","0","1","0"
"10553","73269","10553","72","1","1","7","6","0","1","1","1","0"
"10554","73269","10554","71","3","1","7","6","1","0","1","2","0"
"10555","73269","10555","16","1","3","1","5","0","1","1","1","0"
"10556","73280","10556","72","1","1","7","6","0","1","1","1","0"
"10557","73282","10557","52","1","1","7","6","0","1","1","1","0"
"10558","73284","10558","27","1","1","7","3","0","1","0","1","0"
"10559","73288","10559","72","1","1","7","6","0","1","1","1","0"
"10560","73288","10560","72","1","3","1","6","0","1","1","1","0"
"10561","73289","10561","76","1","1","7","8","1","0","1","2","0"
"10562","73290","10562","25","4","1","7","6","0","1","2","1","0"
"10563","73291","10563","72","1","1","7","6","0","1","1","1","0"
"10564","73302","10564","52","2","3","1","6","0","2","0","1","0"
"10565","73302","10565","52","1","1","7","6","1","0","1","2","0"
"10566","73316","10566","25","1","1","7","6","0","1","1","1","0"
"10567","73318","10567","71","1","2","1","6","0","1","1","1","0"
"10568","73323","10568","26","1","1","7","2","0","1","1","1","0"
"10569","73323","10569","25","3","1","7","7","0","1","1","1","0"
"10570","73323","10570","72","1","1","7","6","1","0","1","2","0"
"10571","73323","10571","71","1","1","7","6","0","1","1","1","0"
"10572","73323","10572","25","3","1","7","6","1","0","1","2","0"
"10573","73325","10573","72","3","1","7","6","0","1","1","1","0"
"10574","73325","10574","23","1","1","7","6","0","1","1","1","0"
"10575","73325","10575","67","1","1","7","4","0","1","1","1","0"
"10576","73326","10576","71","3","1","7","6","0","0","1","3","0"
"10577","73326","10577","99","1","1","7","1","1","0","1","2","0"
"10578","73330","10578","53","1","1","7","8","0","1","1","1","0"
"10579","73330","10579","25","2","1","7","0","0","1","0","1","0"
"10580","73330","10580","72","4","1","7","6","0","0","1","3","0"
"10581","73331","10581","21","1","1","7","6","0","1","1","1","0"
"10582","73331","10582","71","3","1","7","6","1","0","1","2","0"
"10583","73332","10583","51","3","3","1","0","0","2","0","1","0"
"10584","73335","10584","52","3","3","1","0","0","1","0","1","0"
"10585","73336","10585","82","3","3","1","0","0","2","0","1","0"
"10586","73336","10586","52","3","1","7","6","0","1","1","1","0"
"10587","73336","10587","25","3","1","1","6","0","1","1","1","0"
"10588","73336","10588","25","1","1","1","6","0","3","0","1","0"
"10589","73336","10589","51","1","2","2","6","0","1","1","1","0"
"10590","73336","10590","81","2","1","7","6","0","1","2","1","0"
"10591","73336","10591","52","1","1","7","0","0","1","0","1","0"
"10592","73336","10592","52","3","3","1","0","0","1","0","1","0"
"10593","73336","10593","51","1","1","1","6","0","1","1","1","0"
"10594","73336","10594","52","3","1","1","0","0","1","0","1","0"
"10595","73337","10595","52","3","1","7","0","1","0","0","2","0"
"10596","73337","10596","25","3","1","1","7","0","1","1","1","0"
"10597","73337","10597","52","1","1","1","6","0","1","1","1","0"
"10598","73340","10598","25","3","1","7","7","1","0","1","2","0"
"10599","73340","10599","81","3","1","7","7","0","1","1","1","0"
"10600","73341","10600","71","3","1","7","6","0","1","1","1","0"
"10601","73356","10601","72","1","1","7","6","1","0","1","2","0"
"10602","73356","10602","67","1","1","7","4","1","0","1","2","0"
"10603","73356","10603","51","1","1","7","4","0","1","1","1","0"
"10604","73356","10604","81","3","1","7","6","1","1","0","2","0"
"10605","73357","10605","71","1","1","7","6","0","1","1","1","0"
"10606","73358","10606","72","1","1","7","6","0","1","1","1","0"
"10607","73358","10607","41","1","1","7","6","0","1","2","1","0"
"10608","73359","10608","71","1","1","7","6","0","1","1","1","0"
"10609","73359","10609","99","3","3","2","2","1","0","1","2","0"
"10610","73366","10610","51","3","1","1","6","0","1","1","1","0"
"10611","73367","10611","25","3","1","7","6","2","0","2","2","0"
"10612","73368","10612","64","1","1","7","4","0","1","1","1","0"
"10613","73373","10613","64","1","1","7","6","0","2","0","1","0"
"10614","73377","10614","72","1","1","7","6","0","1","1","1","0"
"10615","73386","10615","72","1","1","7","6","0","1","1","1","0"
"10616","73386","10616","72","1","1","7","6","0","1","1","1","0"
"10617","73386","10617","72","1","1","7","6","0","1","1","1","0"
"10618","73386","10618","72","1","1","7","6","0","1","1","1","0"
"10619","73386","10619","72","1","1","7","6","0","1","1","1","0"
"10620","73388","10620","52","2","3","1","6","1","0","1","2","0"
"10621","73390","10621","13","1","1","7","4","1","0","1","2","0"
"10622","73391","10622","72","1","1","7","6","0","1","1","1","0"
"10623","73398","10623","72","1","1","7","6","0","2","1","1","0"
"10624","73398","10624","52","5","4","2","6","0","0","1","3","0"
"10625","73399","10625","52","1","7","7","3","0","2","0","1","0"
"10626","73399","10626","72","1","1","7","6","0","1","1","1","0"
"10627","73402","10627","52","3","1","7","6","0","1","1","1","0"
"10628","73403","10628","71","1","1","7","6","0","1","1","1","0"
"10629","73407","10629","71","1","1","7","6","0","1","1","1","0"
"10630","73421","10630","72","3","1","2","6","0","1","2","1","0"
"10631","73448","10631","51","1","1","7","6","0","1","1","1","0"
"10632","73450","10632","81","1","1","7","4","0","1","1","1","0"
"10633","73451","10633","72","1","1","7","6","1","0","1","2","0"
"10634","73453","10634","52","1","1","7","0","0","0","0","0","0"
"10635","73453","10635","72","3","3","2","6","0","1","1","1","0"
"10636","73453","10636","26","1","1","7","1","0","1","1","1","0"
"10637","73453","10637","72","2","3","1","6","0","1","1","1","0"
"10638","73453","10638","72","3","3","1","6","0","1","0","1","0"
"10639","73453","10639","21","3","1","7","6","0","1","1","1","0"
"10640","73454","10640","71","1","1","7","6","0","1","1","1","0"
"10641","73455","10641","52","3","1","7","0","0","1","0","1","0"
"10642","73455","10642","72","1","1","7","3","0","1","1","1","0"
"10643","73455","10643","52","3","4","4","3","0","1","1","1","0"
"10644","73455","10644","81","3","3","1","6","0","1","1","1","0"
"10645","73455","10645","52","3","1","7","0","0","2","0","1","0"
"10646","73455","10646","52","3","1","7","6","1","3","0","2","0"
"10647","73456","10647","81","3","1","7","0","0","1","0","1","0"
"10648","73457","6993","81","1","1","4","0","1","0","0","2","0"
"10649","73462","10649","64","1","1","7","5","0","0","1","3","0"