"accident_id","lieu_id","date_id","cause_id","lum_id","intemp_id","etat_surface_id","impliq_id","nb_blesses_graves","nb_blesses_legers","nb_indemnes","gravite","nb_morts"
"11537","81018","11537","26","1","1","7","2","1","0","1","2","0"
"11538","81018","11538","71","3","1","1","6","0","1","1","1","0"
"11539","81018","11539","71","1","1","7","6","0","0","1","0","0"
"11540","81018","11540","71","1","1","7","6","0","2","0","1","0"
"11541","81018","11541","51","1","1","7","6","0","1","1","1","0"
"11542","81020","11542","51","1","1","7","7","1","0","1","2","0"
"11543","81042","11543","72","1","2","1","6","0","1","1","1","0"
"11544","81043","11544","51","3","1","7","0","0","1","0","1","0"
"11545","81045","11545","25","1","1","7","6","0","1","2","1","0"
"11546","81045","11546","23","3","2","1","4","0","1","1","1","0"
"11547","81045","11547","25","3","1","7","6","0","1","1","1","0"
"11548","81045","11548","64","1","1","7","5","0","1","1","1","0"
"11549","81045","11549","71","1","1","7","6","0","1","1","1","0"
"11550","81045","11550","64","1","1","7","6","0","1","1","1","0"
"11551","81047","11551","26","3","1","7","2","1","0","1","2","0"
"11552","81047","11552","26","3","1","7","1","0","1","1","1","0"
"11553","81047","11553","71","3","1","7","6","0","1","1","1","0"
"11554","81048","11554","71","3","1","1","6","1","0","1","2","0"
"11555","81049","11555","71","1","1","7","6","1","0","0","2","0"
"11556","81053","11556","71","1","1","7","6","0","1","1","1","0"
"11557","81054","11557","26","3","1","7","2","0","1","1","1","0"
"11558","81057","11558","81","1","1","7","0","0","3","0","1","0"
"11559","81057","11559","64","1","1","7","6","0","2","1","1","0"
"11560","81057","11560","21","1","1","7","6","0","2","0","1","0"
"11561","81058","11561","52","3","1","7","0","1","0","0","2","0"
"11562","81059","11562","21","1","3","2","6","0","1","1","1","0"
"11563","81075","11563","21","1","1","7","4","1","0","1","2","0"
"11564","81075","11564","51","1","1","7","3","0","2","0","1","0"
"11565","81075","11565","25","3","7","1","6","0","1","0","1","0"
"11566","81087","11566","72","1","1","1","6","0","1","1","1","0"
"11567","81094","11567","52","1","1","4","0","0","3","0","1","0"
"11568","81095","11568","72","1","3","1","6","0","1","1","1","0"
"11569","81095","11569","81","1","1","7","6","1","0","0","2","0"
"11570","81095","11570","72","2","6","1","6","0","1","1","1","0"
"11571","81095","11571","52","1","1","4","0","0","1","0","1","0"
"11572","81097","11572","52","3","1","7","7","0","2","1","1","0"
"11573","81097","11573","52","1","1","7","0","0","2","0","1","0"
"11574","81097","11574","51","3","4","3","6","0","3","3","1","0"
"11575","81098","11575","52","1","4","5","7","1","0","0","2","0"
"11576","81098","11576","52","1","1","7","6","0","2","0","1","0"
"11577","81099","11577","21","1","1","7","6","1","1","0","2","0"
"11578","81099","11578","18","1","1","7","5","0","1","1","1","0"
"11579","81105","11579","71","1","1","7","4","0","1","1","1","0"
"11580","81105","11580","61","1","1","7","4","0","1","1","1","0"
"11581","81110","11581","64","1","1","7","6","0","1","1","1","0"
"11582","81111","11582","64","1","1","7","6","0","2","0","1","0"
"11583","81113","11583","64","1","1","7","6","0","1","1","1","0"
"11584","81115","11584","52","1","2","2","0","1","0","0","2","0"
"11585","81115","11585","18","1","1","7","6","0","1","1","1","0"
"11586","81115","11586","71","1","3","1","6","0","0","1","3","0"
"11587","81115","11587","51","1","1","7","7","0","2","1","1","0"
"11588","81115","11588","71","3","1","7","6","0","1","1","1","0"
"11589","81118","11589","72","1","1","7","6","0","1","1","1","0"
"11590","81118","11590","71","2","2","2","6","1","0","1","2","0"
"11591","81118","11516","51","1","2","2","6","0","1","1","1","0"
"11592","81118","11592","26","3","1","1","2","0","2","0","1","0"
"11593","81118","11593","23","1","1","7","4","0","1","1","1","0"
"11594","81118","11594","26","3","1","7","2","1","0","1","2","0"
"11595","81118","11595","26","1","1","7","2","0","2","0","1","0"
"11596","81118","11596","51","1","2","1","0","0","0","0","3","0"
"11597","81118","11597","71","1","3","1","6","0","1","1","1","0"
"11598","81118","11598","81","1","1","7","6","1","0","1","2","0"
"11599","81118","11599","26","3","1","1","2","1","1","1","2","0"
"11600","81122","11600","52","3","7","1","6","0","1","1","1","0"
"11601","81125","11601","72","1","1","7","6","0","1","1","1","0"
"11602","81126","11602","51","3","1","7","0","0","1","0","1","0"
"11603","81126","7232","26","1","2","1","1","0","1","1","1","0"
"11604","81126","11604","52","3","1","4","6","0","5","1","1","0"
"11605","81126","11605","22","1","1","7","6","0","1","1","1","0"
"11606","81126","11606","51","3","1","7","3","0","1","0","1","0"
"11607","81135","11607","21","5","1","7","6","1","0","1","2","0"
"11608","81135","11608","51","1","1","7","9","0","2","0","1","0"
"11609","81135","11609","12","1","1","7","9","0","1","0","3","0"
"11610","81135","11610","64","1","1","7","6","0","1","1","1","0"
"11611","81136","11611","25","1","1","7","6","0","1","1","1","0"
"11612","81136","11612","25","4","1","7","6","0","1","1","1","0"
"11613","81136","11613","72","1","1","7","6","0","1","1","1","0"
"11614","81136","11614","51","1","1","7","3","0","1","0","1","0"
"11615","81142","11615","41","3","1","7","6","0","1","1","1","0"
"11616","81152","11616","71","1","1","7","6","0","1","1","1","0"
"11617","81165","11617","72","1","1","7","6","0","1","0","1","0"
"11618","81167","11618","52","1","1","7","0","1","0","0","2","0"
"11619","81168","11619","51","3","1","7","0","0","1","0","1","0"
"11620","81173","11620","72","1","1","7","3","0","1","1","1","0"
"11621","81173","11621","52","2","3","1","2","0","1","1","1","0"
"11622","81182","11622","52","3","1","7","0","0","1","0","1","0"
"11623","81183","11623","21","3","1","7","6","0","3","0","1","0"
"11624","81184","11624","72","1","1","7","6","0","1","1","1","0"
"11625","81195","11625","72","1","1","7","6","0","1","1","1","0"
"11626","81195","11626","52","1","3","1","6","0","1","1","1","0"
"11627","81195","11627","52","3","1","7","0","0","3","0","1","0"
"11628","81196","11628","21","1","1","7","6","0","1","1","1","0"
"11629","81196","11629","64","1","1","7","6","0","2","1","1","0"
"11630","81198","11630","72","1","1","7","6","1","0","1","2","0"
"11631","81200","11631","76","2","1","4","6","0","1","1","1","0"
"11632","81201","11632","23","2","2","2","6","0","1","0","1","0"
"11633","81202","11633","51","1","1","7","7","0","1","1","1","0"
"11634","81202","11634","21","1","1","1","5","0","1","2","1","0"
"11635","81202","11635","26","2","1","7","2","0","1","1","1","0"
"11636","81202","11636","67","3","1","7","3","0","1","1","1","0"
"11637","81216","11637","72","1","1","7","6","1","0","1","2","0"
"11638","81223","11638","67","3","1","7","4","0","1","1","1","0"
"11639","81225","11639","25","3","1","7","0","1","0","0","2","0"
"11640","81227","11640","21","1","1","7","6","1","0","1","2","0"
"11641","81228","11641","72","1","1","7","6","0","1","1","1","0"
"11642","81231","11642","52","3","1","7","0","1","1","0","2","0"
"11643","81232","11643","21","3","3","2","6","0","1","1","1","0"
"11644","81233","11644","85","5","1","2","6","0","1","1","1","0"
"11645","81233","11645","25","1","1","7","6","0","1","1","1","0"
"11646","81233","11646","25","1","4","2","6","0","1","1","1","0"
"11647","81233","11647","36","1","1","7","7","0","1","2","1","0"
"11648","81233","11648","61","1","3","1","3","0","1","1","1","0"
"11649","81233","11649","27","1","1","7","4","0","1","0","1","0"
"11650","81233","11650","51","1","1","7","6","0","1","1","1","0"
"11651","81234","11651","51","1","1","7","6","0","1","1","1","0"
"11652","81237","11652","32","1","1","7","4","0","1","0","1","0"
"11653","81240","11653","72","1","1","7","6","0","1","1","1","0"
"11654","81240","11654","51","3","1","7","4","0","1","1","1","0"
"11655","81241","11655","52","1","7","7","6","0","1","1","1","0"
"11656","81243","11656","64","1","1","7","6","0","1","1","1","0"
"11657","81243","11657","67","1","1","7","4","0","1","1","1","0"
"11658","81243","11658","35","1","1","7","3","0","1","1","1","0"
"11659","81244","11659","52","3","1","7","6","2","1","0","2","0"
"11660","81244","11660","25","3","3","1","6","0","1","0","1","0"
"11661","81251","11661","51","3","1","7","0","0","3","2","1","0"
"11662","81254","11662","52","3","3","1","0","0","2","0","1","0"
"11663","81255","11663","51","1","3","1","0","0","2","0","1","0"
"11664","81257","11664","82","1","1","7","2","0","1","0","3","0"
"11665","81258","11665","72","1","1","7","6","1","0","1","2","0"
"11666","81258","11666","81","3","1","7","2","0","1","1","1","0"
"11667","81258","11667","51","1","1","7","4","0","1","0","1","0"
"11668","81262","11668","72","1","3","1","6","0","1","1","1","0"
"11669","81271","11669","26","3","1","1","2","0","1","1","1","0"
"11670","81271","11670","73","1","1","7","6","0","1","1","1","0"
"11671","81279","11671","72","1","1","7","6","1","0","1","2","0"
"11672","81281","11672","15","1","1","7","6","0","1","1","1","0"
"11673","81283","11673","25","3","1","7","6","1","0","1","2","0"
"11674","81283","11674","52","3","2","1","6","0","1","2","1","0"
"11675","81293","11675","71","1","1","7","6","0","1","1","1","0"
"11676","81295","11676","51","1","1","7","6","0","1","1","1","0"
"11677","81295","11677","51","3","3","1","4","0","1","1","1","0"
"11678","81295","11678","52","3","3","2","6","0","1","0","1","0"
"11679","81298","1228","71","1","1","7","6","0","1","1","1","0"
"11680","81299","11680","71","1","1","7","6","1","0","1","2","0"
"11681","81300","11681","23","1","1","7","4","0","2","0","1","0"
"11682","81302","11682","51","1","1","7","3","0","1","1","1","0"
"11683","81302","11683","21","3","3","1","6","0","1","0","1","0"
"11684","81302","11684","64","3","1","7","6","0","1","1","1","0"
"11685","81303","11685","23","3","1","7","0","0","1","0","1","0"
"11686","81303","11686","71","1","1","7","6","0","1","1","1","0"
"11687","81303","11687","22","3","1","1","6","0","1","1","1","0"
"11688","81303","11688","61","1","1","7","3","0","1","1","1","0"
"11689","81304","11689","36","3","1","7","6","0","1","2","1","0"
"11690","81304","11690","51","1","1","7","6","0","2","1","1","0"
"11691","81305","11691","72","1","1","7","6","1","0","1","2","0"
"11692","81328","11692","21","1","1","1","6","0","1","1","1","0"
"11693","81333","11693","52","1","1","7","0","0","1","0","1","0"
"11694","81341","11694","71","1","1","7","6","1","0","1","2","0"
"11695","81349","11695","25","3","1","7","6","0","1","0","1","0"
"11696","81351","11696","67","3","1","7","4","0","1","1","1","0"
"11697","81351","11697","26","1","1","7","2","0","1","1","1","0"
"11698","81351","11698","35","1","1","7","3","0","1","1","1","0"
"11699","81359","11699","21","3","1","7","4","0","1","1","1","0"
"11700","81360","11700","72","1","1","7","6","1","0","1","2","0"
"11701","81361","11701","41","1","1","7","1","1","0","1","2","0"
"11702","81361","11702","72","3","1","7","6","0","1","0","1","0"
"11703","81369","11703","52","1","1","7","6","0","1","1","1","0"
"11704","81370","11704","72","3","1","7","6","0","1","1","1","0"
"11705","81371","11705","52","1","1","7","0","0","2","0","1","0"
"11706","81378","11706","72","3","3","1","6","0","1","1","1","0"
"11707","81378","11707","72","1","1","7","8","0","1","0","1","0"
"11708","81379","11708","81","2","1","7","6","0","1","0","1","0"
"11709","81379","11709","72","1","1","7","6","0","1","1","1","0"
"11710","81379","11710","71","1","1","7","6","1","0","1","2","0"
"11711","81379","11711","61","1","3","1","3","0","1","1","1","0"
"11712","81386","11712","72","1","1","7","6","1","0","1","2","0"
"11713","81386","11713","64","1","1","7","6","0","1","1","1","0"
"11714","81387","11714","64","1","1","7","4","0","2","0","1","0"
"11715","81387","11715","20","1","3","1","6","0","1","1","1","0"
"11716","81404","11716","72","1","1","7","6","1","0","1","2","0"
"11717","81410","11717","71","3","1","7","6","0","1","1","1","0"
"11718","81411","11718","21","1","1","7","5","0","2","1","1","0"
"11719","81411","11719","72","1","1","7","6","0","1","1","1","0"
"11720","81412","11720","21","1","1","7","6","0","1","0","1","0"
"11721","81426","11721","71","1","1","7","4","0","1","1","1","0"
"11722","81444","11722","52","3","1","7","6","0","1","0","1","0"
"11723","81448","11723","67","1","1","7","2","0","1","2","1","0"
"11724","81452","11724","23","1","1","7","5","0","1","1","1","0"
"11725","81468","11725","71","2","1","7","6","0","1","0","1","0"
"11726","81468","11726","52","3","1","7","0","0","1","0","1","0"
"11727","81476","11727","36","1","1","7","3","0","1","0","1","0"
"11728","81477","11728","25","3","1","1","6","0","1","1","1","0"
"11729","81477","11729","51","3","3","2","6","0","1","1","1","0"
"11730","81477","11730","71","1","1","7","6","1","0","1","3","0"
"11731","81477","3561","72","1","1","7","6","0","1","1","1","0"
"11732","81479","11732","64","1","1","7","6","0","1","1","1","0"
"11733","81479","11733","72","1","1","7","8","0","1","0","1","0"
"11734","81480","11734","52","1","1","7","6","0","1","1","1","0"
"11735","81490","11735","26","1","1","7","1","0","1","1","1","0"
"11736","81492","11736","26","3","1","7","1","0","1","1","1","0"
"11737","81496","11737","73","1","1","7","6","0","1","1","1","0"
"11738","81504","11738","21","1","1","7","7","1","0","1","2","0"
"11739","81514","11739","72","1","1","7","6","0","1","1","1","0"
"11740","81516","11740","52","3","1","1","6","0","1","0","1","0"
"11741","81516","11741","72","1","1","7","6","0","1","1","1","0"
"11742","81518","11742","51","1","1","7","3","1","0","1","2","0"
"11743","81518","11743","22","1","1","7","6","0","1","1","1","0"
"11744","81520","11744","65","1","1","7","4","0","2","1","1","0"
"11745","81521","11745","67","1","1","7","6","0","1","0","1","0"
"11746","81522","11746","85","3","3","1","4","0","2","0","1","0"
"11747","81522","11747","36","3","3","1","6","0","1","1","1","0"
"11748","81523","11748","21","1","1","7","2","0","1","1","1","0"
"11749","81547","11749","25","3","1","7","6","0","1","0","1","0"
"11750","81552","11750","25","3","1","1","7","0","1","0","1","0"
"11751","81552","11751","52","3","2","1","6","0","1","1","1","0"
"11752","81553","11752","25","3","1","7","7","0","0","1","3","0"
"11753","81553","11753","25","3","1","7","6","0","1","1","1","0"
"11754","81554","11754","51","3","1","7","6","0","1","1","1","0"
"11755","81554","11755","52","1","1","7","6","0","1","0","1","0"
"11756","81554","11756","71","1","1","7","4","0","1","1","1","0"
"11757","81557","11757","72","1","1","7","7","0","1","2","1","0"
"11758","81558","11758","71","1","1","7","6","0","1","1","1","0"
"11759","81565","11759","51","3","1","7","0","0","3","0","1","0"
"11760","81580","11760","67","1","1","7","6","0","1","1","1","0"
"11761","81588","11761","25","3","1","7","6","0","2","1","1","0"
"11762","81589","11762","51","3","3","1","6","0","1","1","1","0"
"11763","81590","11763","21","3","3","1","6","0","1","1","1","0"
"11764","81592","11764","81","1","1","7","6","0","1","2","1","0"
"11765","81593","11765","64","1","1","1","6","0","1","1","1","0"
"11766","81601","11766","51","1","1","7","6","0","1","3","1","0"
"11767","81601","11767","72","1","1","7","6","0","1","1","1","0"
"11768","81602","11768","72","1","1","7","6","1","0","1","2","0"
"11769","81602","11769","52","1","1","7","0","1","0","0","2","0"
"11770","81602","11770","72","1","1","7","6","0","1","1","1","0"
"11771","81603","1400","21","2","3","1","6","0","4","0","1","0"
"11772","81606","11772","21","1","3","1","6","0","1","0","1","0"
"11773","81606","11773","72","1","1","7","6","0","1","1","1","0"
"11774","81606","11774","52","1","1","7","0","0","2","0","1","0"
"11775","81606","11775","71","1","1","7","6","0","1","1","1","0"
"11776","81607","11776","63","1","1","7","6","0","2","0","1","0"
"11777","81608","11777","51","3","2","2","4","0","1","1","1","0"
"11778","81608","11778","51","3","2","1","6","0","1","1","1","0"
"11779","81610","11779","72","1","3","1","6","0","1","1","1","0"
"11780","81610","11780","71","1","1","7","6","1","0","1","2","0"
"11781","81610","11781","26","1","3","1","1","0","1","1","1","0"
"11782","81610","11782","26","1","1","7","1","0","1","1","1","0"
"11783","81610","11783","26","1","1","7","1","0","2","1","1","0"
"11784","81610","11784","63","1","1","7","3","0","1","1","1","0"
"11785","81610","11785","71","1","1","7","6","0","1","1","1","0"
"11786","81610","11786","51","3","1","7","3","0","1","0","1","0"
"11787","81612","11787","52","3","1","7","0","0","1","0","1","0"
"11788","81620","11788","21","1","1","7","6","1","0","1","2","0"
"11789","81623","11789","64","1","1","7","6","0","1","2","1","0"
"11790","81623","11790","21","1","1","7","6","0","1","1","1","0"
"11791","81669","11791","21","1","1","7","6","0","1","1","1","0"
"11792","81669","11792","26","3","2","1","4","0","1","2","1","0"
"11793","81670","11793","21","1","1","7","6","0","1","0","1","0"
"11794","81670","11794","52","1","1","1","6","0","1","4","1","0"
"11795","81681","11795","73","4","1","7","6","0","0","1","3","0"
"11796","81687","11796","52","1","4","3","2","0","1","0","1","0"
"11797","81701","11797","52","1","1","7","6","0","1","0","1","0"
"11798","81701","11798","23","1","1","7","4","0","1","1","1","0"
"11799","81702","11799","67","1","1","7","5","0","1","1","1","0"
"11800","81749","11800","21","1","1","7","6","1","1","0","3","0"
"11801","81749","11801","81","3","1","7","4","0","1","1","1","0"
"11802","81755","11802","72","1","1","7","6","0","1","1","1","0"
"11803","81823","11803","72","1","1","7","6","0","1","1","1","0"
"11804","81824","11804","99","1","1","7","6","0","2","0","1","0"
"11805","81824","11805","52","3","1","7","0","0","3","2","1","0"
"11806","81828","11806","21","1","1","7","6","0","1","1","1","0"
"11807","81836","11807","72","3","1","1","6","0","1","1","1","0"
"11808","81838","11808","25","2","1","7","6","0","2","0","1","0"
"11809","81838","11809","21","1","1","7","6","0","2","0","1","0"
"11810","81838","11810","52","1","1","1","2","0","1","1","1","0"
"11811","81839","11811","51","1","3","1","6","0","1","1","1","0"
"11812","81840","11812","52","1","1","7","0","0","0","0","3","0"
"11813","81872","11813","21","3","1","7","6","1","2","0","2","0"
"11814","81872","11814","99","1","1","7","2","0","1","1","1","0"
"11815","81876","11815","72","1","1","7","6","0","1","1","1","0"
"11816","81878","11816","72","1","1","7","6","0","1","1","1","0"
"11817","81878","11817","74","1","1","7","6","0","1","1","1","0"
"11818","81884","11818","71","1","1","7","6","0","1","1","1","0"
"11819","81884","11819","23","1","1","7","5","0","1","1","1","0"
"11820","81884","11820","71","3","3","1","4","0","2","0","1","0"
"11821","81890","11821","72","1","1","7","6","0","1","1","1","0"
"11822","81891","11822","72","1","1","7","6","0","1","1","1","0"
"11823","81891","11823","72","1","1","7","6","0","1","1","1","0"
"11824","81903","11824","63","1","1","7","4","0","1","1","1","0"
"11825","81903","11825","51","1","1","7","6","0","1","1","1","0"
"11826","81904","11826","64","1","1","7","6","0","1","1","1","0"
"11827","81910","11827","26","1","1","7","2","0","1","1","1","0"
"11828","81910","11828","26","1","1","7","2","0","1","1","1","0"
"11829","81921","11829","72","1","1","7","6","0","1","1","1","0"
"11830","81928","11830","51","1","1","7","2","0","1","0","1","0"
"11831","81933","11831","51","1","1","7","6","0","1","1","1","0"
"11832","81963","11832","25","1","1","7","6","0","1","1","1","0"
"11833","81969","11833","72","1","1","7","4","0","1","1","1","0"
"11834","81978","11834","71","1","1","7","6","0","1","1","1","0"
"11835","81978","11835","71","3","1","7","6","0","1","1","1","0"
"11836","81979","11836","71","1","1","7","6","0","2","1","1","0"
"11837","81982","8156","52","1","1","7","6","0","2","0","1","0"
"11838","81983","11838","17","1","1","7","2","0","0","1","3","0"
"11839","81983","11839","72","2","3","1","6","0","1","1","1","0"
"11840","81985","11840","64","1","1","7","4","0","1","1","1","0"
"11841","81997","11841","25","1","1","7","7","0","1","1","1","0"
"11842","81997","11842","21","3","1","7","6","0","2","1","1","0"
"11843","81999","11843","25","1","1","7","7","0","1","0","1","0"
"11844","82422","11844","25","1","1","7","6","1","0","2","2","0"
"11845","82428","11845","71","1","1","2","6","1","0","1","2","0"
"11846","82432","11846","52","5","6","4","0","0","1","0","1","0"
"11847","82433","11847","52","2","3","1","6","3","2","0","2","0"
"11848","82433","11848","81","5","3","1","3","0","2","0","3","0"
"11849","82433","11849","67","1","1","1","6","0","2","1","1","0"
"11850","82433","11850","81","5","1","1","6","1","1","0","2","0"
"11851","82434","11851","21","1","1","7","6","0","2","0","1","0"
"11852","82434","11852","52","5","1","7","0","0","0","1","3","0"
"11853","82435","11853","52","1","1","7","0","0","0","0","3","0"
"11854","82449","11854","52","1","4","3","0","0","1","0","3","0"
"11855","82486","11855","52","1","1","4","6","0","1","1","1","0"
"11856","82487","11856","51","3","1","7","6","0","3","0","1","0"
"11857","82492","11857","21","1","1","7","6","1","0","1","2","0"
"11858","82493","11858","27","1","3","1","9","0","1","1","1","0"
"11859","82495","11859","81","5","1","7","6","1","1","0","2","0"
"11860","82497","11860","51","1","1","7","7","1","1","1","2","0"
"11861","82497","11861","16","1","3","2","6","1","0","2","3","2"
"11862","82520","11862","81","1","3","2","0","1","2","1","2","0"
"11863","82520","11863","21","3","1","7","6","1","0","2","2","0"
"11864","82547","11864","81","5","3","1","0","0","1","0","1","0"
"11865","82547","11865","51","1","1","7","5","1","0","1","2","0"
"11866","82548","7215","21","5","1","7","6","1","1","0","2","0"
"11867","82548","11867","52","5","1","4","6","0","2","1","1","0"
"11868","82548","11868","52","1","1","7","7","1","1","0","2","0"
"11869","82549","11869","81","5","1","1","7","0","1","1","1","0"
"11870","82551","11870","72","1","1","7","6","1","0","2","2","0"
"11871","82560","11871","72","1","1","7","6","0","1","1","1","0"
"11872","82572","11872","74","1","1","7","6","1","0","1","2","0"
"11873","82577","11873","52","5","1","1","6","3","0","0","3","2"
"11874","82610","2814","51","1","1","7","5","1","0","1","2","0"
"11875","82628","11875","11","1","1","7","2","1","0","1","2","0"
"11876","82629","11876","51","3","3","2","3","1","0","1","2","0"
"11877","82629","11877","22","1","1","7","6","0","1","1","1","0"
"11878","82629","11878","21","1","1","7","4","1","0","1","2","0"
"11879","82629","11879","71","1","1","7","6","1","0","1","2","0"
"11880","82630","11880","72","5","1","7","6","1","0","1","2","0"
"11881","82631","11881","64","1","1","7","4","1","0","2","2","0"
"11882","82664","11882","72","1","1","7","6","1","0","1","2","0"
"11883","82684","11883","52","5","1","7","0","1","0","2","3","2"
"11884","82685","11884","52","1","7","2","3","1","0","1","2","0"
"11885","82791","11885","81","1","1","7","6","0","3","1","1","0"
"11886","82791","11886","52","5","1","7","6","1","1","1","2","0"
"11887","82791","11887","21","1","1","7","6","3","2","0","2","0"
"11888","82791","11888","52","1","1","7","6","0","2","0","1","0"
"11889","82791","11889","21","1","1","1","4","1","1","0","2","0"
"11890","82791","11890","81","2","1","7","0","0","2","0","1","0"
"11891","83392","11891","72","3","1","7","6","0","0","1","3","0"
"11892","83394","11892","22","2","1","7","3","0","1","1","1","0"
"11893","83394","11893","52","1","2","2","6","1","2","0","2","0"
"11894","83394","11894","67","1","1","1","5","1","1","0","2","0"
"11895","83394","11895","13","1","1","7","5","0","1","1","1","0"
"11896","83414","11896","52","3","3","2","6","0","4","0","1","0"
"11897","83414","11897","86","1","1","7","6","0","1","0","1","0"
"11898","83414","11898","52","3","4","4","6","0","1","1","1","0"
"11899","83414","11899","32","2","1","7","6","1","0","1","2","0"
"11900","83415","11900","67","1","3","1","6","0","2","0","1","0"
"11901","83415","11901","51","1","1","7","6","0","1","1","1","0"
"11902","83415","11902","63","1","1","7","4","0","2","0","1","0"
"11903","83415","11903","72","1","1","7","6","0","1","1","1","0"
"11904","83415","11904","41","1","3","1","1","1","0","1","2","0"
"11905","83418","11905","52","1","1","7","6","0","1","1","1","0"
"11906","83420","11906","52","1","7","1","6","0","1","1","1","0"
"11907","83421","11907","52","3","3","1","0","0","4","0","1","0"
"11908","83422","11908","21","1","1","7","6","0","3","1","1","0"
"11909","83422","11909","22","1","3","1","7","1","0","0","2","0"
"11910","83422","11910","74","3","3","1","6","1","0","1","2","0"
"11911","83422","11911","81","1","1","7","6","0","2","0","1","0"
"11912","83436","11912","36","1","1","7","6","0","1","1","1","0"
"11913","83437","11913","64","1","1","1","3","0","1","1","1","0"
"11914","83439","11914","25","1","1","7","0","0","1","0","1","0"
"11915","83456","11915","22","1","1","7","3","0","4","1","1","0"
"11916","83459","11916","52","3","3","2","0","0","1","0","1","0"
"11917","83459","11917","52","3","1","4","0","1","0","0","2","0"
"11918","83459","11918","52","1","1","7","7","1","0","1","2","0"
"11919","83459","11919","52","1","1","7","6","0","1","1","1","0"
"11920","83459","11920","64","1","3","1","6","0","1","2","1","0"
"11921","83459","11921","81","3","3","1","6","2","0","1","2","0"
"11922","83459","11922","27","1","1","1","9","0","1","0","1","0"
"11923","83461","11923","81","5","1","7","6","0","1","1","1","0"
"11924","83462","11924","67","1","1","7","6","0","2","0","1","0"
"11925","83464","11925","21","3","1","1","6","1","1","0","2","0"
"11926","83472","11926","22","1","1","7","6","0","2","1","1","0"
"11927","83474","11927","73","1","1","7","7","0","0","1","3","0"
"11928","83479","11928","81","3","3","2","6","0","2","0","1","0"
"11929","83479","11929","28","3","3","2","0","0","1","0","1","0"
"11930","83482","11930","72","3","1","1","6","2","0","1","2","0"
"11931","83483","11931","52","1","1","7","0","0","1","0","1","0"
"11932","83493","11932","71","1","1","7","6","0","1","1","1","0"
"11933","83516","11933","72","1","1","7","6","1","0","1","2","0"
"11934","83550","11934","71","1","3","2","6","0","1","1","1","0"
"11935","83550","11935","64","1","3","2","6","0","1","1","1","0"
"11936","83564","11936","52","1","1","7","0","2","0","0","2","0"
"11937","83571","11937","82","4","6","1","6","1","0","1","2","0"
"11938","84165","11938","25","3","1","7","6","1","0","1","2","0"
"11939","84168","11939","21","5","1","7","7","0","3","2","1","0"
"11940","84168","11940","53","5","1","7","6","1","0","2","2","0"
"11941","84178","11941","52","1","1","7","0","1","0","0","2","0"
"11942","84190","11942","52","3","1","7","0","1","1","0","2","0"
"11943","84190","11943","52","5","3","2","6","1","0","1","2","0"
"11944","84803","11944","26","1","1","7","2","0","1","1","1","0"
"11945","84819","11945","52","1","1","7","0","1","0","0","2","0"
"11946","84834","11946","81","3","1","7","2","0","2","1","1","0"
"11947","84835","11947","52","1","1","7","7","0","1","0","1","0"
"11948","84835","11948","81","1","1","7","6","0","2","1","1","0"
"11949","84836","11949","21","1","1","7","6","0","2","1","1","0"
"11950","84859","11950","51","1","1","7","0","0","1","0","1","0"
"11951","84859","11951","21","3","1","7","6","0","1","3","1","0"
"11952","84859","11952","21","1","1","7","6","0","1","1","1","0"
"11953","84859","11953","51","3","1","7","3","1","0","1","2","0"
"11954","84882","11954","81","3","1","7","6","1","1","4","2","0"
"11955","84882","11955","72","1","1","7","6","0","1","1","1","0"
"11956","84892","11956","81","3","1","1","6","1","0","1","2","0"
"11957","84894","11957","52","3","1","7","0","0","1","1","1","0"
"11958","84894","11958","52","1","1","1","0","1","2","0","2","0"
"11959","84895","11959","52","1","1","7","0","0","1","0","1","0"
"11960","84895","11960","52","5","1","7","0","0","2","2","1","0"
"11961","84896","11961","52","1","1","7","0","1","0","0","2","0"
"11962","84955","11962","21","1","1","7","6","1","0","1","2","0"
"11963","85552","11963","21","1","1","7","4","0","1","1","1","0"
"11964","85612","11964","81","5","3","1","6","1","0","2","2","0"
"11965","90005","11454","71","3","1","7","6","0","1","1","1","0"
"11966","90009","11966","51","1","3","2","6","0","2","1","1","0"
"11967","90009","11967","81","5","1","7","6","1","0","0","2","0"
"11968","90012","11968","21","5","2","2","6","0","2","0","1","0"
"11969","90012","11969","52","5","4","3","6","4","0","1","2","0"
"11970","90012","11970","52","1","3","1","6","0","1","2","1","0"
"11971","90013","11971","21","1","1","7","6","3","1","0","2","0"
"11972","90013","11972","52","5","4","3","6","1","2","4","2","0"
"11973","90013","11973","74","5","1","7","4","1","0","1","2","0"
"11974","90017","11974","51","1","1","1","6","1","0","2","2","0"
"11975","90036","11975","61","2","1","7","3","1","0","1","2","0"
"11976","90037","11976","25","1","1","7","6","0","1","1","1","0"
"11977","90040","11977","81","3","1","7","6","0","3","0","1","0"
"11978","90041","11978","72","3","6","1","6","0","0","2","3","0"
"11979","90042","11979","52","3","1","7","0","1","0","0","2","0"