"accident_id","lieu_id","date_id","cause_id","lum_id","intemp_id","etat_surface_id","impliq_id","nb_blesses_graves","nb_blesses_legers","nb_indemnes","gravite","nb_morts"
"12424","90848","12424","81","5","1","7","0","1","0","1","2","0"
"12425","90850","12425","72","1","1","7","6","0","1","1","1","0"
"12426","90853","12426","81","5","3","1","0","0","1","0","1","0"
"12427","90856","12427","81","5","1","7","9","0","0","1","3","0"
"12428","90861","12428","63","1","1","7","6","0","1","1","1","0"
"12429","90861","12429","52","1","1","7","0","0","0","0","3","0"
"12430","90861","12430","52","1","1","7","6","0","1","1","1","0"
"12431","90861","12431","64","1","1","1","3","0","1","1","1","0"
"12432","90864","12432","26","2","1","7","2","1","0","1","2","0"
"12433","90870","12433","32","1","1","1","6","0","1","1","1","0"
"12434","90874","12434","52","1","1","7","0","0","1","0","1","0"
"12435","90880","12435","11","1","1","7","5","0","2","1","1","0"
"12436","90882","12436","52","1","1","7","0","1","2","1","2","0"
"12437","90882","12437","52","1","1","7","6","1","2","0","2","0"
"12438","90882","12438","52","1","3","2","4","3","0","1","2","0"
"12439","90882","12439","35","1","1","7","4","0","1","1","1","0"
"12440","66667304","12440","31","1","1","7","6","0","1","1","1","0"
"12441","67642304","12441","17","1","1","7","2","1","0","4","2","0"
"12442","67642304","12442","71","2","6","1","6","1","0","1","2","0"
"12443","67642401","12443","16","1","1","7","6","0","1","1","1","0"
"12444","67642401","12444","16","1","1","7","6","0","1","1","1","0"
"12445","67642401","12445","19","3","1","2","6","1","0","1","2","0"
"12446","67642401","12446","17","1","1","7","2","1","0","1","2","0"
"12447","67642401","12447","11","1","1","7","6","0","1","1","1","0"
"12448","67642403","12448","17","1","1","7","2","1","0","1","2","0"
"12449","67642403","12449","17","3","3","1","2","0","1","2","1","0"
"12450","67642409","12450","81","1","1","7","2","1","0","2","2","0"
"12451","67642412","12451","11","1","1","7","2","1","0","1","2","0"
"12452","67642512","12452","18","1","1","7","6","1","0","1","2","0"
"12453","67642512","12453","11","3","3","2","6","1","0","4","2","0"
"12454","67642512","12454","14","5","1","7","6","1","1","3","2","0"
"12455","67642512","12455","14","3","1","7","6","1","0","2","2","0"
"12456","67642513","12456","17","1","2","1","2","1","0","1","2","0"
"12457","67642513","12457","17","3","1","1","2","1","0","1","2","0"
"12458","67643311","12458","13","3","1","7","3","1","0","1","2","0"
"12459","67643402","12459","13","3","3","2","4","0","1","1","1","0"
"12460","67643402","12460","31","1","1","7","4","0","1","1","1","0"
"12461","67643405","12461","13","1","1","1","3","0","1","1","1","0"
"12462","67643407","12462","31","1","3","2","6","1","0","1","2","0"
"12463","67643503","12463","81","3","1","2","6","0","4","3","1","0"
"12464","67643503","12464","11","1","1","7","6","1","0","1","2","0"
"12465","67643503","12465","11","1","1","7","4","0","1","0","3","0"
"12466","67643506","12466","11","1","1","7","4","0","2","0","1","0"
"12467","67643507","12467","14","3","1","7","6","0","6","2","1","0"
"12468","67644501","12468","51","3","4","3","2","0","1","1","1","0"
"12469","67644501","12469","23","3","3","1","5","0","1","1","1","0"
"12470","67644507","12470","17","3","1","7","2","1","0","1","2","0"
"12471","67644511","12471","51","1","1","7","6","0","1","4","1","0"
"12472","67645502","12472","51","1","1","7","3","0","1","1","1","0"
"12473","67645503","12473","17","1","1","7","1","1","0","1","2","0"
"12474","67645503","12474","61","1","1","7","2","2","0","1","2","0"
"12475","67645503","12475","64","1","1","7","6","1","0","1","2","0"
"12476","67645503","12476","17","1","3","2","2","0","1","1","1","0"
"12477","67645503","12477","52","5","3","1","0","0","3","1","1","0"
"12478","67651302","12478","16","3","3","1","6","2","0","3","2","0"
"12479","67651303","12479","81","3","1","7","6","0","1","3","1","0"
"12480","67652107","12480","16","3","1","7","4","1","0","2","2","0"
"12481","67652108","12481","71","1","1","7","6","0","1","1","1","0"
"12482","67653107","12482","13","1","1","7","6","0","1","1","1","0"
"12483","67653107","12483","13","1","1","7","6","1","1","0","2","0"
"12484","67653107","12484","13","1","3","1","6","1","0","1","2","0"
"12485","67653107","12485","71","1","1","7","8","0","1","1","1","0"
"12486","67653107","12486","13","3","1","7","4","0","1","1","1","0"
"12487","67653204","12487","14","1","1","7","6","1","0","2","2","0"
"12488","67653304","12488","13","1","3","2","4","1","0","2","2","0"
"12489","67653304","12489","19","1","1","7","3","0","1","1","1","0"
"12490","67654401","10558","13","1","1","7","6","1","0","4","2","0"
"12491","67654401","12491","13","1","1","7","6","1","1","0","2","0"
"12492","67654401","12492","13","1","3","2","6","0","1","4","1","0"
"12493","67654401","12493","13","2","1","7","6","1","0","4","2","0"
"12494","67654410","12494","16","1","1","7","6","1","0","2","2","0"
"12495","67656205","12495","11","1","1","7","6","0","1","2","1","0"
"12496","67656205","12496","81","1","1","7","6","0","2","7","1","0"
"12497","67656205","12497","71","1","1","7","6","0","1","1","1","0"
"12498","67657105","12498","16","1","1","7","6","0","1","1","1","0"
"12499","67657105","12499","18","1","1","7","6","0","1","1","1","0"
"12500","67657403","12500","52","1","7","1","2","1","0","1","2","0"
"12501","67657403","12501","13","1","1","7","7","1","0","1","2","0"
"12502","68642408","12502","52","5","1","7","0","0","1","0","1","0"
"12503","68651502","12503","17","1","1","7","4","1","1","0","2","0"
"12504","68651508","12504","81","1","1","7","4","1","0","1","2","0"
"12505","68655505","12505","19","5","1","7","5","2","0","1","2","0"
"12506","68656102","12506","13","1","1","7","6","1","4","2","2","0"
"12507","68656102","12507","13","1","1","7","6","0","2","1","1","0"
"12508","68656102","12508","13","5","1","7","6","1","0","1","2","0"
"12509","68656102","12509","13","1","1","7","6","3","0","0","2","0"
"12510","68656102","12510","13","1","1","7","7","0","0","1","3","0"
"12511","68656102","12511","13","5","1","7","6","1","4","0","2","0"
"12512","68656102","12512","13","5","1","7","6","0","1","1","1","0"
"12513","68656102","12513","13","5","6","7","6","0","3","0","1","0"
"12514","68656102","12514","13","1","6","7","6","2","0","0","2","0"
"12515","68656102","12515","13","1","1","7","6","2","0","0","2","0"
"12516","68656102","12516","13","1","1","7","6","1","1","1","2","0"
"12517","68656102","12517","16","1","1","7","6","0","4","1","1","0"
"12518","68656102","12518","16","5","1","7","6","1","1","3","2","0"
"12519","68656102","12519","13","5","1","7","6","0","3","0","1","0"
"12520","68656102","12520","16","5","1","7","6","1","0","3","2","0"
"12521","68656102","12521","72","5","1","7","6","1","0","1","2","0"
"12522","68656104","12522","81","3","1","7","0","1","0","0","2","0"
"12523","68657505","12523","31","1","1","7","6","0","1","1","1","0"
"12524","68662310","12524","52","1","1","7","0","0","1","0","1","0"
"12525","68662310","12525","16","1","6","7","6","1","0","1","2","0"
"12526","68662310","12526","16","3","1","7","6","0","4","0","1","0"
"12527","68662310","12527","16","3","1","7","6","1","1","0","2","0"
"12528","68662402","12528","19","3","1","7","6","1","1","0","2","0"
"12529","68662402","12529","16","3","1","7","6","0","0","1","3","0"
"12530","68667103","12530","52","1","1","7","7","0","0","1","3","0"
"12531","68676505","12531","16","1","1","7","6","2","0","1","2","0"
"12532","68676505","12532","13","3","1","7","6","0","2","2","1","0"
"12533","68692404","12533","13","1","1","7","6","0","1","4","1","0"
"12534","68802303","12534","81","1","1","2","6","0","2","2","1","0"
"12535","68802303","12535","21","5","3","2","6","1","1","0","2","0"
"12536","68805504","12536","14","3","2","2","6","0","2","0","1","0"
"12537","68807503","12537","13","1","1","7","5","2","0","0","2","0"
"12538","68807507","12538","51","1","1","7","5","0","2","1","1","0"
"12539","68807507","12539","16","3","1","7","4","0","1","1","1","0"
"12540","69684302","12540","64","5","1","7","6","1","0","1","2","0"
"12541","69696111","12541","81","5","1","7","5","1","3","2","2","0"
"12542","69696111","12542","13","3","1","7","6","0","2","3","1","0"
"12543","69696111","12543","13","1","1","7","6","0","2","6","1","0"
"12544","69696111","12544","13","1","1","7","6","0","1","2","1","0"
"12545","69696111","12545","13","1","1","2","6","0","1","1","1","0"
"12546","69696111","12546","16","1","1","7","6","0","3","0","1","0"
"12547","69696111","12547","13","1","2","1","6","0","2","2","1","0"
"12548","69696111","12548","13","1","1","7","6","1","1","0","2","0"
"12549","69705107","12549","16","1","3","1","5","1","0","1","2","0"
"12550","69784404","12550","16","1","1","7","6","1","0","1","2","0"
"12551","69801404","12551","14","1","1","7","3","1","0","1","2","0"
"12552","69804503","12552","16","1","1","2","6","0","1","1","1","0"
"12553","69812106","12553","13","1","1","7","6","1","1","1","2","0"
"12554","69812106","12554","16","3","1","7","4","2","0","4","2","0"
"12555","69812106","12555","16","1","1","7","6","1","0","2","2","0"
"12556","69812106","12556","17","3","1","7","2","1","0","1","2","0"
"12557","69812106","12557","17","1","1","2","2","1","0","1","2","0"
"12558","69812106","12558","13","1","1","7","4","0","1","1","1","0"
"12559","69813105","12559","52","3","1","7","6","1","0","2","2","0"
"12560","69813207","12560","17","1","1","7","2","0","1","1","1","0"
"12561","69813207","12561","17","1","1","7","1","1","0","1","2","0"
"12562","69813207","12562","16","1","1","7","4","1","0","1","2","0"
"12563","69815114","12563","81","3","1","7","6","2","0","0","2","0"
"12564","69815114","12564","11","1","1","7","6","1","0","1","2","0"
"12565","70655205","12565","31","5","1","7","7","1","0","1","2","0"
"12566","70657301","12566","13","1","1","2","6","0","1","1","1","0"
"12567","70673201","12567","81","3","7","2","4","0","1","1","1","0"
"12568","70673201","12568","14","1","1","7","6","1","0","2","2","0"
"12569","70674402","12569","81","1","1","7","4","0","1","1","1","0"
"12570","70692310","12570","71","1","1","7","6","1","0","1","2","0"
"12571","70692310","12571","19","1","1","7","6","0","0","1","3","0"
"12572","70706103","12572","52","1","1","7","6","0","1","4","1","0"
"12573","70706103","12573","11","1","1","7","6","0","0","1","3","0"
"12574","70706103","12574","18","3","1","7","6","0","3","4","1","0"
"12575","70706103","12575","51","1","1","7","6","0","1","1","1","0"
"12576","70706103","12576","12","1","1","7","6","0","3","6","1","0"
"12577","70706103","12577","11","3","1","7","6","1","3","0","2","0"
"12578","70706103","12158","51","1","1","7","6","1","0","1","2","0"
"12579","70706103","12579","51","3","1","7","6","1","0","2","2","0"
"12580","70706103","12580","19","1","1","7","6","0","1","1","1","0"
"12581","70706103","12581","11","1","1","7","6","1","1","3","2","0"
"12582","70706103","12582","11","1","2","1","6","1","2","3","2","0"
"12583","70706103","12583","51","1","6","7","6","0","1","5","1","0"
"12584","70706103","12584","11","1","1","7","6","0","2","0","1","0"
"12585","70804203","12585","51","3","1","1","6","0","1","3","1","0"
"12586","70804410","12586","24","1","1","7","1","1","0","1","2","0"
"12587","70804410","12587","31","1","1","7","4","0","2","1","1","0"
"12588","70805502","12588","31","1","1","7","3","0","1","1","1","0"
"12589","70805503","12589","71","3","1","7","6","1","0","1","2","0"
"12590","70811405","12590","71","3","1","7","6","0","1","1","3","0"
"12591","70812402","12591","81","1","1","7","5","0","1","3","1","0"
"12592","70812508","12592","17","1","1","7","1","0","1","1","1","0"
"12593","70812510","12593","13","3","3","2","6","1","0","1","2","0"
"12594","70812510","12594","13","1","1","7","3","0","1","1","1","0"
"12595","70812510","12595","17","1","1","7","2","0","1","1","1","0"
"12596","70812510","12596","13","1","1","7","3","0","2","1","1","0"
"12597","70812510","12597","13","1","1","7","3","0","2","1","1","0"
"12598","70812510","12598","13","2","1","7","4","0","1","1","1","0"
"12599","70813404","12599","17","3","1","1","2","0","1","1","1","0"
"12600","70813505","12600","51","1","3","1","6","0","3","0","1","0"
"12601","70813505","12601","13","1","1","7","5","1","0","1","2","0"
"12602","70814503","12602","51","1","1","7","3","0","1","1","1","0"
"12603","70814503","12603","72","1","1","7","6","1","0","1","2","0"
"12604","70814505","12604","14","1","1","7","7","2","0","1","2","0"
"12605","70814505","12605","14","3","1","7","7","1","0","2","2","0"
"12606","70814505","12606","14","1","3","2","6","1","0","1","2","0"
"12607","70814505","12607","14","1","2","2","6","0","2","2","1","0"
"12608","70814505","12608","14","1","1","7","4","0","1","1","1","0"
"12609","70814505","12609","13","1","1","7","3","0","1","1","1","0"
"12610","70814505","12610","13","1","2","2","4","1","0","1","2","0"
"12611","70814505","12611","13","1","1","7","4","0","1","1","1","0"
"12612","70814505","12612","13","1","1","7","6","0","1","1","1","0"
"12613","70814505","12613","13","1","1","7","6","1","0","1","2","0"
"12614","70814505","12614","13","1","1","7","7","0","3","0","1","0"
"12615","70814505","12615","13","1","1","7","6","0","2","1","1","0"
"12616","70814505","12616","13","1","3","1","6","0","2","0","1","0"
"12617","70814505","12617","13","1","3","1","6","0","1","1","1","0"
"12618","70814505","12618","13","1","1","1","6","1","0","1","2","0"
"12619","70814505","12619","16","1","1","7","6","0","1","1","1","0"
"12620","70814505","12620","13","1","1","7","3","0","1","1","1","0"
"12621","70815507","12621","71","3","1","1","6","0","0","1","3","0"
"12622","70816102","12622","71","2","1","7","6","0","1","1","1","0"
"12623","70816102","12623","71","1","1","7","6","1","0","1","2","0"
"12624","70816105","12624","81","1","1","7","6","0","2","1","1","0"
"12625","70816105","12625","52","1","3","1","7","0","1","2","1","0"
"12626","70816201","12626","51","1","1","7","6","1","0","1","2","0"
"12627","70816201","12627","14","3","1","7","6","1","0","1","2","0"
"12628","70816201","12628","19","1","1","7","6","0","2","2","1","0"
"12629","70816303","12629","17","3","3","2","2","0","1","1","1","0"
"12630","70816303","12630","17","3","1","7","2","1","0","1","2","0"
"12631","70816303","12631","13","1","3","2","6","0","3","1","1","0"
"12632","70816303","12632","17","3","1","7","2","0","1","1","1","0"
"12633","70816303","12633","17","3","1","7","2","0","1","1","1","0"
"12634","70816303","12634","13","1","1","7","5","0","1","1","1","0"
"12635","70816303","12635","13","1","1","7","8","1","0","1","2","0"
"12636","70816303","12636","85","3","1","7","6","0","1","1","1","0"
"12637","70816305","12637","17","1","3","1","2","0","1","1","1","0"
"12638","70816406","12638","85","3","1","7","6","1","0","1","2","0"
"12639","70816410","12639","14","3","1","7","6","0","1","1","1","0"
"12640","70816410","12640","14","1","3","1","6","1","1","0","2","0"
"12641","70816503","12641","14","1","1","7","6","1","0","2","2","0"
"12642","70816503","12642","14","1","1","7","6","0","1","1","1","0"
"12643","70816503","12643","31","3","1","7","6","0","2","0","1","0"
"12644","70816503","12644","13","1","1","7","5","1","0","1","2","0"
"12645","70816506","12645","14","3","3","2","6","1","5","0","2","0"
"12646","70817105","12646","65","1","1","7","3","0","1","1","1","0"
"12647","70817105","12647","16","3","3","1","6","1","0","1","2","0"
"12648","70817303","12648","17","3","1","7","2","0","1","1","1","0"
"12649","70817405","12649","17","1","1","7","2","0","1","1","1","0"
"12650","70817405","12650","17","1","1","7","1","1","0","1","2","0"
"12651","70817405","12651","21","1","1","7","6","0","1","1","1","0"
"12652","70817406","12652","71","1","1","7","6","0","1","1","1","0"
"12653","70817406","12653","14","3","1","7","6","0","2","0","1","0"
"12654","70817406","12654","14","3","1","7","6","0","7","0","1","0"
"12655","70817406","12655","14","1","1","7","4","0","1","1","1","0"
"12656","70817406","12656","81","3","1","7","6","0","1","0","1","0"
"12657","70817406","12657","17","1","1","7","2","1","0","1","2","0"
"12658","70817406","12658","35","1","1","7","3","0","1","1","1","0"
"12659","70817410","12659","51","3","1","7","6","0","1","1","1","0"
"12660","70817410","12660","17","1","1","7","2","0","1","1","1","0"
"12661","70817410","12661","11","3","1","7","6","0","1","1","1","0"
"12662","70817410","12662","72","1","1","7","6","1","0","1","2","0"
"12663","70817410","12663","42","1","1","7","2","0","1","1","1","0"
"12664","70817410","12664","11","2","1","7","2","0","1","1","1","0"
"12665","70817501","12665","14","1","1","7","6","1","0","1","2","0"
"12666","70817504","12666","72","3","1","7","6","1","0","1","2","0"
"12667","70821106","12667","63","1","1","7","5","2","1","0","2","0"
"12668","70821110","12668","81","3","1","7","6","1","1","0","2","0"
"12669","70821110","12669","81","3","1","7","6","0","1","2","1","0"
"12670","70823102","12670","13","3","1","1","6","1","3","0","2","0"
"12671","70823102","12671","35","1","2","1","3","0","1","1","1","0"
"12672","70823102","12672","35","1","1","7","3","1","0","1","2","0"
"12673","70823301","12673","52","1","1","7","5","1","0","1","2","0"
"12674","70824402","12674","19","1","1","7","6","0","0","1","3","0"
"12675","70824501","11725","16","2","1","7","6","0","1","1","1","0"
"12676","70824501","12676","19","1","1","7","4","1","0","1","2","0"
"12677","70824501","12677","13","3","1","7","4","0","1","1","1","0"
"12678","70824501","12678","51","1","1","7","3","0","1","1","1","0"
"12679","70824501","12679","81","1","1","7","7","0","1","1","1","0"
"12680","70824501","12680","16","3","1","7","6","0","1","1","1","0"
"12681","70824501","12681","99","1","1","7","4","1","0","1","2","0"
"12682","70824501","12682","81","1","1","7","3","0","1","1","1","0"
"12683","70825104","12683","71","2","1","7","6","1","0","1","2","0"
"12684","70825203","12684","31","1","1","7","6","0","1","1","1","0"
"12685","70825203","12685","12","1","1","7","2","0","1","1","1","0"
"12686","70825206","12686","17","5","3","1","2","1","0","1","2","0"
"12687","70825401","12687","63","1","1","7","4","0","1","2","1","0"
"12688","70825401","12688","17","3","3","2","2","0","1","3","1","0"
"12689","70825401","12689","35","1","1","7","4","0","1","1","1","0"
"12690","70825401","12690","72","1","3","1","6","0","1","1","1","0"
"12691","70825401","12691","35","1","1","7","5","1","0","1","2","0"
"12692","70825404","12692","71","3","3","2","6","1","0","1","2","0"
"12693","70825404","12693","18","1","1","7","5","1","0","1","2","0"
"12694","70825404","12694","19","3","1","7","5","1","0","3","2","0"
"12695","70825404","12695","17","2","1","7","2","1","0","1","2","0"
"12696","70825404","12696","71","1","1","7","6","1","0","1","2","0"
"12697","70825404","12697","19","1","1","7","4","1","0","1","2","0"
"12698","70825506","12698","14","1","1","7","6","0","1","1","1","0"
"12699","70825510","12699","14","3","1","7","4","0","1","4","1","0"
"12700","70825510","6609","14","1","1","7","6","0","1","1","1","0"
"12701","70825510","12701","14","1","1","7","6","1","0","1","2","0"
"12702","70825510","12702","14","1","1","7","6","0","1","1","1","0"
"12703","70826105","12703","81","1","3","2","6","0","2","1","1","0"
"12704","70826105","12704","14","1","1","7","6","0","2","0","1","0"
"12705","70826202","12705","17","1","1","7","1","1","0","1","2","0"
"12706","70826301","12706","53","1","1","7","4","0","1","1","1","0"
"12707","70826301","12707","81","3","1","7","6","1","0","1","2","0"
"12708","70826301","12708","19","5","1","7","5","0","1","1","1","0"
"12709","70826301","12709","19","1","1","7","4","0","1","1","1","0"
"12710","70826303","12710","51","1","1","7","3","1","0","1","2","0"
"12711","70826303","12711","16","3","3","1","3","0","1","1","1","0"
"12712","70826303","12712","13","3","1","7","3","0","1","1","1","0"
"12713","70826305","12713","72","1","1","7","6","1","0","1","2","0"
"12714","70826305","12714","25","3","1","7","6","1","0","1","2","0"
"12715","70826305","12715","81","1","1","7","6","2","0","1","2","0"
"12716","70826308","12716","71","1","1","7","6","1","0","1","2","0"
"12717","70826311","12717","52","3","1","7","0","1","0","0","3","0"
"12718","70826402","12718","13","3","1","7","6","0","1","1","1","0"
"12719","70826402","12719","17","1","1","7","2","1","0","1","2","0"
"12720","70826402","12720","51","1","1","7","3","0","1","1","1","0"
"12721","70826402","12721","17","3","3","1","2","1","0","1","2","0"
"12722","70826402","12722","86","2","3","1","2","1","0","1","2","0"
"12723","70826402","12723","17","1","1","7","2","0","1","1","1","0"
"12724","70827103","12724","51","1","1","7","3","1","0","1","2","0"
"12725","70827103","12725","16","1","1","7","4","1","0","1","2","0"
"12726","70827103","12726","11","1","1","7","6","0","1","2","1","0"
"12727","70827103","12727","16","1","1","7","6","1","0","1","2","0"
"12728","70827103","12728","11","3","1","7","6","0","2","2","1","0"
"12729","70827103","12729","11","1","1","7","6","1","0","1","2","0"
"12730","70827103","12730","11","1","1","7","4","0","1","1","1","0"
"12731","70827103","12731","31","1","1","7","6","0","1","1","1","0"
"12732","70827103","12732","11","3","1","7","6","2","2","0","2","0"
"12733","70827107","12733","72","3","1","7","6","0","0","1","3","0"
"12734","70827107","12734","13","2","6","7","5","0","1","1","1","0"
"12735","70827203","12735","16","3","1","7","4","1","0","1","2","0"
"12736","70827214","12736","16","1","1","7","3","0","1","1","1","0"
"12737","70827305","12737","11","1","1","7","6","0","1","1","1","0"
"12738","70827305","12738","17","1","1","7","2","1","0","1","2","0"
"12739","70827305","12739","35","1","1","7","3","1","0","1","2","0"
"12740","70827305","12740","18","1","1","7","6","0","1","1","1","0"
"12741","70827305","12741","17","1","1","7","2","1","0","1","2","0"
"12742","70827305","12742","16","3","2","1","6","0","3","0","1","0"
"12743","70827305","12743","51","1","3","1","7","0","0","1","3","0"
"12744","70827307","12744","72","2","1","7","4","0","1","1","1","0"
"12745","70827307","12745","19","1","3","2","4","0","1","1","1","0"
"12746","70827307","12746","16","2","1","7","4","0","1","1","1","0"
"12747","70827307","12747","14","1","1","7","4","0","1","1","1","0"
"12748","70827308","12748","52","3","3","2","0","0","2","1","1","0"
"12749","70827308","12749","31","1","1","7","4","0","1","1","1","0"
"12750","70827312","12750","16","3","1","7","4","1","1","1","2","0"
"12751","70827312","12751","16","2","1","7","3","0","1","1","1","0"
"12752","70827401","9277","14","1","1","7","4","1","0","1","2","0"
"12753","70827401","12753","32","1","1","7","6","0","1","1","1","0"
"12754","70827401","12754","14","1","1","7","6","1","0","6","2","0"
"12755","70827401","12755","14","1","3","2","6","0","1","6","1","0"
"12756","70827401","7509","14","1","1","7","3","1","0","1","2","0"
"12757","70827401","12757","14","3","1","7","6","0","1","0","3","0"
"12758","70827401","12758","13","4","1","7","6","1","0","1","2","0"
"12759","70827401","12759","16","1","1","7","4","0","1","1","1","0"
"12760","70827401","12760","13","1","3","1","6","0","2","1","1","0"
"12761","70827401","12761","17","3","1","7","2","0","1","1","1","0"
"12762","70827401","12762","17","1","1","7","2","0","0","1","3","0"
"12763","70827401","12763","81","3","1","7","6","0","2","0","1","0"
"12764","70827401","12764","13","1","1","7","4","0","1","1","1","0"
"12765","70827401","12765","17","1","1","7","2","0","1","1","1","0"
"12766","70827403","12766","19","1","1","7","5","1","0","1","2","0"
"12767","70827404","12767","21","3","1","7","3","0","1","1","1","0"
"12768","70827405","12768","13","3","1","7","6","0","1","1","1","0"
"12769","70836102","12769","14","1","1","7","5","0","1","1","1","0"
"12770","71686404","12770","13","1","1","7","6","1","0","1","2","0"
"12771","71693306","12771","16","1","1","7","6","2","0","0","2","0"
"12772","71693306","12772","16","1","1","7","5","1","0","2","2","0"
"12773","71695104","12773","21","1","1","7","7","0","1","1","1","0"
"12774","71695104","12774","86","1","1","1","9","0","1","3","1","0"
"12775","71695105","12775","13","1","1","7","8","1","0","1","2","0"
"12776","71695105","12776","13","1","1","7","4","0","1","1","1","0"
"12777","71703401","12777","11","3","1","7","2","0","0","1","3","0"
"12778","71703401","12778","15","1","1","7","6","1","0","2","2","0"
"12779","71704402","12779","51","1","1","7","2","0","2","1","1","0"
"12780","71706404","12780","21","2","1","7","6","0","1","1","1","0"
"12781","71785503","12781","14","5","1","2","6","2","4","0","2","0"
"12782","71785503","12782","52","1","1","7","0","1","0","1","2","0"
"12783","71785503","12783","14","1","3","2","6","0","2","1","1","0"
"12784","71796104","12784","16","1","1","7","6","1","0","1","2","0"
"12785","71797204","12785","19","1","1","7","6","3","1","0","2","0"
"12786","71797213","12786","19","1","1","7","6","1","0","3","2","0"
"12787","71797213","12787","51","1","1","7","6","0","1","1","1","0"
"12788","71797403","12788","13","1","1","1","6","0","2","0","1","0"
"12789","71797403","12789","13","3","1","7","6","0","3","0","1","0"
"12790","71803303","12790","71","1","1","7","6","0","1","1","1","0"
"12791","71804302","12791","14","1","3","2","6","0","1","3","1","0"
"12792","71805406","12792","72","1","1","7","6","0","1","1","1","0"
"12793","71805408","12793","16","1","1","7","6","1","0","1","2","0"
"12794","71805408","12794","72","1","1","7","6","1","0","1","2","0"
"12795","71806402","12795","17","1","1","7","4","1","0","1","2","0"
"12796","71806404","12796","13","1","3","2","6","1","0","2","2","0"
"12797","71806404","10475","13","1","1","7","6","0","1","1","1","0"
"12798","71806404","12798","17","1","1","7","4","0","1","1","1","0"
"12799","71806404","12799","81","3","1","7","2","0","1","1","1","0"
"12800","71806404","12800","17","1","3","1","2","0","1","1","1","0"
"12801","71806404","12801","17","1","1","7","4","1","0","1","2","0"
"12802","71806405","12802","42","1","4","4","6","0","1","2","1","0"
"12803","71807306","12803","64","1","1","7","6","1","0","1","2","0"
"12804","71811404","12804","14","1","3","2","6","0","1","1","1","0"
"12805","71811404","12805","81","3","1","7","6","0","1","2","1","0"
"12806","71811404","12806","14","1","6","1","4","0","1","1","1","0"
"12807","71811404","12807","16","1","1","7","6","0","1","1","1","0"
"12808","71811408","12808","51","1","1","7","3","0","1","1","1","0"
"12809","71811410","12809","71","1","1","7","6","1","0","1","2","0"
"12810","71811410","12810","17","1","3","2","2","1","0","1","2","0"
"12811","71811410","12811","13","1","1","7","4","0","1","1","1","0"
"12812","71811410","12812","81","3","1","7","2","0","1","1","1","0"
"12813","71811410","12813","71","3","1","7","6","0","1","1","1","0"
"12814","71811410","12814","73","3","1","7","6","0","1","1","1","0"
"12815","71811504","12815","71","1","3","2","6","0","1","1","1","0"
"12816","71811504","12816","21","1","1","7","6","0","1","1","1","0"
"12817","71811504","12817","17","1","1","7","2","1","0","1","2","0"
"12818","71811505","12818","51","1","1","7","6","0","2","2","1","0"
"12819","71811508","12819","31","1","1","7","6","0","1","1","1","0"
"12820","71811508","12820","71","1","1","7","6","1","0","1","2","0"
"12821","71811508","12821","14","1","1","7","6","1","0","2","2","0"
"12822","71811508","12822","63","1","1","7","4","0","0","2","0","0"
"12823","71812204","12823","16","3","3","2","4","1","0","1","2","0"
"12824","71812406","12824","16","1","1","7","4","0","1","1","1","0"
"12825","71812409","12825","21","3","3","2","6","1","0","1","2","0"
"12826","71812410","12826","17","1","1","7","2","1","0","1","2","0"
"12827","71812410","12827","17","1","3","1","2","0","1","1","1","0"
"12828","71812410","12828","52","3","1","7","6","1","1","1","2","0"
"12829","71812502","12829","17","1","1","7","2","1","0","1","2","0"
"12830","71812502","12830","71","1","1","7","6","0","1","1","1","0"
"12831","71812503","12831","72","1","1","7","6","1","0","1","2","0"
"12832","71812505","12832","19","1","1","7","4","1","0","1","2","0"
"12833","71813207","12833","51","1","1","7","4","0","1","1","1","0"
"12834","71813305","12834","20","1","1","7","3","0","1","2","1","0"
"12835","71813305","12835","19","1","3","1","6","1","0","1","2","0"
"12836","71813305","12836","20","1","1","7","2","0","1","1","1","0"
"12837","71813305","12837","17","1","1","7","4","1","1","1","2","0"
"12838","71813305","12838","16","1","1","7","5","0","2","0","1","0"
"12839","71813401","12839","19","1","1","7","5","0","1","1","1","0"
"12840","71813402","12840","17","3","1","7","2","1","0","1","2","0"
"12841","71813406","12841","18","3","1","7","6","0","4","2","1","0"
"12842","71813406","12842","14","1","3","2","6","0","1","5","1","0"
"12843","71813406","12843","14","1","1","7","4","1","0","1","2","0"
"12844","71813406","12844","19","2","1","7","6","0","1","1","1","0"
"12845","71813406","12845","19","1","1","7","4","1","0","1","2","0"
"12846","71813406","12846","19","1","1","7","6","0","1","1","1","0"
"12847","71813406","12847","19","1","1","7","4","1","0","1","2","0"
"12848","71813406","12848","19","1","1","7","4","0","1","1","1","0"