"accident_id","lieu_id","date_id","cause_id","lum_id","intemp_id","etat_surface_id","impliq_id","nb_blesses_graves","nb_blesses_legers","nb_indemnes","gravite","nb_morts"
"12849","71813406","390","51","1","1","7","6","0","1","2","1","0"
"12850","71813406","12850","81","3","1","7","2","1","0","1","2","0"
"12851","71813406","12851","19","1","1","7","4","1","0","1","2","0"
"12852","71813406","12852","19","1","1","7","4","1","0","1","2","0"
"12853","71813406","12853","19","1","1","7","3","0","1","1","1","0"
"12854","71813406","3430","19","2","1","7","4","0","1","1","1","0"
"12855","71813406","12855","19","3","1","7","4","0","1","1","1","0"
"12856","71813406","12856","19","1","1","7","3","0","1","1","1","0"
"12857","71813406","12857","19","3","1","7","6","0","1","0","1","0"
"12858","71813501","12858","14","1","1","7","4","0","1","1","1","0"
"12859","71814104","12859","52","2","1","7","0","3","0","0","2","0"
"12860","71814104","12860","17","1","1","7","2","0","1","1","1","0"
"12861","71814104","12861","52","1","6","2","4","1","4","0","2","0"
"12862","71814104","12862","51","1","1","7","6","0","1","2","1","0"
"12863","71814104","12863","17","1","1","7","2","1","0","1","2","0"
"12864","71814104","12864","11","3","1","7","6","0","1","1","1","0"
"12865","71814501","12865","17","1","1","7","2","0","1","1","1","0"
"12866","71814501","6190","17","1","1","2","1","2","0","1","2","0"
"12867","71814501","12867","17","1","1","7","1","1","0","1","2","0"
"12868","71814506","12868","19","1","1","7","6","1","0","1","2","0"
"12869","71814509","12869","25","3","1","7","0","1","0","0","2","0"
"12870","71814509","12870","52","3","1","7","0","1","4","0","2","0"
"12871","71814510","12871","71","3","2","2","6","0","1","1","1","0"
"12872","71814510","12872","52","3","3","2","3","1","0","1","2","0"
"12873","71814510","12873","71","1","1","7","6","0","1","1","1","0"
"12874","71814510","12874","16","3","3","2","6","1","0","1","2","0"
"12875","71814510","12875","52","3","1","7","0","0","1","0","1","0"
"12876","71814510","12876","17","3","1","7","2","0","1","1","1","0"
"12877","71814510","12877","17","3","3","2","2","0","2","1","1","0"
"12878","71814510","12878","17","1","1","7","2","1","0","1","2","0"
"12879","71816503","12879","14","1","3","1","3","0","1","1","1","0"
"12880","71816504","12880","72","1","1","7","6","1","0","1","2","0"
"12881","71817505","12881","32","1","1","7","6","0","1","1","1","0"
"12882","71821104","12882","16","1","3","2","4","0","1","1","1","0"
"12883","71821104","12883","71","3","3","2","6","1","0","1","2","0"
"12884","71821104","12884","14","1","2","2","6","0","1","1","1","0"
"12885","71821104","12885","51","1","7","7","6","0","1","1","1","0"
"12886","71821104","12886","71","1","1","7","6","1","0","1","2","0"
"12887","71821106","12887","16","1","1","7","4","0","1","1","1","0"
"12888","71821106","12888","12","1","1","7","6","0","1","2","1","0"
"12889","71821106","12889","14","1","3","2","3","0","1","1","1","0"
"12890","71821106","12890","17","1","1","7","2","0","2","1","1","0"
"12891","71821106","12891","17","1","1","7","2","0","1","1","1","0"
"12892","71821106","12892","24","3","2","2","3","1","0","1","2","0"
"12893","71821106","12893","16","3","1","7","4","1","0","1","2","0"
"12894","71821106","12894","17","1","1","7","2","0","1","1","1","0"
"12895","71821106","12895","71","3","2","1","6","1","0","1","2","0"
"12896","71821106","12896","11","1","1","7","3","0","1","1","1","0"
"12897","71821106","12897","11","3","1","1","2","1","0","1","2","0"
"12898","71821107","12898","17","1","3","7","2","0","1","1","1","0"
"12899","71821107","12899","14","1","1","2","6","0","1","1","1","0"
"12900","71821107","12900","17","1","1","7","2","0","1","1","1","0"
"12901","71821109","12901","17","1","1","1","2","0","0","1","3","0"
"12902","71821110","12902","72","1","1","7","6","1","0","1","2","0"
"12903","71821201","12903","17","3","1","7","2","1","0","1","2","0"
"12904","71821201","12904","61","1","1","7","3","0","1","1","1","0"
"12905","71821201","12905","17","1","1","7","1","1","0","1","2","0"
"12906","71821201","12906","17","1","3","1","2","0","1","1","1","0"
"12907","71821203","12907","11","1","1","7","2","1","0","1","2","0"
"12908","71821203","12908","52","3","1","7","6","1","0","1","2","0"
"12909","71821207","12909","25","1","1","7","6","0","1","1","1","0"
"12910","71821208","12910","51","1","1","7","3","1","0","1","2","0"
"12911","71821208","12911","16","3","1","7","6","1","0","1","2","0"
"12912","71821208","12912","11","3","1","7","6","0","1","3","1","0"
"12913","71821208","12913","17","1","1","7","2","1","1","1","2","0"
"12914","71821208","12914","16","3","1","7","6","1","0","1","2","0"
"12915","71821208","12915","17","1","6","7","2","1","0","1","2","0"
"12916","71821208","12916","11","1","1","7","6","0","2","0","1","0"
"12917","71821302","12917","72","1","1","7","6","0","1","1","1","0"
"12918","71821401","12918","14","3","1","7","6","0","2","2","1","0"
"12919","71821401","12919","31","2","1","7","6","1","0","1","2","0"
"12920","71821401","12920","16","1","1","7","3","0","1","1","1","0"
"12921","71821401","12921","16","3","1","7","4","1","0","1","2","0"
"12922","71822101","12922","81","3","1","7","4","0","1","1","1","0"
"12923","71822101","12923","16","3","1","7","5","1","0","1","2","0"
"12924","71822101","12924","19","3","3","1","4","0","1","1","1","0"
"12925","71822107","12925","17","1","1","7","1","0","1","1","1","0"
"12926","71822107","12926","19","1","1","7","3","1","0","1","2","0"
"12927","71822107","12927","17","1","1","7","2","0","1","1","1","0"
"12928","71822107","12928","17","1","1","7","2","0","1","1","1","0"
"12929","71822107","12929","17","3","1","7","2","0","1","2","1","0"
"12930","71822111","12930","52","1","1","7","0","1","0","0","2","0"
"12931","71822111","12931","19","1","1","7","3","0","1","1","1","0"
"12932","71822211","12932","24","1","1","7","2","1","0","1","2","0"
"12933","71822408","12933","64","3","1","7","4","1","0","1","2","0"
"12934","71822415","12934","14","1","1","7","7","1","0","1","2","0"
"12935","71823104","12935","51","1","1","7","2","1","0","1","2","0"
"12936","71823104","12936","16","1","1","7","3","0","1","1","1","0"
"12937","71823206","12937","51","1","1","7","6","0","1","4","1","0"
"12938","71823206","12938","17","3","1","7","1","1","0","1","2","0"
"12939","71823402","12939","13","1","1","7","3","0","1","1","1","0"
"12940","71823402","12940","13","1","1","7","4","0","1","1","1","0"
"12941","71823402","12941","13","1","1","7","6","0","3","3","1","0"
"12942","71823402","12942","81","1","7","2","7","0","0","1","3","0"
"12943","71823407","12943","72","1","1","7","6","1","0","1","2","0"
"12944","71823418","12944","17","3","1","7","2","0","0","1","3","0"
"12945","71823418","12945","13","1","1","7","4","1","0","1","2","0"
"12946","71823418","12946","17","1","1","7","2","1","0","1","2","0"
"12947","71823419","12947","17","1","1","7","2","0","1","1","1","0"
"12948","71823419","12948","17","1","1","7","2","0","1","1","1","0"
"12949","71823419","12949","81","3","1","7","0","0","1","0","1","0"
"12950","71823420","12950","13","1","1","7","5","2","1","2","2","0"
"12951","71823420","12951","13","1","1","7","4","0","1","2","1","0"
"12952","71823420","12952","16","1","1","7","3","0","1","2","1","0"
"12953","71823420","12953","13","1","1","7","4","1","0","1","2","0"
"12954","71823503","12954","13","1","1","7","4","1","1","1","2","0"
"12955","71824211","4324","31","1","1","7","6","0","1","1","1","0"
"12956","71824212","12956","17","1","1","7","2","0","1","1","1","0"
"12957","71824212","12957","17","2","2","2","2","0","1","1","1","0"
"12958","71824212","12958","17","3","1","7","2","1","0","1","2","0"
"12959","71824215","12959","14","1","1","7","6","0","4","1","1","0"
"12960","71824215","12960","51","1","1","7","3","0","1","1","1","0"
"12961","71824215","12961","33","1","1","7","6","0","1","1","1","0"
"12962","71824303","12962","13","1","1","7","4","1","0","1","2","0"
"12963","71824303","12963","14","1","1","7","6","1","1","1","2","0"
"12964","71824303","12964","14","1","1","7","6","0","1","1","1","0"
"12965","71824303","12965","31","1","1","7","4","0","1","1","1","0"
"12966","71824303","12966","13","1","1","7","4","0","1","1","1","0"
"12967","71824303","12967","17","3","2","1","2","0","1","1","3","0"
"12968","71824303","12968","19","1","1","7","4","1","0","1","2","0"
"12969","71824401","12969","62","1","1","7","4","0","1","1","1","0"
"12970","71824405","12970","31","1","1","7","3","0","1","1","1","0"
"12971","71825101","12971","14","1","1","7","6","0","1","1","1","0"
"12972","71825101","12972","21","1","1","7","6","0","1","2","1","0"
"12973","71825101","12973","13","1","1","7","4","0","1","1","1","0"
"12974","71825104","12974","72","1","1","7","6","0","1","1","1","0"
"12975","71825104","12975","13","1","1","7","5","0","1","1","1","0"
"12976","71825107","12976","31","1","1","7","3","0","1","1","1","0"
"12977","71825108","12977","51","1","2","2","7","1","0","1","2","0"
"12978","71825108","12978","17","3","1","7","2","0","1","1","1","0"
"12979","71825108","12979","81","3","1","7","2","1","0","1","3","0"
"12980","71825108","12980","13","1","1","7","4","0","1","1","1","0"
"12981","71825108","12981","81","1","1","7","5","1","1","1","2","0"
"12982","71825108","12982","71","3","1","7","6","0","1","1","1","0"
"12983","71825108","12983","17","3","2","1","2","1","0","1","2","0"
"12984","71825108","12984","81","3","1","7","6","1","1","0","2","0"
"12985","71825110","12985","81","3","3","1","4","1","1","2","2","0"
"12986","71825111","12986","14","3","1","7","6","1","0","2","2","0"
"12987","71825111","12987","13","1","1","2","6","0","2","0","1","0"
"12988","71825111","12988","13","1","1","7","6","0","1","0","1","0"
"12989","71826106","12989","17","1","1","7","2","0","2","2","1","0"
"12990","71826106","12990","71","3","1","7","6","0","1","1","1","0"
"12991","71826106","12991","17","1","1","7","2","1","0","1","2","0"
"12992","71826107","12992","72","1","1","7","6","0","1","1","1","0"
"12993","71826107","12993","14","1","1","7","6","0","2","1","1","0"
"12994","71826107","12994","14","1","1","7","6","0","1","2","1","0"
"12995","71826107","12995","51","3","1","7","3","0","2","0","1","0"
"12996","71826107","12996","14","3","4","3","6","0","1","5","1","0"
"12997","71826107","12997","13","1","3","1","6","2","0","0","2","0"
"12998","71826107","12998","81","3","1","7","6","1","1","0","2","0"
"12999","71826110","12999","71","1","1","7","6","1","0","1","2","0"
"13000","71827102","13000","51","1","1","7","3","1","0","1","2","0"
"13001","71827103","13001","71","1","1","7","6","0","1","1","1","0"
"13002","71827104","13002","67","2","3","1","4","1","0","1","2","0"
"13003","71827203","13003","14","1","1","7","3","0","1","1","1","0"
"13004","71827203","13004","51","1","1","7","3","0","1","1","1","0"
"13005","71827203","13005","85","3","1","7","6","1","0","1","2","0"
"13006","71827205","13006","32","1","1","7","4","1","0","1","2","0"
"13007","71827208","13007","72","1","1","7","6","1","0","1","2","0"
"13008","71831105","13008","13","3","1","7","3","0","1","1","1","0"
"13009","71831105","13009","13","1","1","7","6","1","0","0","2","0"
"13010","71832202","13010","19","1","1","7","5","1","0","1","2","0"
"13011","71832204","13011","52","3","1","7","0","0","2","6","1","0"
"13012","71832204","13012","72","1","1","7","6","1","0","1","2","0"
"13013","71832302","13013","31","3","1","7","6","1","0","2","2","0"
"13014","71832306","13014","52","1","1","7","6","1","2","0","2","0"
"13015","71833104","13015","24","1","1","7","3","0","1","1","1","0"
"13016","71833106","13016","16","3","1","7","6","0","1","3","1","0"
"13017","71833106","13017","81","1","1","7","6","0","1","1","1","0"
"13018","71833106","13018","11","1","1","7","6","0","5","1","1","0"
"13019","71833106","13019","11","1","1","7","6","0","1","1","1","0"
"13020","71833106","13020","11","1","1","7","6","0","1","1","1","0"
"13021","71833106","13021","11","1","7","1","6","0","1","1","1","0"
"13022","71833106","13022","17","1","6","7","2","0","1","1","1","0"
"13023","71833106","4099","11","1","1","7","6","0","1","1","1","0"
"13024","71833106","13024","11","1","3","1","6","0","1","1","1","0"
"13025","71833106","13025","11","1","1","7","6","0","3","0","1","0"
"13026","71833106","13026","64","1","1","7","6","1","0","1","2","0"
"13027","71833106","13027","17","1","1","1","2","0","1","1","1","0"
"13028","71833212","13028","31","1","1","7","4","1","0","0","3","0"
"13029","71833212","13029","13","1","1","7","6","1","0","1","2","0"
"13030","71833212","13030","81","3","1","7","6","1","2","1","2","0"
"13031","71833212","13031","71","1","1","7","6","0","1","1","1","0"
"13032","71833212","13032","13","1","1","7","6","1","2","0","2","0"
"13033","71833212","13033","13","2","1","7","6","0","1","1","1","0"
"13034","71833212","13034","35","3","2","1","3","1","0","1","2","0"
"13035","71835102","13035","16","1","7","7","6","0","2","1","1","0"
"13036","71835102","13036","23","1","1","7","6","1","0","1","2","0"
"13037","71835102","13037","14","1","1","7","3","0","1","1","1","0"
"13038","71842101","13038","17","1","1","7","1","0","1","2","1","0"
"13039","71842101","13039","82","1","1","7","0","0","1","0","3","0"
"13040","71842107","13040","71","2","1","7","6","0","1","1","1","0"
"13041","71842111","13041","21","1","1","7","6","0","1","1","1","0"
"13042","71842111","13042","61","3","1","7","0","1","0","1","2","0"
"13043","71842111","13043","14","3","1","7","6","0","1","0","1","0"
"13044","71842111","13044","81","3","1","7","6","0","1","1","1","0"
"13045","71842203","13045","73","1","1","7","6","0","1","1","1","0"
"13046","71842203","13046","17","1","1","7","2","1","0","1","2","0"
"13047","72674404","13047","31","3","1","7","6","0","1","1","1","0"
"13048","72674404","13048","13","1","1","7","6","0","1","1","1","0"
"13049","72674404","13049","71","2","1","7","8","0","1","1","1","0"
"13050","72681203","13050","17","2","1","7","1","0","1","1","1","0"
"13051","72681205","13051","16","1","1","7","6","1","0","1","2","0"
"13052","72682104","13052","13","1","3","2","6","0","0","1","3","0"
"13053","72682106","13053","51","1","1","7","6","0","1","2","1","0"
"13054","72683104","13054","71","3","1","7","6","0","1","1","1","0"
"13055","72683104","13055","17","2","1","7","2","0","1","1","1","0"
"13056","72702406","13056","21","1","6","1","6","1","1","0","2","0"
"13057","72703405","13057","19","2","1","7","7","0","1","2","1","0"
"13058","72703405","13058","51","1","1","7","6","1","1","0","2","0"
"13059","72705402","13059","13","5","3","1","6","0","3","0","1","0"
"13060","72705504","13060","19","1","1","7","6","0","0","1","3","0"
"13061","72744305","13061","13","1","1","7","4","0","1","1","1","0"
"13062","72744305","13062","13","3","1","7","6","0","2","2","1","0"
"13063","72791405","13063","81","3","1","7","6","1","1","0","2","0"
"13064","72791405","13064","52","3","1","4","6","0","2","0","1","0"
"13065","72791405","13065","13","1","3","1","6","1","0","1","2","0"
"13066","72791405","13066","21","2","1","7","3","0","1","1","1","0"
"13067","72802104","11581","52","1","1","7","0","0","1","0","1","0"
"13068","72802109","13068","72","3","1","7","6","1","0","1","2","0"
"13069","72802205","13069","16","2","1","7","4","1","0","1","2","0"
"13070","72802207","13070","11","1","3","2","6","1","0","1","2","0"
"13071","72802214","13071","17","3","1","7","2","0","1","1","1","0"
"13072","72802214","13072","52","1","1","7","2","0","1","1","1","0"
"13073","72802214","13073","32","1","3","1","7","1","0","1","2","0"
"13074","72803209","13074","52","3","1","1","0","0","1","0","1","0"
"13075","72803302","13075","51","1","1","7","6","0","2","0","1","0"
"13076","72817503","13076","81","1","1","7","6","0","1","1","1","0"
"13077","72817503","13077","18","1","1","7","6","1","0","1","2","0"
"13078","72821106","13078","14","1","1","7","6","0","1","1","1","0"
"13079","72821201","13079","81","3","1","7","0","0","2","0","1","0"
"13080","72821201","13080","81","1","1","1","6","1","0","1","2","0"
"13081","72821210","13081","31","1","1","7","6","1","0","1","2","0"
"13082","72821307","13082","51","3","3","2","0","0","1","0","1","0"
"13083","72821307","13083","13","3","1","7","4","1","0","1","2","0"
"13084","72822310","13084","35","3","1","7","4","0","1","1","1","0"
"13085","72822310","13085","17","3","2","2","2","1","0","1","2","0"
"13086","72822310","13086","16","1","1","7","6","1","1","1","2","0"
"13087","72822317","13087","81","3","1","7","6","0","4","1","1","0"
"13088","72822317","13088","27","1","1","7","9","0","1","0","1","0"
"13089","72822318","13089","71","1","1","7","6","0","1","1","1","0"
"13090","72822318","13090","27","1","1","7","9","0","1","0","1","0"
"13091","72822318","13091","16","3","1","7","5","1","0","1","2","0"
"13092","72822319","13092","81","3","3","2","0","0","1","1","1","0"
"13093","72822320","13093","81","1","1","7","6","0","2","2","1","0"
"13094","72822320","13094","13","1","1","7","3","0","1","1","1","0"
"13095","72823307","13095","17","3","1","1","2","1","0","1","2","0"
"13096","72823307","13096","71","1","1","7","6","1","0","1","2","0"
"13097","72823307","13097","71","3","1","7","6","1","0","1","2","0"
"13098","72823309","13098","13","1","1","7","3","1","0","1","2","0"
"13099","72823312","13099","51","1","1","7","6","0","1","1","1","0"
"13100","72823312","13100","13","1","1","7","4","0","1","1","1","0"
"13101","72823317","13101","81","3","1","7","0","2","0","0","2","0"
"13102","72823317","13102","17","3","3","1","2","1","1","1","2","0"
"13103","72825305","13103","52","3","1","7","6","0","1","3","1","0"
"13104","72825305","13104","71","1","1","7","6","0","1","1","1","0"
"13105","72825401","13105","35","1","1","7","3","1","0","1","2","0"
"13106","72825404","13106","81","1","1","7","6","0","0","2","0","0"
"13107","72825504","13107","21","1","1","7","6","0","1","1","1","0"
"13108","72825504","13108","35","1","1","7","3","0","1","1","1","0"
"13109","72825505","13109","52","1","1","7","0","1","0","0","2","0"
"13110","72825505","13110","52","1","1","7","6","0","3","2","1","0"
"13111","72825505","13111","52","3","1","7","0","2","0","0","3","0"
"13112","72827501","13112","86","3","2","2","6","0","1","1","1","0"
"13113","72835109","13113","81","3","1","2","6","1","0","1","2","0"
"13114","72835109","13114","17","1","1","7","1","1","0","1","2","0"
"13115","72836107","13115","17","3","2","1","1","1","0","1","2","0"
"13116","72836202","13116","17","1","1","7","2","1","0","2","2","0"
"13117","72836202","11208","17","2","3","1","2","0","2","0","1","0"
"13118","72836202","13118","51","1","1","7","3","0","1","1","1","0"
"13119","72836202","13119","71","1","1","7","6","1","0","1","2","0"
"13120","72836202","13120","17","1","1","7","1","0","1","1","1","0"
"13121","72836203","13121","31","1","1","7","6","0","1","1","1","0"
"13122","72836203","13122","13","1","1","7","6","1","3","1","2","0"
"13123","73684205","13123","16","1","1","7","8","0","1","2","1","0"
"13124","73684309","13124","71","1","1","7","6","0","1","2","1","0"
"13125","73684309","13125","71","1","1","7","6","1","0","1","2","0"
"13126","73685202","13126","14","1","1","7","6","0","0","1","3","0"
"13127","73695106","13127","52","1","1","7","6","0","3","0","1","0"
"13128","73695106","13128","71","3","1","7","6","0","1","1","1","0"
"13129","73696209","13129","13","2","1","7","4","0","1","1","1","0"
"13130","73697204","13130","16","3","1","7","4","1","0","1","2","0"
"13131","73697204","13131","71","1","1","7","6","1","0","1","2","0"
"13132","73697204","13132","73","1","1","7","4","0","1","1","1","0"
"13133","73697204","13133","11","1","1","7","6","0","1","1","1","0"
"13134","73697409","13134","13","3","1","1","4","1","0","1","2","0"
"13135","73713504","13135","51","1","1","7","3","0","0","1","3","0"
"13136","73714301","13136","51","1","1","7","6","1","0","3","2","0"
"13137","73714301","13137","52","1","3","2","0","1","0","0","2","0"
"13138","73714301","13138","81","3","1","7","6","0","3","0","1","0"
"13139","73714301","13139","51","1","2","1","6","1","0","1","2","0"
"13140","73714304","13140","51","1","1","7","6","1","0","1","2","0"
"13141","73743304","13141","51","1","7","7","3","1","0","1","2","0"
"13142","73743304","13142","81","5","1","7","6","0","1","1","1","0"
"13143","73782302","13143","22","1","1","7","6","1","0","3","2","0"
"13144","73782302","13144","36","1","1","7","4","1","1","0","2","0"
"13145","73786404","2303","14","1","1","7","6","0","2","0","1","0"
"13146","73791401","13146","51","1","1","7","6","0","2","1","1","0"
"13147","73791401","13147","51","2","3","1","6","0","1","2","1","0"
"13148","73791401","13148","71","1","3","1","6","0","0","1","3","0"
"13149","73791401","13149","17","1","1","1","4","1","0","1","2","0"
"13150","73791401","13150","63","1","1","7","6","1","0","1","2","0"
"13151","73791401","13151","51","3","1","7","6","4","0","0","3","1"
"13152","73794104","13152","13","3","1","7","6","2","2","1","2","0"
"13153","73794104","13153","13","1","1","7","4","0","1","1","1","0"
"13154","73794104","13154","13","3","3","2","6","1","0","1","2","0"
"13155","73794104","13155","17","5","1","7","2","1","0","1","2","0"
"13156","73794104","13156","23","3","1","7","4","0","1","1","1","0"
"13157","73794104","13157","13","3","3","2","6","2","2","0","3","1"
"13158","73794104","13158","13","3","1","7","6","0","3","0","1","0"
"13159","73794104","13159","16","1","3","1","6","0","1","2","1","0"
"13160","73794104","13160","13","1","1","7","6","0","2","1","1","0"
"13161","73794104","13161","81","3","1","7","6","3","1","0","2","0"
"13162","73794104","13162","71","1","1","1","7","1","0","1","2","0"
"13163","73794104","13163","81","3","3","1","6","0","5","2","1","0"
"13164","73821203","13164","11","1","1","7","6","0","1","1","1","0"
"13165","73821203","13165","16","2","1","2","4","1","0","5","2","0"
"13166","73821203","13166","14","1","7","7","6","2","1","2","2","0"
"13167","73821203","13167","16","3","3","1","6","0","1","1","1","0"
"13168","73821403","8735","13","3","1","2","6","0","3","1","1","0"
"13169","73823101","13169","14","1","1","7","3","1","0","2","2","0"
"13170","73823101","13170","14","1","1","7","3","1","0","1","2","0"
"13171","73833201","13171","31","3","1","7","6","0","1","1","1","0"
"13172","73843203","13172","13","2","1","7","6","1","2","0","2","0"
"13173","73847502","13173","27","1","1","7","6","0","1","2","1","0"
"13174","73855107","13174","14","1","1","7","6","0","1","1","1","0"
"13175","73855107","13175","14","3","1","7","6","0","1","1","1","0"
"13176","74691103","13176","17","1","1","7","1","0","1","1","1","0"
"13177","74691409","13177","81","1","1","7","6","0","1","1","1","0"
"13178","74692304","13178","17","1","1","7","2","1","0","1","2","0"
"13179","74692408","13179","17","3","3","2","2","1","0","2","2","0"
"13180","74694106","13180","13","3","1","1","5","0","1","1","1","0"
"13181","74694202","13181","17","3","1","7","1","0","1","1","1","0"
"13182","74694202","13182","71","1","1","7","6","1","0","1","2","0"
"13183","74697201","13183","13","2","1","7","6","1","0","1","2","0"
"13184","74721203","13184","13","5","1","7","5","1","0","1","2","0"
"13185","74721203","13185","13","1","7","7","6","0","1","1","1","0"
"13186","74721203","13186","13","3","3","1","6","0","1","1","1","0"
"13187","74721203","13187","13","1","1","7","7","1","0","1","2","0"
"13188","74721203","13188","13","3","1","7","6","0","3","2","1","0"
"13189","74721203","13189","13","1","3","1","6","0","1","0","3","0"
"13190","74721203","13190","13","3","1","1","6","0","1","9","1","0"
"13191","74726201","13191","21","1","7","7","6","0","1","1","1","0"
"13192","74733104","13192","19","1","1","7","6","2","0","2","2","0"
"13193","74733104","13193","19","5","1","7","7","0","0","1","3","0"
"13194","74733104","13194","16","1","1","7","6","0","1","2","1","0"
"13195","74733104","13195","19","5","1","7","6","0","2","1","1","0"
"13196","74733104","13196","19","5","1","7","6","1","1","0","2","0"
"13197","74733104","13197","81","3","1","7","6","1","0","2","3","2"
"13198","74734101","13198","11","3","1","2","6","1","0","1","2","0"
"13199","74734101","13199","52","1","1","7","0","0","1","0","1","0"
"13200","74734101","13200","11","1","1","7","6","1","0","1","2","0"
"13201","74734101","13201","19","1","1","1","6","1","1","0","2","0"
"13202","74734101","13202","82","1","1","7","0","1","0","0","2","0"
"13203","74735203","13203","13","1","1","7","4","0","1","1","1","0"
"13204","74735203","13204","52","1","4","3","6","0","1","2","1","0"
"13205","74735203","13205","13","5","3","2","7","0","0","1","3","0"
"13206","74735203","13206","16","1","1","7","6","0","1","1","3","0"
"13207","74735203","13207","13","1","1","7","7","0","2","1","1","0"
"13208","74735203","13208","13","1","1","7","4","0","1","1","1","0"
"13209","74735203","13209","13","1","1","7","6","1","0","1","2","0"
"13210","74737303","13210","19","1","3","2","6","1","0","1","2","0"
"13211","74737303","13211","52","5","1","7","0","0","0","0","3","0"
"13212","74737303","13212","81","3","1","7","7","0","2","0","1","0"
"13213","74746102","13213","19","3","2","2","6","1","1","0","2","0"
"13214","74746102","13214","81","1","2","2","6","0","1","1","1","0"
"13215","74746102","13215","21","3","1","7","6","0","3","1","1","0"
"13216","74746102","13216","31","1","1","7","6","1","0","1","2","0"
"13217","74746102","13217","13","1","1","7","7","1","0","4","2","0"
"13218","74746102","13218","13","1","1","7","7","0","1","1","1","0"
"13219","74747101","13219","16","1","1","7","4","1","0","1","2","0"
"13220","74757204","13220","16","1","1","7","4","1","0","1","2","0"
"13221","74757204","13221","51","3","1","7","7","0","0","1","3","0"
"13222","74757213","13222","13","1","1","7","5","0","2","1","1","0"
"13223","74761303","13223","52","1","1","7","0","1","0","0","2","0"
"13224","74762213","13224","31","1","1","7","3","0","1","1","1","0"
"13225","74783104","13225","13","1","1","7","6","0","2","4","1","0"
"13226","74783104","13226","13","1","3","1","8","1","1","1","2","0"
"13227","74873208","13227","16","1","1","7","6","1","1","1","2","0"
"13228","74873208","13228","13","1","2","1","6","0","2","2","1","0"
"13229","74874302","13229","13","1","1","7","6","1","0","1","2","0"
"13230","74877503","13230","13","1","1","7","3","0","3","2","1","0"
"13231","74877503","13231","13","1","1","7","6","1","0","1","2","0"
"13232","74877503","13232","13","1","1","7","6","1","4","1","2","0"
"13233","74877503","13233","13","1","1","7","6","2","1","2","2","0"
"13234","74877503","13234","16","5","2","1","6","0","2","2","1","0"
"13235","74877503","13235","13","1","3","1","6","1","0","1","2","0"
"13236","74877503","13236","13","1","3","1","7","0","0","1","3","0"
"13237","74877503","13237","16","1","1","1","6","0","1","1","1","0"
"13238","74877503","13238","13","1","1","7","6","1","1","2","2","0"
"13239","74885503","13239","13","2","1","7","5","0","2","3","1","0"
"13240","75695101","13240","52","5","1","1","7","1","0","1","2","0"
"13241","75704503","13241","52","2","1","7","2","0","1","0","3","0"
"13242","75711402","13242","17","1","1","7","2","1","0","1","2","0"
"13243","75712402","13243","52","3","1","4","6","1","1","0","2","0"
"13244","75713207","13244","14","1","1","7","3","1","0","1","2","0"
"13245","75722505","13245","13","1","1","7","7","1","0","1","2","0"
"13246","75722505","13246","13","1","1","7","6","2","1","0","2","0"
"13247","75722505","13247","13","1","1","7","7","1","0","1","2","0"
"13248","75722505","13248","13","1","1","7","4","0","1","1","1","0"
"13249","75722505","13249","13","1","1","7","6","0","2","2","1","0"
"13250","75722505","13250","13","1","1","7","6","0","2","1","1","0"
"13251","75722505","13251","13","1","1","1","6","1","1","0","2","0"
"13252","75731504","13252","21","2","1","7","6","0","1","1","1","0"
"13253","75733403","13253","17","1","3","2","2","1","0","1","2","0"
"13254","75733503","13254","17","1","1","7","2","0","0","1","3","0"
"13255","75734404","13255","13","1","1","7","6","0","1","1","1","0"
"13256","75734404","13256","14","1","1","7","6","1","0","2","2","0"
"13257","75734404","13257","32","1","1","7","6","0","1","1","1","0"
"13258","75734404","13258","14","1","1","7","6","1","2","0","2","0"
"13259","75734404","13259","18","1","3","1","6","0","1","1","1","0"
"13260","75734406","13260","16","1","3","1","6","0","3","1","1","0"
"13261","75735417","13261","14","1","1","7","3","0","2","0","1","0"
"13262","75735501","13262","13","1","1","7","8","0","1","1","1","0"
"13263","75735501","13263","82","1","3","1","6","0","1","1","1","0"
"13264","75736403","13264","17","1","1","7","2","0","1","1","1","0"
"13265","75736501","13265","36","1","3","2","6","0","1","1","1","0"
"13266","75736501","13266","42","1","1","7","5","0","1","1","1","0"
"13267","75736502","13267","14","1","1","7","7","0","1","1","1","0"
"13268","75736502","13268","14","1","3","1","6","0","1","1","1","0"
"13269","75736502","13269","14","1","1","7","6","0","1","1","1","0"
"13270","75736502","13270","14","1","1","7","6","1","0","1","2","0"
"13271","75736505","13271","13","1","1","7","6","0","2","2","1","0"
"13272","75736505","13272","13","3","3","1","6","0","1","2","1","0"