"accident_id","lieu_id","date_id","cause_id","lum_id","intemp_id","etat_surface_id","impliq_id","nb_blesses_graves","nb_blesses_legers","nb_indemnes","gravite","nb_morts"
"14121","77767505","14121","13","1","1","7","6","0","1","0","1","0"
"14122","77767505","14122","51","1","1","7","6","0","2","4","1","0"
"14123","77767505","14123","13","2","1","7","6","0","2","1","1","0"
"14124","77767505","9742","13","3","1","7","6","0","1","2","1","0"
"14125","77767505","14125","13","2","3","1","6","0","1","1","1","0"
"14126","77767505","14126","13","1","1","7","4","1","0","2","2","0"
"14127","77767505","14127","17","1","3","2","2","0","1","1","1","0"
"14128","77767507","14128","13","1","1","7","4","0","2","1","1","0"
"14129","77767507","14129","13","3","2","2","6","0","2","0","1","0"
"14130","77767507","14130","13","1","3","1","6","0","1","2","1","0"
"14131","77771402","14131","11","1","1","7","6","0","3","0","1","0"
"14132","77771402","14132","17","2","1","7","2","0","1","1","1","0"
"14133","77771402","14133","86","1","1","7","6","0","2","0","1","0"
"14134","77771402","14134","11","3","1","7","6","0","3","1","1","0"
"14135","77771403","14135","51","3","3","2","3","0","1","1","1","0"
"14136","77771403","14136","16","1","1","7","5","0","2","0","1","0"
"14137","77771404","14137","16","1","3","2","6","0","1","2","1","0"
"14138","77771404","14138","13","3","1","7","6","1","0","1","2","0"
"14139","77771406","14139","81","3","1","7","5","0","1","1","1","0"
"14140","77771406","14140","16","1","1","7","6","1","0","1","2","0"
"14141","77771406","14141","17","2","2","1","2","1","0","2","2","0"
"14142","77772301","14142","16","3","1","7","6","0","2","1","1","0"
"14143","77772301","9842","16","3","1","7","4","0","1","1","1","0"
"14144","77772301","14144","11","1","1","7","4","0","1","1","1","0"
"14145","77772301","14145","16","1","1","7","4","0","1","1","1","0"
"14146","77772301","14146","16","1","1","7","6","0","3","0","1","0"
"14147","77772301","14147","16","1","1","7","6","2","3","0","2","0"
"14148","77772301","14148","11","3","1","7","6","0","1","2","1","0"
"14149","77772301","14149","16","1","1","7","6","0","2","0","1","0"
"14150","77772301","14150","61","1","2","1","6","0","6","1","1","0"
"14151","77772301","14151","16","5","3","1","4","0","1","1","1","0"
"14152","77772303","14152","16","3","1","7","3","0","1","1","1","0"
"14153","77772303","14153","22","1","1","7","4","0","1","1","1","0"
"14154","77772303","14154","16","1","1","7","6","0","2","1","1","0"
"14155","77772502","14155","13","1","1","7","6","0","1","2","1","0"
"14156","77772502","14156","13","1","1","7","6","0","1","1","1","0"
"14157","77772505","14157","61","1","1","7","3","0","1","1","1","0"
"14158","77772505","14158","41","1","1","7","6","0","1","1","1","0"
"14159","77772505","14159","11","1","1","7","6","0","2","1","1","0"
"14160","77772505","14160","51","4","1","7","6","0","1","1","1","0"
"14161","77772505","14161","71","1","1","2","6","0","1","1","1","0"
"14162","77772509","2223","23","1","1","7","6","0","1","3","1","0"
"14163","77772509","14163","71","1","3","2","3","0","1","1","1","0"
"14164","77772509","14164","11","3","1","7","2","0","2","2","1","0"
"14165","77772509","14165","16","3","1","7","4","0","1","1","1","0"
"14166","77772509","14166","64","1","1","7","6","0","2","0","1","0"
"14167","77773404","14167","18","1","1","7","6","0","1","1","1","0"
"14168","77773404","14168","13","2","1","7","4","0","1","1","1","0"
"14169","77774403","14169","11","1","1","7","7","0","1","1","1","0"
"14170","77774403","14170","51","1","1","7","6","0","1","1","1","0"
"14171","77774404","14171","11","1","1","7","6","0","1","1","1","0"
"14172","77774405","14172","51","1","1","7","6","0","1","1","1","0"
"14173","77774405","14173","13","1","1","7","5","0","1","1","1","0"
"14174","77774405","14174","21","1","1","7","6","0","1","1","1","0"
"14175","77774405","14175","17","1","3","2","2","0","1","1","1","0"
"14176","77774504","14176","17","1","1","7","2","0","1","1","1","0"
"14177","77774505","14177","16","1","1","7","4","0","1","1","1","0"
"14178","77774505","14178","81","3","1","7","5","1","0","1","2","0"
"14179","77775102","14179","81","3","1","7","0","0","1","0","1","0"
"14180","77775102","14180","14","1","1","7","6","0","2","1","1","0"
"14181","77775105","14181","14","1","1","7","6","0","1","1","1","0"
"14182","77775106","14182","14","1","1","7","6","0","1","2","1","0"
"14183","77775106","14183","14","1","3","2","5","0","1","0","1","0"
"14184","77775401","14184","11","1","1","7","6","1","0","1","2","0"
"14185","77775401","14185","11","1","3","2","6","0","1","1","1","0"
"14186","77775401","14186","11","1","1","7","6","0","1","1","1","0"
"14187","77775401","14187","16","1","1","7","4","0","1","1","1","0"
"14188","77775401","14188","16","1","1","7","3","0","1","1","1","0"
"14189","77775401","14189","16","1","1","7","3","0","0","1","3","0"
"14190","77775401","14190","16","1","1","7","6","0","1","1","1","0"
"14191","77775401","14191","16","1","1","7","6","0","1","2","1","0"
"14192","77775401","14192","11","1","1","7","4","0","0","1","3","0"
"14193","77775401","14193","11","1","3","2","6","0","2","1","1","0"
"14194","77775401","14194","16","1","1","7","3","0","1","1","1","0"
"14195","77775508","14195","14","3","1","7","6","0","1","1","1","0"
"14196","77776101","14196","17","1","1","7","2","1","0","1","2","0"
"14197","77776115","14197","19","1","1","7","6","0","1","1","1","0"
"14198","77776116","14198","19","1","1","7","4","1","0","1","2","0"
"14199","77776305","14199","12","1","1","7","6","0","3","0","1","0"
"14200","77776305","14200","51","1","1","7","6","0","2","1","1","0"
"14201","77776305","14201","36","1","1","7","3","0","1","1","1","0"
"14202","77776305","14202","11","1","1","7","6","0","2","0","1","0"
"14203","77776305","14203","11","3","2","2","6","0","3","0","1","0"
"14204","77776305","14204","11","1","1","7","6","0","2","0","1","0"
"14205","77776305","14205","17","1","1","7","1","0","1","1","1","0"
"14206","77776305","14206","11","1","1","7","6","0","1","1","1","0"
"14207","77776305","14207","71","1","3","1","6","0","1","1","1","0"
"14208","77776305","14208","81","3","1","7","6","0","1","0","1","0"
"14209","77776305","14209","11","1","1","7","6","0","1","1","1","0"
"14210","77776305","14210","11","1","1","7","6","0","2","1","1","0"
"14211","77776305","14211","11","3","1","7","6","0","1","1","1","0"
"14212","77776305","14212","16","1","3","2","6","0","1","2","1","0"
"14213","77776305","14213","11","1","1","7","6","1","0","1","2","0"
"14214","77776305","226","16","1","1","7","4","0","1","1","1","0"
"14215","77776305","14215","71","1","1","7","6","0","1","1","1","0"
"14216","77776305","14216","11","3","2","1","6","0","1","2","1","0"
"14217","77776305","14217","16","1","1","7","6","0","2","0","1","0"
"14218","77776305","14218","16","1","1","7","6","0","2","0","1","0"
"14219","77776305","14219","11","1","1","7","6","1","0","1","2","0"
"14220","77776305","14220","11","1","1","7","6","0","2","1","1","0"
"14221","77776305","14221","11","1","1","7","6","0","1","1","1","0"
"14222","77776305","14222","71","3","1","7","6","0","1","1","1","0"
"14223","77776305","14223","16","1","1","7","6","0","2","1","1","0"
"14224","77776305","14224","16","1","1","7","5","0","1","1","1","0"
"14225","77776305","14225","16","3","1","7","6","0","1","1","1","0"
"14226","77776305","14226","71","3","1","7","6","0","1","1","1","0"
"14227","77776310","14227","64","1","1","7","5","0","1","1","1","0"
"14228","77776310","14228","71","1","1","7","6","0","1","1","1","0"
"14229","77776310","14229","31","1","1","7","6","0","1","1","1","0"
"14230","77776310","14230","31","3","1","7","6","1","0","1","2","0"
"14231","77776310","14231","71","1","1","7","6","0","1","1","1","0"
"14232","77776310","14232","17","1","1","7","1","0","1","1","1","0"
"14233","77776310","14233","17","2","1","7","2","1","0","1","2","0"
"14234","77777103","14234","16","1","1","7","4","0","1","1","1","0"
"14235","77777103","14235","81","1","1","7","6","0","0","2","0","0"
"14236","77777103","14236","16","1","1","7","4","0","1","1","1","0"
"14237","77777103","14237","16","1","3","1","6","0","1","2","1","0"
"14238","77777103","14238","16","3","1","7","6","0","1","1","1","0"
"14239","77777103","14239","16","1","1","7","4","0","1","1","1","0"
"14240","77777103","14240","31","1","1","7","6","0","2","1","1","0"
"14241","77777103","14241","11","1","1","1","6","1","0","1","2","0"
"14242","77777103","14242","11","1","1","7","4","0","1","2","1","0"
"14243","77777203","14243","17","3","1","7","2","0","1","1","1","0"
"14244","77777203","14244","23","1","1","7","4","0","1","1","1","0"
"14245","77777203","14245","17","1","1","7","2","0","1","1","1","0"
"14246","77777203","14246","99","1","1","7","6","0","1","1","1","0"
"14247","77777203","14247","11","1","1","7","6","0","1","1","1","0"
"14248","77777204","14248","17","1","3","2","2","0","1","1","1","0"
"14249","77777204","14249","17","1","1","7","2","0","1","1","1","0"
"14250","77777204","14250","16","1","1","7","4","0","1","1","1","0"
"14251","77777204","14251","16","1","1","7","3","0","1","1","1","0"
"14252","77777204","14252","31","1","1","7","8","0","1","2","1","0"
"14253","77777204","14253","11","1","1","7","6","0","1","1","1","0"
"14254","77777204","14254","17","2","1","7","2","0","1","1","1","0"
"14255","77777204","14255","24","1","1","7","6","0","1","1","1","0"
"14256","77777206","14256","13","2","1","1","3","0","1","1","1","0"
"14257","77777206","14257","21","1","1","7","6","0","2","1","1","0"
"14258","77777206","14258","71","1","1","7","6","0","1","1","1","0"
"14259","77777206","14259","16","1","1","7","6","0","1","1","1","0"
"14260","77777206","14260","17","1","3","2","2","0","1","1","1","0"
"14261","77777206","14261","13","3","1","7","6","0","2","0","1","0"
"14262","77777406","14262","16","1","1","7","3","0","1","1","1","0"
"14263","77777406","14263","16","3","3","1","6","0","1","1","1","0"
"14264","77777406","14264","13","1","1","7","5","0","1","1","1","0"
"14265","77777406","14265","16","3","3","2","6","2","1","2","2","0"
"14266","77777406","14266","28","1","7","2","0","0","1","0","1","0"
"14267","77777406","14267","16","3","1","7","6","0","1","1","1","0"
"14268","77777406","14268","13","3","1","7","6","0","2","0","1","0"
"14269","77777406","14269","16","1","1","7","6","0","1","1","1","0"
"14270","77777406","14270","16","1","1","7","6","0","2","1","1","0"
"14271","77777406","14271","17","1","3","1","2","0","3","0","1","0"
"14272","77782209","14272","16","3","1","7","4","0","1","1","1","0"
"14273","77782209","14273","13","3","1","7","6","0","1","1","1","0"
"14274","77782315","14274","16","1","1","2","6","0","3","1","1","0"
"14275","77783109","14275","17","1","1","7","1","0","1","1","1","0"
"14276","77784509","14276","14","3","1","7","6","0","4","1","1","0"
"14277","77785202","14277","14","1","1","7","6","2","0","1","2","0"
"14278","77785202","14278","31","1","1","7","6","1","0","1","2","0"
"14279","77785210","14279","14","1","1","7","6","0","2","0","1","0"
"14280","77785210","14280","14","3","1","7","6","1","0","1","2","0"
"14281","77785210","14281","14","1","1","1","6","0","1","1","1","0"
"14282","77785301","14282","14","1","1","7","6","0","1","1","1","0"
"14283","77786301","14283","31","1","1","7","4","0","1","1","1","0"
"14284","77786301","14284","14","1","3","2","6","0","1","1","1","0"
"14285","77786301","14285","17","1","1","7","2","1","0","1","2","0"
"14286","77786301","14286","14","2","2","1","6","0","1","2","1","0"
"14287","77786301","14287","14","1","3","1","6","0","1","1","1","0"
"14288","77786301","14288","14","4","1","7","6","0","1","1","1","0"
"14289","77786301","14289","17","1","1","7","1","0","1","1","1","0"
"14290","77787305","14290","13","2","1","7","6","0","1","1","1","0"
"14291","77787305","14291","13","1","1","7","6","0","1","2","1","0"
"14292","77787307","14292","31","1","1","7","4","0","1","1","1","0"
"14293","77787307","14293","14","1","1","7","6","0","1","1","1","0"
"14294","77787307","14294","14","1","1","7","6","1","2","1","2","0"
"14295","77787307","14295","16","1","1","7","5","1","0","1","2","0"
"14296","77787307","14296","51","3","1","7","3","0","1","1","1","0"
"14297","77787307","14297","14","1","1","7","4","0","1","1","1","0"
"14298","77795105","14298","64","1","1","7","6","1","0","1","2","0"
"14299","77796104","14299","25","1","1","7","6","0","1","1","1","0"
"14300","77797203","14300","14","1","1","7","4","0","1","1","1","0"
"14301","77797203","14301","13","1","1","7","5","1","0","1","2","0"
"14302","77802304","14302","13","1","1","2","6","1","0","2","2","0"
"14303","77811508","14303","13","3","3","2","5","0","4","0","1","0"
"14304","77811508","14304","13","1","1","7","6","1","3","2","2","0"
"14305","77811508","14305","13","1","1","7","3","0","2","1","1","0"
"14306","77811508","14306","13","1","1","7","6","1","1","0","2","0"
"14307","77811508","14307","13","1","3","1","4","1","0","1","2","0"
"14308","77815202","14308","13","1","1","7","6","0","1","1","1","0"
"14309","77815202","14309","31","1","1","7","3","0","1","1","1","0"
"14310","77815202","14310","51","1","1","7","6","0","3","3","1","0"
"14311","77815204","14311","13","2","1","7","6","2","0","0","2","0"
"14312","77836304","14312","52","1","2","1","0","0","1","0","1","0"
"14313","77842504","14313","16","3","1","7","4","0","1","1","1","0"
"14314","77851101","14314","17","1","1","7","2","0","1","1","1","0"
"14315","77851101","14315","14","3","3","2","6","2","0","0","2","0"
"14316","77851101","14316","81","1","1","7","6","1","0","2","2","0"
"14317","77851105","14317","14","1","1","7","4","0","1","1","1","0"
"14318","77851105","14318","14","1","1","7","5","0","1","1","1","0"
"14319","77851105","14319","81","1","1","7","6","1","2","1","2","0"
"14320","77851105","14320","14","3","3","2","4","1","0","1","2","0"
"14321","77851108","14321","52","1","1","7","1","0","1","1","1","0"
"14322","77875504","14322","81","1","3","2","6","1","3","0","2","0"
"14323","77877302","14323","16","1","1","7","6","1","1","0","2","0"
"14324","77877401","14324","17","1","1","7","1","1","0","1","2","0"
"14325","77877401","14325","51","1","3","1","6","0","2","0","1","0"
"14326","77884101","14326","52","3","6","1","0","1","0","0","2","0"
"14327","77885201","14327","72","1","1","7","6","0","1","1","1","0"
"14328","77893209","14328","52","1","1","7","0","0","1","0","1","0"
"14329","77893502","14329","13","1","1","7","6","0","1","1","1","0"
"14330","77893502","14330","16","1","1","7","6","0","1","1","1","0"
"14331","77893503","14331","81","1","1","7","1","1","0","1","2","0"
"14332","77894502","14332","14","1","3","2","6","0","1","1","1","0"
"14333","77894502","14333","14","1","1","7","6","0","1","1","1","0"
"14334","77895510","14334","17","1","1","7","1","0","1","1","1","0"
"14335","77901202","14335","72","1","1","7","6","0","1","1","1","0"
"14336","77901408","14336","16","3","1","7","4","0","1","1","1","0"
"14337","77901408","14337","17","1","1","7","2","0","1","1","1","0"
"14338","77901408","14338","75","2","1","1","7","0","1","1","1","0"
"14339","77901408","14339","61","1","1","7","3","0","1","1","1","0"
"14340","77901408","14340","71","1","1","7","6","0","1","1","1","0"
"14341","77902107","14341","13","1","6","7","3","0","1","1","1","0"
"14342","77902203","14342","21","1","1","7","6","0","1","1","1","0"
"14343","77902304","14343","51","1","1","7","2","0","1","1","1","0"
"14344","77902304","14344","81","3","1","7","0","3","0","0","2","0"
"14345","77902402","14345","23","1","1","7","6","0","1","1","1","0"
"14346","77902501","14346","14","1","1","1","6","0","1","1","1","0"
"14347","77902509","14347","16","1","1","7","4","0","1","1","1","0"
"14348","77902509","14348","16","1","1","7","7","0","1","1","1","0"
"14349","77902509","14349","16","1","3","2","4","0","1","1","1","0"
"14350","77902509","14350","17","1","1","7","2","0","1","1","1","0"
"14351","77902509","14351","17","1","1","7","2","1","0","1","2","0"
"14352","77902509","14352","81","3","1","1","2","1","0","2","2","0"
"14353","77902509","14353","13","1","1","7","5","0","1","1","1","0"
"14354","77902509","14354","16","1","3","1","3","0","1","1","1","0"
"14355","77902509","14355","17","1","1","7","2","0","1","1","1","0"
"14356","77902509","14356","17","3","1","7","2","1","0","1","2","0"
"14357","77902509","14357","13","1","1","7","4","1","0","1","2","0"
"14358","77902509","14358","13","1","1","7","6","0","1","1","1","0"
"14359","77902514","14359","52","3","6","1","6","0","1","1","1","0"
"14360","77903203","14360","13","3","3","1","6","0","1","0","1","0"
"14361","77903209","14361","86","1","1","7","3","0","0","1","3","0"
"14362","77903209","14362","13","1","1","7","6","0","1","1","1","0"
"14363","77903209","14363","16","1","1","7","5","0","2","1","1","0"
"14364","77903302","14364","72","1","1","7","6","0","1","1","1","0"
"14365","77903302","14365","16","1","1","7","6","0","2","0","1","0"
"14366","77903306","14366","17","1","1","7","2","0","1","1","1","0"
"14367","77903306","14367","15","1","1","7","7","0","1","1","1","0"
"14368","77903306","14368","52","1","1","7","1","0","4","1","1","0"
"14369","77903306","14369","15","1","1","7","6","0","1","1","1","0"
"14370","77903306","14370","17","1","1","7","1","0","2","1","1","0"
"14371","77903306","14371","14","3","1","7","3","0","1","1","1","0"
"14372","77903306","14372","19","3","1","1","6","0","2","0","1","0"
"14373","77903306","14373","13","1","1","7","7","0","1","0","1","0"
"14374","77903504","14374","13","1","1","7","4","0","1","1","1","0"
"14375","77903504","14375","13","1","1","7","7","0","1","1","1","0"
"14376","77903504","14376","71","1","1","1","6","0","1","1","1","0"
"14377","77903504","14377","52","3","3","1","0","0","1","0","1","0"
"14378","77903504","14378","17","3","1","7","2","1","0","1","2","0"
"14379","77903506","14379","13","1","1","7","4","0","1","1","1","0"
"14380","77903506","14380","67","1","1","7","4","0","1","1","1","0"
"14381","77903506","14381","13","1","1","7","4","0","1","1","1","0"
"14382","77903508","14382","21","3","1","7","6","0","1","1","1","0"
"14383","77903508","14383","21","1","1","7","3","0","1","1","1","0"
"14384","77903508","14384","21","1","1","7","6","0","3","0","1","0"
"14385","77903508","14385","17","1","1","7","2","0","1","1","1","0"
"14386","77903508","14386","17","1","1","7","2","0","1","1","1","0"
"14387","77903508","14387","17","3","3","1","2","0","1","1","1","0"
"14388","77903513","14388","17","1","1","7","2","0","2","1","1","0"
"14389","77904211","14389","14","1","1","7","6","1","1","1","2","0"
"14390","77904211","14390","14","1","1","7","6","0","2","0","1","0"
"14391","77904211","14391","14","3","1","7","6","0","2","0","1","0"
"14392","77904306","14392","16","1","1","7","6","0","1","1","1","0"
"14393","77904407","14393","71","1","1","7","6","1","0","1","2","0"
"14394","77904408","14394","17","1","1","7","1","0","1","1","1","0"
"14395","77904408","14395","16","3","1","7","4","0","1","1","1","0"
"14396","77904408","14396","17","3","1","7","2","1","0","1","2","0"
"14397","77904410","14397","52","3","3","2","6","0","1","2","1","0"
"14398","77904410","14398","14","3","3","1","6","0","1","1","1","0"
"14399","77904410","14399","21","1","1","7","6","0","1","1","1","0"
"14400","77904501","14400","13","1","1","7","7","1","0","1","2","0"
"14401","77904501","14401","86","1","1","7","3","0","1","1","1","0"
"14402","77904504","14402","17","1","1","7","1","0","1","1","1","0"
"14403","77904504","14403","23","1","1","7","6","0","1","1","1","0"
"14404","77905206","12008","21","1","1","7","6","0","1","1","1","0"
"14405","77905301","14405","32","1","1","7","7","1","0","1","2","0"
"14406","77905301","14406","71","1","1","7","6","1","0","1","2","0"
"14407","77905302","14407","14","1","1","7","6","0","1","1","1","0"
"14408","77905405","14408","21","1","1","7","7","0","1","1","1","0"
"14409","77905405","14409","52","1","3","1","7","0","1","1","1","0"
"14410","77905410","14410","17","1","1","7","2","0","1","1","1","0"
"14411","77906203","14411","16","3","1","7","4","1","0","1","2","0"
"14412","77906203","14412","16","1","1","7","5","1","0","1","2","0"
"14413","77906203","14413","81","3","3","1","4","0","1","1","1","0"
"14414","77906208","14414","16","3","1","7","4","0","1","1","1","0"
"14415","77906209","14415","16","1","1","7","6","0","1","2","1","0"
"14416","77906404","14416","18","1","1","7","6","0","1","1","1","0"
"14417","77907506","14417","13","1","3","2","6","0","1","1","1","0"
"14418","77907506","14418","81","3","3","2","6","0","1","2","1","0"
"14419","77907506","14419","81","3","1","7","6","1","0","1","2","0"
"14420","77917102","14420","14","1","1","7","4","0","1","1","1","0"
"14421","78655301","9526","13","1","1","7","6","1","0","1","2","0"
"14422","78655301","14422","13","3","1","7","6","1","0","1","2","0"
"14423","78655301","14423","13","3","1","7","6","2","0","1","2","0"
"14424","78655301","14424","13","1","1","2","6","0","3","0","1","0"
"14425","78655301","14425","13","1","1","7","6","0","4","1","1","0"
"14426","78655301","14426","13","1","1","7","5","0","0","1","3","0"
"14427","78655503","14427","14","3","3","2","6","1","0","1","2","0"
"14428","78655503","14428","14","1","1","7","3","1","0","1","2","0"
"14429","78656401","14429","51","1","1","7","6","0","2","1","1","0"
"14430","78662106","14430","82","1","1","7","0","0","0","0","3","0"
"14431","78662106","14431","11","3","1","7","6","1","0","1","2","0"
"14432","78662106","14432","11","1","3","1","6","0","2","0","1","0"
"14433","78662106","14433","82","1","1","7","0","1","0","0","2","0"
"14434","78663201","14434","16","3","1","7","5","0","1","1","1","0"
"14435","78663201","14435","16","3","1","7","6","1","1","1","2","0"
"14436","78663201","14436","16","3","1","7","5","1","2","0","2","0"
"14437","78663201","14437","16","1","1","7","6","1","0","1","2","0"
"14438","78663201","14438","16","1","1","7","6","0","4","0","1","0"
"14439","78663201","14439","16","1","1","7","6","0","1","2","1","0"
"14440","78663201","14440","11","1","1","7","6","3","0","0","2","0"
"14441","78663201","14441","16","3","1","7","6","1","1","0","2","0"
"14442","78663201","14442","16","3","1","7","6","0","2","1","1","0"
"14443","78663201","14443","16","1","1","7","6","0","1","1","1","0"
"14444","78663201","14444","16","1","1","7","6","0","2","0","1","0"
"14445","78663201","14445","16","1","1","7","6","0","2","1","1","0"
"14446","78663201","14446","16","1","1","7","6","0","4","2","1","0"
"14447","78663201","14447","16","3","3","2","6","1","1","0","2","0"
"14448","78663201","14448","16","1","1","7","6","0","1","2","1","0"
"14449","78663303","14449","51","1","1","7","6","0","2","0","1","0"
"14450","78663303","14450","16","3","1","7","4","1","0","1","2","0"
"14451","78663303","14451","51","2","3","1","3","1","0","2","2","0"
"14452","78663303","14452","16","3","3","2","6","1","0","1","2","0"
"14453","78663303","14453","11","1","1","7","1","1","0","1","3","0"
"14454","78664206","14454","52","1","1","7","2","0","1","1","1","0"
"14455","78664405","14455","11","1","1","7","6","1","0","1","2","0"
"14456","78664405","14456","19","1","2","2","7","1","1","1","2","0"
"14457","78664405","14457","16","1","3","1","6","0","2","0","1","0"
"14458","78664405","14458","11","1","1","7","6","0","3","1","1","0"
"14459","78664405","14459","11","3","1","7","6","1","1","1","2","0"
"14460","78664405","14460","11","1","1","7","6","0","1","2","1","0"
"14461","78664405","14461","52","1","3","2","6","0","1","1","1","0"
"14462","78665301","14462","16","2","1","7","4","1","0","2","2","0"
"14463","78665505","14463","17","3","6","1","2","0","1","1","1","0"
"14464","78665505","14464","17","3","1","7","2","1","0","1","2","0"
"14465","78665505","14465","53","1","1","7","1","0","0","2","3","0"
"14466","78665505","14466","18","1","1","7","3","1","0","1","2","0"
"14467","78665505","14467","19","1","1","7","5","0","2","1","1","0"
"14468","78665505","14468","17","1","1","7","2","1","0","0","2","0"
"14469","78665505","14469","17","1","3","1","2","0","1","1","1","0"
"14470","78665505","14470","19","3","1","1","6","0","1","1","1","0"
"14471","78665505","14471","51","1","1","7","3","0","1","1","1","0"
"14472","78666406","14472","31","1","1","7","2","1","0","1","2","0"
"14473","78674104","14473","12","1","1","7","6","1","2","1","2","0"
"14474","78674104","14474","11","2","2","2","2","1","0","1","2","0"
"14475","78674104","14475","16","1","1","7","3","1","0","1","2","0"
"14476","78674104","14476","16","3","1","7","4","0","1","1","1","0"
"14477","78674104","14477","15","1","1","7","6","0","1","2","1","0"
"14478","78674104","14478","14","5","3","1","6","0","1","2","1","0"
"14479","78674120","14479","71","1","1","7","6","0","1","1","1","0"
"14480","78675111","14480","16","1","1","7","4","1","0","1","2","0"
"14481","78675111","14481","11","1","1","7","6","1","0","1","2","0"
"14482","78675116","14482","16","3","1","7","4","1","0","1","2","0"
"14483","78675116","14483","71","1","1","7","4","1","0","1","2","0"
"14484","78675116","14484","11","1","1","7","6","0","1","1","1","0"
"14485","78675116","14485","11","1","1","7","6","0","2","0","1","0"
"14486","78675204","14486","21","1","1","7","5","1","0","1","2","0"
"14487","78676202","14487","71","1","1","7","6","0","1","1","1","0"
"14488","78676202","14488","17","1","1","7","2","0","1","1","1","0"
"14489","78676204","14489","17","1","1","7","2","1","0","1","2","0"
"14490","78676204","14490","19","3","1","7","5","0","1","1","1","0"
"14491","78676307","14491","31","1","1","7","6","0","1","1","1","0"
"14492","78676307","14492","81","1","1","7","0","0","1","0","1","0"
"14493","78676307","14493","71","1","1","7","6","1","0","1","2","0"
"14494","78676307","14494","71","1","1","7","6","0","1","1","1","0"
"14495","78676407","14495","16","3","1","1","6","0","2","1","1","0"
"14496","78676407","14496","11","1","3","2","7","1","0","1","2","0"
"14497","78676407","14497","11","3","1","7","6","0","1","1","1","0"
"14498","78676407","14498","14","1","1","7","4","1","0","1","2","0"
"14499","78676407","14499","11","1","1","7","6","1","1","2","2","0"
"14500","78676407","14500","14","1","1","7","6","1","0","2","2","0"
"14501","78676407","14501","11","1","1","7","6","0","1","1","1","0"
"14502","78676503","14502","52","3","3","2","7","0","2","2","1","0"
"14503","78677304","14503","11","1","1","7","7","0","1","1","1","0"
"14504","78677304","14504","51","1","1","7","6","0","1","3","1","0"
"14505","78677304","14505","11","3","1","7","6","0","2","1","1","0"
"14506","78685203","14506","19","5","1","7","6","0","1","1","1","0"
"14507","78685203","14507","13","1","2","2","6","2","0","3","2","0"
"14508","78685203","14508","13","2","1","7","4","1","0","1","2","0"
"14509","78685203","14509","52","1","6","7","0","0","2","0","3","0"
"14510","78687502","14510","13","1","1","7","6","0","1","1","1","0"
"14511","78687502","14511","13","1","1","7","6","0","1","1","1","0"
"14512","78687502","14512","13","1","1","7","6","1","1","0","2","0"
"14513","78687502","14513","13","1","1","7","6","0","1","1","1","0"
"14514","78687502","14514","31","3","1","7","4","1","0","1","2","0"
"14515","78687502","2849","13","1","1","7","6","1","1","0","2","0"
"14516","78687502","14516","32","1","1","7","6","1","0","1","2","0"
"14517","78687502","14517","11","1","1","7","7","0","1","1","1","0"
"14518","78691405","14518","16","1","1","7","5","1","1","1","2","0"
"14519","78691507","14519","99","1","1","7","6","1","0","2","2","0"
"14520","78692103","14520","13","5","1","7","3","1","0","1","2","0"
"14521","78692103","14521","13","1","1","1","5","1","0","1","2","0"
"14522","78692105","14522","13","1","1","7","6","1","1","0","2","0"
"14523","78694405","14523","13","1","1","2","6","1","0","1","2","0"
"14524","78694405","14524","13","1","1","7","6","1","0","1","2","0"
"14525","78694405","14525","13","1","1","2","6","1","1","0","2","0"
"14526","78694405","14526","13","3","3","1","6","0","3","0","1","0"
"14527","78694405","14527","24","1","3","2","6","0","4","0","1","0"
"14528","78694405","14528","13","3","1","7","5","0","1","1","1","0"
"14529","78694405","14529","13","5","1","7","6","1","0","1","2","0"
"14530","78695502","14530","16","1","1","7","4","1","0","1","2","0"
"14531","78695502","14531","21","1","1","7","6","1","3","0","2","0"
"14532","78704307","14532","14","1","1","7","3","1","0","1","2","0"
"14533","78706103","14533","52","1","3","2","6","0","2","0","1","0"
"14534","78706103","14534","81","3","3","1","6","0","2","0","1","0"
"14535","78706205","14535","51","1","1","7","4","1","0","1","2","0"
"14536","78706205","14536","51","1","1","7","6","0","1","0","1","0"
"14537","78706205","14537","14","1","1","7","6","1","0","1","2","0"
"14538","78706205","14538","11","1","1","7","6","0","2","1","1","0"
"14539","78706205","14539","11","3","1","7","6","0","4","0","1","0"
"14540","78706205","14540","51","2","3","2","6","1","0","1","2","0"
"14541","78706205","14541","51","1","1","7","6","1","0","1","2","0"
"14542","78706205","14542","81","1","1","7","1","0","1","1","1","0"
"14543","78706205","14543","11","1","1","7","7","1","0","1","2","0"
"14544","78706205","14544","81","3","3","1","6","0","1","0","3","0"