"accident_id","lieu_id","date_id","cause_id","lum_id","intemp_id","etat_surface_id","impliq_id","nb_blesses_graves","nb_blesses_legers","nb_indemnes","gravite","nb_morts"
"14545","78706205","14545","11","3","1","7","6","0","1","2","1","0"
"14546","78706205","14546","71","1","1","7","6","0","1","1","1","0"
"14547","78706410","14547","11","1","1","7","6","2","0","1","2","0"
"14548","78706410","14548","32","3","1","7","6","0","2","1","1","0"
"14549","78706410","14549","81","3","1","7","6","2","0","1","2","0"
"14550","78706410","14550","11","1","1","7","6","0","1","1","1","0"
"14551","78706410","14551","11","1","1","7","6","1","1","0","2","0"
"14552","78706410","14552","81","5","1","1","6","0","2","0","1","0"
"14553","78706410","14553","51","1","1","7","6","0","1","1","1","0"
"14554","78706410","14554","11","1","1","7","6","0","1","1","1","0"
"14555","78706410","14555","11","1","1","7","6","1","0","1","2","0"
"14556","78706410","14556","81","5","2","1","6","0","0","1","3","0"
"14557","78706410","14557","16","3","3","1","4","0","1","0","3","0"
"14558","78706410","14558","11","1","1","7","8","0","1","1","1","0"
"14559","78707302","14559","21","1","1","7","9","1","1","1","3","2"
"14560","78717103","14560","51","1","1","7","6","1","0","0","2","0"
"14561","78717103","14561","51","1","1","7","6","0","2","1","1","0"
"14562","78717103","14562","21","3","3","1","6","2","0","1","2","0"
"14563","78717302","14563","16","1","1","7","6","1","0","1","2","0"
"14564","78717302","14564","13","1","1","7","6","0","1","1","1","0"
"14565","78717302","14565","16","3","1","7","6","1","0","1","2","0"
"14566","78717302","14566","16","2","4","3","6","1","1","0","2","0"
"14567","78717302","14567","52","3","1","2","0","0","1","0","1","0"
"14568","78717402","14568","72","3","1","7","6","0","1","1","1","0"
"14569","78717402","14569","51","5","1","7","6","0","2","1","1","0"
"14570","78731302","14570","11","3","1","7","6","0","2","1","1","0"
"14571","78731401","14571","19","1","1","7","4","0","1","1","1","0"
"14572","78731410","14572","11","3","1","7","4","0","1","1","1","0"
"14573","78731410","14573","11","1","1","7","6","0","1","1","1","0"
"14574","78731410","14574","11","1","1","7","6","0","1","1","1","0"
"14575","78731410","14575","11","1","1","7","3","0","1","1","1","0"
"14576","78731410","14576","11","1","1","7","6","0","1","1","1","0"
"14577","78731410","14577","11","1","1","7","6","0","2","1","1","0"
"14578","78731410","14578","62","1","1","7","2","0","1","1","1","0"
"14579","78731410","14579","11","1","1","7","8","0","1","1","1","0"
"14580","78731504","14580","13","3","2","1","3","0","1","1","1","0"
"14581","78731504","14581","51","1","1","7","6","0","2","1","1","0"
"14582","78731504","14582","13","3","1","7","6","1","0","1","2","0"
"14583","78731504","14583","42","1","1","7","2","0","1","1","1","0"
"14584","78731505","14584","52","1","1","7","0","0","1","0","1","0"
"14585","78731505","14585","16","1","1","7","6","0","1","2","1","0"
"14586","78732204","14586","81","1","1","7","6","1","0","1","2","0"
"14587","78732204","14587","22","1","1","7","6","0","1","1","1","0"
"14588","78732302","14588","11","1","1","7","6","0","1","1","1","0"
"14589","78732302","14589","35","1","1","7","3","0","1","0","1","0"
"14590","78732401","14590","18","1","1","7","5","0","1","1","1","0"
"14591","78732401","14591","11","1","1","7","6","0","1","1","1","0"
"14592","78732401","14592","11","1","1","7","6","1","0","1","2","0"
"14593","78732401","14593","11","1","1","7","6","0","1","2","1","0"
"14594","78732401","14594","11","1","1","7","6","0","1","1","1","0"
"14595","78732401","14595","11","1","1","7","6","0","1","1","1","0"
"14596","78732401","14596","11","1","1","7","6","0","3","1","1","0"
"14597","78732401","14597","11","2","3","2","6","0","1","1","1","0"
"14598","78732504","14598","71","1","1","7","6","0","1","1","1","0"
"14599","78733405","14599","13","2","1","7","6","0","1","1","1","0"
"14600","78733501","14600","11","2","3","2","8","1","1","1","2","0"
"14601","78733501","14601","14","1","1","7","6","0","2","1","1","0"
"14602","78733501","14602","11","1","1","7","6","0","1","1","1","0"
"14603","78733501","14603","11","1","1","7","6","1","1","0","2","0"
"14604","78733501","14604","11","1","1","7","6","0","3","0","1","0"
"14605","78733502","14605","52","1","1","7","0","0","2","0","1","0"
"14606","78733508","14606","52","1","4","4","6","1","0","2","2","0"
"14607","78734104","14607","19","1","1","7","6","0","3","0","1","0"
"14608","78734104","14608","16","3","1","7","6","0","2","0","1","0"
"14609","78734104","14609","81","1","1","7","6","0","2","0","1","0"
"14610","78734104","14610","19","1","1","7","6","0","3","0","1","0"
"14611","78734104","14611","13","3","1","7","6","0","2","1","1","0"
"14612","78734104","14612","19","2","1","7","5","0","1","1","1","0"
"14613","78734104","14613","16","1","4","1","6","0","1","2","1","0"
"14614","78734104","14614","19","3","1","1","6","0","1","2","1","0"
"14615","78734104","14615","19","1","1","7","6","0","1","1","1","0"
"14616","78734104","14616","19","1","1","7","6","0","2","1","3","2"
"14617","78734104","14617","19","3","3","1","6","0","3","0","1","0"
"14618","78734104","14618","19","2","3","2","6","0","1","1","1","0"
"14619","78734408","14619","71","3","1","7","6","0","1","1","1","0"
"14620","78734408","14620","72","3","3","1","6","0","1","1","1","0"
"14621","78734408","14621","18","1","1","7","6","0","1","1","1","0"
"14622","78734408","14622","67","1","1","7","6","0","1","2","1","0"
"14623","78735309","14623","19","3","1","7","6","0","5","1","1","0"
"14624","78735501","14624","42","1","1","7","6","0","1","1","1","0"
"14625","78741104","14625","52","1","1","7","7","0","1","2","1","0"
"14626","78741104","14626","41","3","1","7","6","0","2","2","1","0"
"14627","78741204","14627","17","1","1","7","2","0","1","1","1","0"
"14628","78741204","14628","31","1","1","7","6","0","1","1","1","0"
"14629","78741204","14629","17","1","5","2","2","0","1","1","1","0"
"14630","78741204","14630","17","3","1","7","2","0","1","1","1","0"
"14631","78741209","14631","61","1","1","7","3","0","1","1","1","0"
"14632","78741209","14632","51","1","1","7","6","0","1","1","1","0"
"14633","78741214","14633","16","1","1","7","6","0","1","1","1","0"
"14634","78741214","14634","51","1","3","2","6","0","1","1","1","0"
"14635","78741214","14635","13","3","3","1","6","0","1","1","1","0"
"14636","78741214","14636","64","1","1","7","6","0","1","1","1","0"
"14637","78741215","14637","17","1","1","7","2","1","0","1","2","0"
"14638","78741215","14638","51","1","1","7","6","0","3","2","1","0"
"14639","78741215","14639","13","1","3","1","5","0","1","1","1","0"
"14640","78741215","14640","31","1","1","7","6","0","1","1","1","0"
"14641","78741215","14641","13","1","3","1","6","0","1","1","1","0"
"14642","78741215","14642","16","3","1","7","4","0","1","1","1","0"
"14643","78741307","14643","21","3","1","7","3","0","1","1","1","0"
"14644","78741307","14644","14","1","1","7","6","0","1","1","1","0"
"14645","78741404","14645","14","1","1","7","6","0","1","1","1","0"
"14646","78741404","14646","13","1","1","7","6","0","1","2","1","0"
"14647","78741406","14647","52","2","3","2","6","0","1","2","1","0"
"14648","78743101","14648","81","3","3","2","6","1","0","1","2","0"
"14649","78743101","12422","13","3","1","7","5","0","1","1","1","0"
"14650","78743101","14650","52","1","1","7","0","1","3","0","2","0"
"14651","78743101","14651","13","3","1","7","4","0","1","1","1","0"
"14652","78743101","14652","52","4","1","7","6","0","1","1","1","0"
"14653","78743113","14653","13","3","3","1","6","0","1","1","1","0"
"14654","78743201","14654","81","3","1","1","6","0","1","1","1","0"
"14655","78743204","14655","13","3","1","7","6","0","1","1","1","0"
"14656","78743204","14656","13","2","1","7","5","0","1","1","1","0"
"14657","78743301","14657","17","1","1","7","2","0","2","0","1","0"
"14658","78743301","14658","16","3","1","1","6","0","1","1","1","0"
"14659","78743301","14659","16","1","1","7","4","0","1","1","1","0"
"14660","78743301","14660","16","1","1","7","4","0","1","1","1","0"
"14661","78743301","14661","51","1","1","7","6","0","3","0","1","0"
"14662","78743301","14662","11","1","1","7","6","0","1","1","1","0"
"14663","78743301","14663","16","1","1","7","6","0","1","1","1","0"
"14664","78743301","14664","17","1","6","1","2","0","2","0","1","0"
"14665","78743301","14665","11","3","3","2","7","0","2","1","1","0"
"14666","78743301","14666","11","1","1","7","6","0","1","2","1","0"
"14667","78743302","14667","63","1","1","7","6","0","2","0","1","0"
"14668","78743302","14668","36","1","1","7","6","0","1","1","1","0"
"14669","78743302","14669","17","1","1","7","2","0","2","1","1","0"
"14670","78744101","14670","18","1","1","7","5","0","1","1","1","0"
"14671","78744101","14671","18","1","1","7","6","0","1","1","1","0"
"14672","78744201","14672","41","1","3","1","1","0","1","1","1","0"
"14673","78744201","14673","13","3","1","7","6","0","1","1","1","0"
"14674","78744201","14674","17","3","1","7","2","1","0","1","2","0"
"14675","78744201","14675","81","1","3","2","6","0","1","0","1","0"
"14676","78744201","14676","13","4","1","7","6","0","4","0","1","0"
"14677","78744201","14677","13","3","1","7","6","0","2","0","1","0"
"14678","78744203","14678","72","1","1","7","4","0","2","1","1","0"
"14679","78744203","14679","16","1","1","7","6","0","1","2","1","0"
"14680","78744203","14680","71","1","1","7","6","0","1","2","1","0"
"14681","78744302","14681","13","1","3","2","5","0","1","1","1","0"
"14682","78744302","14682","71","1","1","7","6","1","0","1","2","0"
"14683","78744302","3751","17","1","1","7","2","0","1","1","1","0"
"14684","78744302","14684","63","1","1","7","4","0","1","1","1","0"
"14685","78744302","14685","17","1","1","7","2","0","1","1","1","0"
"14686","78744302","14686","52","3","1","7","6","0","1","1","1","0"
"14687","78744302","14687","17","1","3","2","2","0","1","1","1","0"
"14688","78744302","14688","17","1","1","7","2","0","1","1","1","0"
"14689","78744302","14689","17","5","3","1","2","1","0","2","2","0"
"14690","78744302","14690","17","1","1","7","2","0","1","1","1","0"
"14691","78744302","14691","71","1","1","7","6","0","1","1","1","0"
"14692","78744302","14692","17","1","1","7","2","0","1","1","1","0"
"14693","78744302","14693","13","2","1","7","6","0","2","1","1","0"
"14694","78744302","14694","17","2","2","1","2","0","1","1","1","0"
"14695","78744302","14695","17","1","3","1","2","0","1","1","1","0"
"14696","78744302","14696","17","1","1","7","2","1","0","1","2","0"
"14697","78744302","14697","13","2","1","7","6","0","2","1","1","0"
"14698","78744303","14698","16","1","1","7","5","0","1","1","1","0"
"14699","78744303","14699","16","1","1","7","4","0","1","1","1","0"
"14700","78744303","14700","31","1","1","7","6","0","1","1","1","0"
"14701","78744303","14701","52","3","3","1","6","0","4","0","1","0"
"14702","78744303","14702","52","2","2","1","6","0","2","0","1","0"
"14703","78744303","14703","17","1","3","1","2","0","1","1","1","0"
"14704","78744304","14704","17","2","1","7","2","1","1","1","2","0"
"14705","78744304","14705","17","3","2","2","2","0","1","1","1","0"
"14706","78744304","14706","17","1","1","7","2","0","1","1","1","0"
"14707","78745301","14707","13","1","1","7","4","0","1","1","1","0"
"14708","78745307","14708","51","1","1","7","6","0","1","2","1","0"
"14709","78745307","14709","51","1","1","7","4","0","1","1","1","0"
"14710","78745307","14710","51","1","1","7","6","0","2","1","1","0"
"14711","78745307","14711","51","5","1","7","8","0","3","1","1","0"
"14712","78745307","14712","11","1","1","7","6","0","1","1","1","0"
"14713","78745307","14713","21","3","3","1","6","0","3","2","1","0"
"14714","78745307","14714","11","3","3","2","6","0","1","2","1","0"
"14715","78745307","14715","15","1","1","7","6","0","1","1","1","0"
"14716","78745307","14716","51","1","1","7","6","0","1","1","1","0"
"14717","78745501","13788","14","1","1","7","6","0","1","1","1","0"
"14718","78746202","14718","73","2","1","7","6","0","1","1","1","0"
"14719","78746306","14719","18","1","1","7","3","0","1","1","1","0"
"14720","78746306","14720","14","1","1","7","6","0","1","1","1","0"
"14721","78746306","14721","17","3","1","7","2","0","1","1","1","0"
"14722","78746311","14722","51","1","3","2","6","0","1","1","1","0"
"14723","78746315","14723","52","3","1","6","0","0","3","0","1","0"
"14724","78746401","14724","11","3","3","1","5","0","1","1","1","0"
"14725","78746407","14725","11","5","1","7","6","0","1","1","1","0"
"14726","78746407","14726","51","1","1","7","8","0","1","1","1","0"
"14727","78746407","14727","51","1","1","7","6","0","1","2","1","0"
"14728","78746407","14728","71","1","1","7","6","0","2","1","1","0"
"14729","78746407","14729","11","3","1","1","6","0","1","1","1","0"
"14730","78746409","14730","72","1","1","7","6","0","1","1","1","0"
"14731","78746409","14731","71","1","1","7","4","0","1","1","1","0"
"14732","78746410","14732","17","1","1","7","2","0","1","1","1","0"
"14733","78746416","14733","11","1","3","1","6","0","1","1","1","0"
"14734","78746416","14734","15","3","1","4","6","0","1","1","1","0"
"14735","78746416","14735","11","1","1","7","5","0","1","1","1","0"
"14736","78746416","14736","15","1","1","7","7","0","1","1","1","0"
"14737","78746416","14737","18","3","1","7","4","0","1","1","1","0"
"14738","78746416","14738","11","1","1","7","6","0","2","1","1","0"
"14739","78746416","14739","11","1","1","7","6","0","1","1","1","0"
"14740","78746416","14740","11","5","1","7","6","0","2","0","1","0"
"14741","78746416","14741","11","3","1","7","6","0","2","1","1","0"
"14742","78746416","14742","11","1","1","7","6","0","1","1","1","0"
"14743","78746416","14743","11","1","3","2","6","1","1","0","2","0"
"14744","78746504","14744","17","1","1","7","2","1","0","1","2","0"
"14745","78747104","14745","51","1","1","7","6","0","1","1","1","0"
"14746","78747112","14746","11","1","1","7","6","0","2","1","1","0"
"14747","78747112","14747","41","3","1","7","6","0","1","1","1","0"
"14748","78747112","14748","11","1","1","7","6","0","1","1","1","0"
"14749","78747112","14749","15","1","1","7","6","0","1","3","1","0"
"14750","78747112","14750","11","1","1","7","6","0","2","0","1","0"
"14751","78747112","14751","41","1","1","7","4","0","1","1","1","0"
"14752","78747112","14752","11","1","1","7","6","0","1","2","1","0"
"14753","78747112","14753","81","1","1","7","6","0","2","2","1","0"
"14754","78747112","14754","51","1","1","7","6","0","1","1","1","0"
"14755","78747308","14755","51","1","1","7","6","0","1","4","1","0"
"14756","78747308","14756","52","1","1","7","0","0","1","0","1","0"
"14757","78747501","14757","11","3","1","7","4","0","1","1","1","0"
"14758","78747501","14758","16","1","1","7","4","0","1","1","1","0"
"14759","78747502","14759","11","1","1","7","6","1","0","1","2","0"
"14760","78747502","14760","51","1","1","7","6","0","1","1","1","0"
"14761","78747504","14761","64","1","1","7","8","0","1","1","1","0"
"14762","78747508","14762","13","1","1","7","2","0","1","1","1","0"
"14763","78747510","14763","11","3","3","1","5","2","0","0","2","0"
"14764","78747510","14764","11","1","1","7","6","0","1","1","1","0"
"14765","78747510","14765","51","1","1","7","6","0","1","1","1","0"
"14766","78747510","14761","64","1","1","7","8","0","1","1","1","0"
"14767","78747510","14767","81","3","3","2","6","0","1","1","1","0"
"14768","78747510","14768","51","1","1","7","6","0","1","1","1","0"
"14769","78747510","14769","11","3","3","2","6","0","2","1","1","0"
"14770","78747510","14770","71","3","1","7","6","0","1","1","1","0"
"14771","78747510","14771","11","3","1","7","6","0","1","1","1","0"
"14772","78751504","14772","19","1","1","7","6","1","0","1","2","0"
"14773","78751504","14773","19","1","1","7","6","0","1","1","1","0"
"14774","78751504","14774","31","1","1","7","6","0","1","0","3","0"
"14775","78751504","14775","19","3","1","7","6","0","1","0","1","0"
"14776","78751504","14776","13","3","1","7","4","0","1","1","1","0"
"14777","78751504","14777","13","3","3","2","4","0","1","1","1","0"
"14778","78751504","14778","16","1","1","7","4","1","0","1","2","0"
"14779","78751504","14779","19","1","1","7","6","0","1","0","1","0"
"14780","78751504","14780","19","3","1","7","5","0","2","0","1","0"
"14781","78751504","14781","13","1","1","7","6","0","1","1","1","0"
"14782","78751504","14782","85","5","1","1","6","0","0","1","3","0"
"14783","78751504","14783","13","1","1","7","6","0","1","2","1","0"
"14784","78751504","14784","13","1","1","7","6","0","1","1","1","0"
"14785","78751504","14785","16","1","1","7","6","0","2","2","1","0"
"14786","78751504","14786","13","3","1","2","6","0","1","1","1","0"
"14787","78751504","14787","13","3","1","7","5","0","1","1","1","0"
"14788","78752102","14788","14","1","3","2","7","0","1","1","1","0"
"14789","78753102","14789","14","1","1","3","7","0","2","1","1","0"
"14790","78754107","14790","52","1","3","1","0","0","1","1","1","0"
"14791","78754201","14791","18","1","1","7","6","0","1","4","1","0"
"14792","78754201","14792","18","1","1","7","6","0","1","1","1","0"
"14793","78755106","14793","71","1","3","1","6","0","1","1","1","0"
"14794","78755204","14794","71","1","1","7","6","0","1","1","1","0"
"14795","78755204","14795","71","1","1","7","6","0","1","1","1","0"
"14796","78755204","14796","51","1","1","7","6","0","1","3","1","0"
"14797","78755206","14797","14","1","1","7","4","0","2","1","1","0"
"14798","78755206","14798","72","1","1","7","6","1","0","1","2","0"
"14799","78755206","14799","17","1","1","7","1","0","1","2","1","0"
"14800","78755209","14800","35","1","1","7","7","0","1","2","1","0"
"14801","78756201","14801","71","1","1","7","6","0","1","1","1","0"
"14802","78756201","14802","17","1","3","2","2","1","0","1","2","0"
"14803","78756202","14803","63","1","1","7","6","0","2","1","1","0"
"14804","78756203","14804","11","1","1","7","6","0","1","1","1","0"
"14805","78756502","14805","81","3","1","7","6","0","1","2","1","0"
"14806","78756502","5752","51","2","3","2","2","0","1","1","1","0"
"14807","78756503","2083","11","1","1","7","6","0","1","1","1","0"
"14808","78756503","14808","11","1","1","7","6","0","1","1","1","0"
"14809","78756503","14809","51","1","3","2","6","0","1","1","1","0"
"14810","78756503","14810","51","1","1","7","6","1","0","1","2","0"
"14811","78756503","14811","16","1","3","2","8","0","1","1","1","0"
"14812","78756503","14812","17","1","3","2","2","0","1","1","1","0"
"14813","78756503","14813","52","1","1","7","0","0","1","0","1","0"
"14814","78756503","14814","11","1","3","2","6","1","3","0","2","0"
"14815","78756503","14815","11","1","3","2","6","1","2","0","2","0"
"14816","78756503","14816","11","3","1","7","6","0","1","3","1","0"
"14817","78756503","14817","11","3","1","7","6","1","1","1","2","0"
"14818","78756503","14818","11","3","3","1","6","0","1","1","1","0"
"14819","78756503","14819","51","5","2","1","6","0","1","3","1","0"
"14820","78757101","14820","35","1","1","7","4","0","1","1","1","0"
"14821","78757103","14821","41","1","6","2","6","0","1","1","1","0"
"14822","78757103","14822","17","1","1","7","2","0","1","1","1","0"
"14823","78757107","14823","41","1","1","7","6","0","1","2","1","0"
"14824","78757301","14824","51","1","1","7","6","0","1","1","1","0"
"14825","78757302","14825","13","1","1","7","4","0","1","1","1","0"
"14826","78757302","14826","13","1","1","7","6","0","2","1","1","0"
"14827","78757302","14827","13","1","1","7","6","0","4","1","1","0"
"14828","78757302","14828","13","1","1","7","5","0","1","1","1","0"
"14829","78757302","14829","13","1","1","7","6","0","2","1","1","0"
"14830","78757501","14830","64","1","1","7","6","0","1","1","1","0"
"14831","78757501","14831","31","1","1","7","6","0","1","1","1","0"
"14832","78757502","14832","21","1","1","7","3","0","1","1","1","0"
"14833","78757502","14833","16","1","1","7","4","0","1","1","1","0"
"14834","78757502","14834","16","5","1","7","4","0","1","1","1","0"
"14835","78757502","14835","16","2","1","7","6","0","2","0","1","0"
"14836","78757502","14836","16","1","1","7","5","0","1","1","1","0"
"14837","78757502","14837","16","3","1","7","5","1","0","1","2","0"
"14838","78757504","14838","51","1","1","7","6","0","1","2","1","0"
"14839","78757504","14839","16","5","1","7","4","0","1","1","1","0"
"14840","78757504","14840","81","3","3","1","6","0","1","2","1","0"
"14841","78757504","14841","11","3","1","7","6","1","0","1","2","0"
"14842","78757504","14842","11","2","1","7","6","0","1","3","1","0"
"14843","78757504","14843","11","2","3","1","6","0","2","1","1","0"
"14844","78757504","14844","16","1","1","1","6","0","2","0","1","0"
"14845","78757504","14845","11","1","1","7","6","1","2","0","2","0"
"14846","78757504","14846","11","1","1","7","6","0","1","1","1","0"
"14847","78757504","14847","11","1","1","7","6","0","2","1","1","0"
"14848","78757504","14848","51","3","1","7","6","0","1","1","1","0"
"14849","78757507","14849","72","1","1","7","6","0","1","1","1","0"
"14850","78761202","14850","52","1","1","7","6","0","1","1","1","0"
"14851","78761302","14851","19","1","1","7","6","0","3","0","1","0"
"14852","78761302","14852","19","1","1","7","8","0","4","1","1","0"
"14853","78761302","14853","19","1","1","7","8","0","1","1","1","0"
"14854","78761302","14854","19","1","1","7","6","0","2","0","1","0"
"14855","78761302","5004","19","1","1","7","6","0","3","2","1","0"
"14856","78761302","14856","19","1","1","7","4","0","1","1","1","0"
"14857","78761302","14857","19","1","1","7","6","0","2","2","1","0"
"14858","78761303","14858","18","1","1","7","4","0","2","0","1","0"
"14859","78761303","14859","64","1","1","7","4","1","0","1","2","0"
"14860","78761303","14860","81","3","1","7","0","0","1","0","1","0"
"14861","78761303","14861","16","1","1","7","6","0","2","0","1","0"
"14862","78761303","14862","11","1","1","7","6","0","1","3","1","0"
"14863","78761303","14863","16","2","1","7","5","0","1","0","1","0"
"14864","78761303","14864","11","3","4","4","5","0","1","1","1","0"
"14865","78761304","14865","13","1","1","7","4","0","1","1","1","0"
"14866","78761305","14866","16","1","1","7","6","0","2","1","1","0"
"14867","78761305","14867","16","1","1","7","5","0","1","1","3","0"
"14868","78761520","14868","64","1","1","7","5","0","1","1","1","0"
"14869","78761520","14869","16","1","1","7","5","1","0","1","2","0"
"14870","78761520","14870","51","3","1","7","6","0","2","0","1","0"
"14871","78761521","14871","71","1","3","2","6","0","1","1","1","0"
"14872","78761521","14872","17","1","1","7","2","1","0","1","2","0"
"14873","78761521","14873","64","1","1","7","6","0","1","1","1","0"
"14874","78761521","14874","71","3","1","7","6","0","1","1","1","0"
"14875","78761521","14875","51","3","3","2","6","0","1","3","1","0"
"14876","78762401","14876","72","1","1","7","6","0","1","1","1","0"
"14877","78762403","14877","72","3","2","2","3","0","1","0","1","0"
"14878","78762405","14878","17","1","1","7","2","0","1","1","1","0"
"14879","78762405","14879","11","1","1","2","6","0","1","1","1","0"
"14880","78762405","14880","17","1","1","7","2","0","1","1","1","0"
"14881","78762405","14881","17","2","1","7","2","0","1","1","1","0"
"14882","78762405","14882","16","1","1","7","3","0","1","1","1","0"
"14883","78762405","14883","11","1","1","7","6","0","1","1","1","0"
"14884","78762501","14884","63","1","1","7","5","0","1","1","1","0"
"14885","78762503","14885","17","3","3","1","2","1","0","1","2","0"
"14886","78762504","14886","26","1","3","2","1","0","1","1","1","0"
"14887","78762504","14887","23","2","1","7","4","0","1","1","1","0"
"14888","78762504","14888","16","1","1","7","6","0","4","0","1","0"
"14889","78762504","14889","17","3","1","7","2","0","2","0","1","0"
"14890","78762504","14890","17","1","1","7","2","0","1","1","1","0"
"14891","78762504","14891","17","1","1","7","2","1","0","1","2","0"
"14892","78762504","14892","17","1","1","7","2","0","1","1","1","0"
"14893","78762504","14893","51","1","1","7","6","0","1","1","1","0"
"14894","78762504","14894","17","3","2","1","2","1","0","1","2","0"
"14895","78762504","14895","17","1","1","7","2","1","0","1","2","0"
"14896","78762504","14896","17","1","1","7","2","0","1","1","1","0"
"14897","78762510","14897","17","1","1","7","2","0","1","1","1","0"
"14898","78762510","14898","13","1","1","7","6","1","3","0","2","0"
"14899","78763104","14899","17","1","1","7","2","0","1","1","1","0"
"14900","78763201","14900","72","1","1","7","6","0","1","1","1","0"
"14901","78763203","14901","31","1","1","1","7","0","1","1","1","0"
"14902","78763203","14902","72","1","1","7","6","0","1","1","1","0"
"14903","78763203","14903","13","1","1","2","4","0","1","1","1","0"
"14904","78763403","14904","71","3","1","7","4","0","1","1","1","0"
"14905","78763403","14905","13","1","3","1","5","1","0","1","2","0"
"14906","78763403","14906","13","1","1","7","5","0","1","2","1","0"
"14907","78763403","14907","16","1","1","7","6","0","1","1","1","0"
"14908","78763403","14908","16","1","1","7","4","0","1","1","1","0"
"14909","78763403","14909","16","3","1","7","4","0","1","1","1","0"
"14910","78763403","14910","17","1","1","7","2","0","1","1","1","0"
"14911","78763403","14911","17","1","1","7","2","0","1","1","1","0"
"14912","78763403","14912","13","1","1","7","4","0","1","1","1","0"
"14913","78763403","14913","17","1","1","7","2","0","1","1","1","0"
"14914","78763404","14914","16","1","1","7","5","1","0","3","2","0"
"14915","78763404","14915","17","1","2","2","2","0","1","1","1","0"
"14916","78763404","14916","81","1","1","7","4","0","0","1","3","0"
"14917","78763404","14917","71","1","2","1","6","0","1","1","1","0"
"14918","78763404","14918","16","1","3","1","6","0","1","1","1","0"
"14919","78763404","14919","20","1","1","7","2","1","0","0","2","0"
"14920","78763510","14920","21","1","1","7","6","0","2","0","1","0"
"14921","78763510","14921","17","1","1","7","2","0","1","1","1","0"
"14922","78763510","14922","13","3","1","7","4","0","1","1","1","0"
"14923","78763511","14923","25","3","1","7","0","0","1","0","1","0"
"14924","78763513","14924","14","1","1","7","6","0","2","2","1","0"
"14925","78763515","14925","13","1","1","7","6","0","1","1","1","0"
"14926","78763515","14926","52","1","1","7","0","0","1","0","1","0"
"14927","78764104","14927","63","1","1","7","4","0","1","1","1","0"
"14928","78764106","14928","14","1","1","2","6","0","1","1","1","0"
"14929","78764107","14929","14","1","1","7","6","0","1","1","1","0"
"14930","78764107","14930","14","3","3","2","6","0","1","1","1","0"
"14931","78764107","14931","19","1","1","7","4","1","0","1","2","0"
"14932","78764107","14932","14","1","1","7","6","1","0","1","2","0"
"14933","78764107","14933","14","1","1","7","6","0","1","1","1","0"
"14934","78764107","14934","81","3","1","7","6","0","2","0","1","0"
"14935","78764107","14935","13","1","1","7","4","0","1","1","1","0"
"14936","78764109","14936","63","1","3","1","4","0","1","1","1","0"
"14937","78764110","14937","14","1","1","7","6","1","0","1","2","0"
"14938","78764110","14938","16","1","1","7","6","0","1","1","1","0"
"14939","78764112","14939","64","1","1","7","6","0","1","1","1","0"
"14940","78764201","14940","14","1","1","7","6","0","2","0","1","0"
"14941","78764303","14941","42","1","1","7","6","0","1","1","1","0"
"14942","78764303","14942","41","1","1","7","6","0","1","1","1","0"
"14943","78764303","14943","71","1","1","7","6","1","0","1","2","0"
"14944","78764305","14944","11","1","1","7","6","0","1","1","1","0"
"14945","78764305","14945","41","1","1","7","6","0","1","1","1","0"
"14946","78764305","14946","11","1","1","7","6","0","1","1","1","0"
"14947","78764305","14947","11","1","1","7","6","0","1","1","1","0"
"14948","78764307","14948","17","1","1","7","2","0","1","1","1","0"
"14949","78764307","14949","16","1","1","7","4","0","1","1","1","0"
"14950","78764307","14950","52","3","1","7","0","0","2","1","3","0"
"14951","78764307","14951","52","3","1","7","0","0","2","0","1","0"
"14952","78764410","14952","52","1","1","7","6","0","1","0","1","0"
"14953","78764410","14953","52","3","1","1","6","0","3","0","1","0"
"14954","78765201","14954","15","1","1","7","6","0","2","1","1","0"
"14955","78765201","14955","15","1","1","7","6","1","0","1","2","0"
"14956","78765201","14956","14","1","1","7","3","0","1","1","1","0"
"14957","78765201","14957","11","1","1","7","6","0","1","2","1","0"
"14958","78765201","14958","15","1","3","2","6","0","2","1","1","0"
"14959","78765201","14959","11","1","1","7","6","0","1","1","1","0"
"14960","78765201","14960","11","1","1","7","6","0","3","1","1","0"
"14961","78765201","14961","11","1","1","7","6","0","1","1","1","0"
"14962","78765201","14962","11","1","1","7","6","0","2","1","1","0"
"14963","78765201","14963","51","3","1","7","6","0","1","2","1","0"
"14964","78765201","14964","11","1","1","7","8","0","1","1","1","0"
"14965","78765201","14965","81","1","1","7","6","0","3","0","1","0"
"14966","78765201","14966","11","1","1","7","6","1","0","1","2","0"
"14967","78765202","14967","11","3","1","7","3","0","1","1","1","0"
"14968","78765202","14968","16","3","1","7","4","0","1","1","1","0"