"accident_id","lieu_id","date_id","cause_id","lum_id","intemp_id","etat_surface_id","impliq_id","nb_blesses_graves","nb_blesses_legers","nb_indemnes","gravite","nb_morts"
"14969","78765203","14969","16","1","1","7","4","0","1","1","1","0"
"14970","78765203","14970","23","1","3","2","6","0","1","1","1","0"
"14971","78765203","14971","31","1","1","7","6","0","1","1","1","0"
"14972","78765206","14972","23","1","1","7","4","0","1","1","1","0"
"14973","78765206","14973","71","1","1","2","6","0","1","1","1","0"
"14974","78765301","14974","23","1","1","7","5","0","1","1","1","0"
"14975","78765301","14975","17","1","1","7","2","0","0","1","3","0"
"14976","78765301","14976","41","1","1","7","2","0","1","1","1","0"
"14977","78765301","14977","81","3","1","7","0","1","0","0","2","0"
"14978","78765301","14978","52","3","3","2","6","0","2","3","1","0"
"14979","78765302","14979","72","1","1","2","6","0","1","1","1","0"
"14980","78765308","14980","15","1","1","7","6","0","2","0","1","0"
"14981","78765308","14981","35","1","1","7","4","0","1","1","1","0"
"14982","78765308","14982","11","1","1","7","6","0","2","1","1","0"
"14983","78765308","14983","11","3","1","1","6","0","1","1","1","0"
"14984","78765308","14984","11","1","3","1","6","0","1","1","1","0"
"14985","78765312","14985","22","1","1","7","4","0","2","0","1","0"
"14986","78765312","14986","13","1","1","7","5","0","1","1","1","0"
"14987","78765312","14987","13","2","3","1","5","0","2","1","1","0"
"14988","78765410","14988","86","1","1","7","6","0","1","1","1","0"
"14989","78765410","14989","35","3","1","1","6","0","1","1","1","0"
"14990","78766102","14990","52","1","1","7","0","0","2","0","1","0"
"14991","78766102","14991","51","2","1","1","6","0","1","1","1","0"
"14992","78766102","14992","81","3","1","7","6","0","1","1","1","0"
"14993","78766201","14993","52","3","1","7","0","0","5","0","1","0"
"14994","78766201","14994","31","2","3","2","6","0","1","1","1","0"
"14995","78766510","14995","71","1","1","7","6","0","1","1","1","0"
"14996","78766510","14996","81","3","3","2","3","0","1","1","1","0"
"14997","78766510","14997","81","3","1","7","3","0","2","1","1","0"
"14998","78766510","14998","16","1","1","7","6","0","1","1","1","0"
"14999","78766510","14999","34","3","1","7","6","0","1","1","1","0"
"15000","78766510","15000","11","3","1","2","6","0","1","1","1","0"
"15001","78766510","15001","14","1","3","1","6","0","1","1","1","0"
"15002","78766510","15002","11","1","1","7","6","1","0","1","2","0"
"15003","78766510","15003","51","5","1","7","3","1","0","1","2","0"
"15004","78766510","15004","64","1","1","7","6","1","0","1","2","0"
"15005","78766510","15005","16","1","1","7","6","0","1","1","1","0"
"15006","78766510","15006","11","1","1","7","6","0","2","1","1","0"
"15007","78766510","15007","11","1","1","7","6","0","1","1","1","0"
"15008","78766510","15008","51","1","1","7","3","0","1","1","1","0"
"15009","78766510","15009","16","1","1","7","6","0","1","2","1","0"
"15010","78766510","15010","17","1","3","2","2","0","1","1","1","0"
"15011","78766510","15011","86","1","1","7","2","0","1","1","1","0"
"15012","78767101","15012","51","1","3","2","4","0","1","1","1","0"
"15013","78767101","15013","16","3","1","7","4","0","1","1","1","0"
"15014","78767101","15014","13","3","1","7","6","0","1","1","1","0"
"15015","78767102","15015","71","3","1","7","6","0","0","1","3","0"
"15016","78767102","15016","52","2","1","7","0","0","1","0","1","0"
"15017","78767107","15017","52","5","1","7","0","0","2","0","1","0"
"15018","78767302","15018","13","1","1","7","5","0","1","1","1","0"
"15019","78767302","15019","86","1","1","7","6","0","2","1","1","0"
"15020","78767402","15020","52","1","1","7","2","0","2","1","1","0"
"15021","78767402","15021","16","3","3","2","4","0","1","1","1","0"
"15022","78767402","15022","51","1","1","7","6","0","1","1","1","0"
"15023","78767402","15023","18","1","3","1","4","1","0","1","2","0"
"15024","78767402","15024","51","1","1","7","6","0","2","1","1","0"
"15025","78771102","15025","11","1","1","7","6","0","3","0","1","0"
"15026","78771106","15026","71","2","3","2","6","0","1","1","1","0"
"15027","78771106","15027","81","1","1","7","6","0","0","2","0","0"
"15028","78771106","15028","16","1","1","7","4","0","1","1","1","0"
"15029","78771106","15029","16","3","1","7","5","1","3","1","2","0"
"15030","78771106","15030","17","1","1","7","2","1","0","1","2","0"
"15031","78771106","10854","52","3","1","7","0","0","1","0","1","0"
"15032","78771106","15032","17","3","1","7","2","1","0","1","2","0"
"15033","78771108","15033","11","1","1","7","4","1","0","1","2","0"
"15034","78771108","15034","12","1","1","7","6","0","2","1","1","0"
"15035","78771108","15035","11","3","1","7","6","0","9","0","1","0"
"15036","78771108","15036","52","3","1","7","6","0","1","1","1","0"
"15037","78771108","15037","16","1","3","2","6","0","1","1","1","0"
"15038","78771108","15038","32","1","1","7","7","0","1","1","1","0"
"15039","78771108","15039","51","1","1","7","6","0","1","1","1","0"
"15040","78771108","15040","41","3","3","2","6","0","1","1","1","0"
"15041","78771108","15041","11","3","1","7","6","0","1","1","1","0"
"15042","78771108","15042","11","3","1","7","5","0","2","1","1","0"
"15043","78771108","15043","17","1","1","7","2","0","1","1","1","0"
"15044","78771108","15044","81","2","1","7","0","0","0","0","3","0"
"15045","78771108","15045","81","2","1","7","2","0","1","1","1","0"
"15046","78771108","15046","11","2","1","7","1","0","1","1","1","0"
"15047","78771108","15047","17","1","1","7","2","1","0","1","2","0"
"15048","78771108","15048","23","1","1","7","6","0","1","1","1","0"
"15049","78771108","15049","71","1","1","7","6","0","1","1","1","0"
"15050","78771108","15050","11","1","7","7","6","0","2","1","1","0"
"15051","78771108","15051","11","1","1","7","6","0","2","1","1","0"
"15052","78771108","15052","11","1","1","7","6","0","1","1","1","0"
"15053","78771108","15053","71","1","1","7","6","0","1","1","1","0"
"15054","78771108","15054","11","1","3","2","6","1","0","2","2","0"
"15055","78771108","15055","11","2","1","7","6","0","3","0","1","0"
"15056","78771108","15056","17","1","1","7","2","1","0","1","2","0"
"15057","78771202","15057","24","1","1","7","2","0","1","2","1","0"
"15058","78771204","15058","64","1","1","7","6","0","1","1","1","0"
"15059","78771204","15059","81","3","2","1","2","1","0","1","2","0"
"15060","78771204","15060","16","1","1","7","6","0","2","0","1","0"
"15061","78771206","15061","13","1","1","7","4","0","1","1","1","0"
"15062","78771206","15062","13","3","3","2","6","0","2","0","1","0"
"15063","78771206","15063","13","1","1","7","6","0","2","0","1","0"
"15064","78771206","15064","13","1","1","7","6","0","4","2","1","0"
"15065","78771206","15065","13","4","1","7","7","0","1","1","1","0"
"15066","78771206","15066","13","1","1","7","6","0","3","0","1","0"
"15067","78771206","15067","13","1","1","7","6","0","2","1","1","0"
"15068","78771206","15068","13","1","1","7","6","0","2","0","1","0"
"15069","78771208","15069","81","1","1","7","6","0","1","1","1","0"
"15070","78771303","15070","14","1","1","7","6","0","1","1","1","0"
"15071","78771307","15071","14","1","1","1","6","1","0","1","2","0"
"15072","78771406","15072","21","3","1","7","4","0","1","1","1","0"
"15073","78771406","15073","13","1","1","7","5","0","1","1","1","0"
"15074","78771406","15074","16","3","1","7","5","3","0","0","2","0"
"15075","78771406","15075","31","1","1","7","6","0","1","1","1","0"
"15076","78771406","15076","13","1","1","7","3","0","1","1","1","0"
"15077","78771406","15077","17","1","1","7","1","0","1","1","1","0"
"15078","78771406","15078","13","1","3","1","4","1","0","1","2","0"
"15079","78771406","15079","13","1","1","7","6","0","1","1","1","0"
"15080","78771406","15080","31","1","3","2","6","0","1","1","1","0"
"15081","78772102","15081","21","1","1","7","4","0","1","1","1","0"
"15082","78772102","15082","13","3","3","1","6","0","4","0","1","0"
"15083","78772102","15083","13","3","1","7","4","0","1","1","1","0"
"15084","78772102","15084","13","1","1","7","6","1","0","1","2","0"
"15085","78772102","15085","13","1","1","7","6","0","2","0","1","0"
"15086","78772102","15086","13","1","1","7","6","0","3","0","1","0"
"15087","78772102","15087","13","3","1","1","6","0","2","1","1","0"
"15088","78772102","15088","13","1","1","7","6","0","1","1","1","0"
"15089","78772102","15089","13","3","1","7","6","1","3","1","2","0"
"15090","78772102","15090","17","1","1","7","1","0","1","1","1","0"
"15091","78772102","15091","13","1","1","7","6","0","1","2","1","0"
"15092","78772102","15092","13","1","3","1","6","0","2","0","1","0"
"15093","78772102","15093","13","3","1","7","6","0","1","1","1","0"
"15094","78772104","15094","13","1","1","7","6","0","1","1","1","0"
"15095","78772106","15095","13","1","1","7","6","0","1","1","1","0"
"15096","78772106","15096","13","3","1","7","4","0","1","1","1","0"
"15097","78772109","15097","72","1","1","7","6","0","1","1","1","0"
"15098","78772210","15098","72","1","1","7","6","0","1","1","1","0"
"15099","78772304","15099","13","2","1","7","6","0","3","0","1","0"
"15100","78772304","15100","16","1","1","7","6","0","1","1","1","0"
"15101","78772304","15101","16","1","1","7","4","0","1","1","1","0"
"15102","78772304","15102","13","1","1","7","6","0","2","2","1","0"
"15103","78772304","15103","11","1","1","7","6","2","1","0","2","0"
"15104","78772304","15104","52","1","1","1","0","0","1","0","1","0"
"15105","78772304","15105","11","1","1","7","6","0","3","0","1","0"
"15106","78772304","15106","11","1","1","7","6","0","1","1","1","0"
"15107","78772304","15107","16","2","1","1","4","0","1","1","1","0"
"15108","78772304","15108","16","1","1","7","5","0","1","1","1","0"
"15109","78772304","15109","11","1","1","7","6","0","1","1","1","0"
"15110","78772502","15110","51","1","1","7","6","0","1","1","1","0"
"15111","78773201","15111","52","1","1","7","0","0","1","0","1","0"
"15112","78773304","15112","11","1","1","1","6","0","1","1","1","0"
"15113","78773304","15113","11","1","1","7","6","1","0","1","2","0"
"15114","78773304","15114","16","1","1","7","6","2","0","1","2","0"
"15115","78773304","15115","16","1","1","7","6","1","0","1","2","0"
"15116","78773304","15116","11","1","1","2","6","0","1","1","1","0"
"15117","78773304","15117","16","1","1","7","6","0","1","1","1","0"
"15118","78773304","15118","16","1","3","1","6","0","2","0","1","0"
"15119","78773304","15119","11","1","1","7","6","1","0","1","2","0"
"15120","78773304","15088","16","1","1","7","6","1","0","3","2","0"
"15121","78773307","15121","51","3","3","1","3","0","1","1","1","0"
"15122","78773307","15122","81","3","3","2","6","0","1","1","1","0"
"15123","78773307","15123","41","3","3","1","6","0","3","1","1","0"
"15124","78773506","15124","11","1","1","7","6","0","1","1","1","0"
"15125","78773506","15125","71","1","1","7","6","0","1","1","1","0"
"15126","78773506","15126","16","1","1","7","6","0","2","0","1","0"
"15127","78773506","15127","16","1","1","7","6","1","0","2","2","0"
"15128","78773506","15128","16","1","1","7","6","0","1","1","1","0"
"15129","78773506","15129","16","1","1","7","6","0","1","1","1","0"
"15130","78773506","15130","81","3","1","7","6","0","1","3","1","0"
"15131","78773506","15131","17","1","1","7","2","0","1","1","1","0"
"15132","78773506","15132","11","3","1","7","6","0","1","1","1","0"
"15133","78773506","15133","11","3","1","7","6","0","2","0","1","0"
"15134","78773506","15134","16","1","1","7","5","2","0","1","2","0"
"15135","78773506","15135","11","3","3","1","6","0","1","1","1","0"
"15136","78773506","15136","11","1","1","7","6","1","0","1","2","0"
"15137","78773506","15137","35","3","1","7","4","0","2","1","1","0"
"15138","78773506","15138","16","1","3","2","6","0","2","0","1","0"
"15139","78774104","15139","14","1","1","7","6","0","0","1","3","0"
"15140","78774104","15140","14","1","1","7","6","0","1","1","1","0"
"15141","78774105","15141","16","1","1","7","4","0","1","1","1","0"
"15142","78774105","15142","51","1","1","7","6","0","1","1","1","0"
"15143","78774105","15143","13","3","3","1","6","1","0","1","2","0"
"15144","78774303","15144","14","1","1","7","6","0","1","1","1","0"
"15145","78774303","15145","51","1","1","7","6","0","1","1","1","0"
"15146","78774306","15146","16","1","2","2","6","0","2","5","1","0"
"15147","78774306","15147","16","1","1","1","6","0","4","0","1","0"
"15148","78774306","15148","16","1","1","7","4","0","1","1","1","0"
"15149","78774306","15149","71","1","1","7","6","1","0","1","2","0"
"15150","78774306","15150","11","3","2","2","6","1","1","0","2","0"
"15151","78774306","15151","16","1","1","1","6","0","1","1","1","0"
"15152","78774306","15152","11","3","2","1","6","0","1","1","1","0"
"15153","78774306","15153","16","3","1","7","4","1","0","1","2","0"
"15154","78774306","15154","17","2","1","7","2","0","1","1","1","0"
"15155","78774306","15155","11","1","1","7","6","0","1","1","1","0"
"15156","78774306","15156","11","3","1","2","6","1","0","1","2","0"
"15157","78774306","15157","12","3","1","7","6","0","1","1","1","0"
"15158","78774306","15158","16","3","3","2","4","0","1","1","1","0"
"15159","78774306","15159","85","3","1","7","6","0","1","1","1","0"
"15160","78775104","15160","32","1","3","2","6","0","1","1","1","0"
"15161","78775104","15161","85","3","3","1","6","1","0","1","2","0"
"15162","78775104","15162","16","1","1","7","5","0","1","1","1","0"
"15163","78775104","15163","16","1","3","1","6","0","4","2","1","0"
"15164","78775104","15164","11","3","1","1","6","0","1","1","1","0"
"15165","78775104","15165","16","1","1","7","3","0","1","1","1","0"
"15166","78775104","15166","51","3","1","1","6","0","1","1","1","0"
"15167","78775104","15167","16","2","1","1","4","0","1","1","1","0"
"15168","78775104","15168","16","1","1","7","6","0","1","1","1","0"
"15169","78775104","15169","51","3","1","7","6","0","1","1","1","0"
"15170","78775104","15170","16","3","1","7","6","2","2","0","2","0"
"15171","78775104","15171","16","3","1","7","6","0","2","0","1","0"
"15172","78775104","15172","16","3","1","7","6","1","0","1","2","0"
"15173","78775104","15173","16","1","1","7","3","0","1","1","1","0"
"15174","78775105","15174","16","1","3","2","4","0","1","1","1","0"
"15175","78775105","15175","51","1","1","7","4","0","1","1","1","0"
"15176","78775105","15176","51","3","1","7","3","1","0","1","2","0"
"15177","78775105","15177","35","3","1","7","4","0","1","1","1","0"
"15178","78775105","15178","51","3","1","1","6","0","2","0","1","0"
"15179","78775105","15179","11","1","1","7","6","0","1","1","1","0"
"15180","78775105","15180","51","1","1","7","6","0","1","4","1","0"
"15181","78775106","15181","11","1","3","1","6","0","1","1","1","0"
"15182","78775203","15182","16","1","1","7","3","0","1","1","1","0"
"15183","78775203","15183","13","1","1","7","4","0","1","1","1","0"
"15184","78775203","15184","17","1","3","1","2","1","0","1","2","0"
"15185","78775203","15185","13","1","2","1","6","0","1","2","1","0"
"15186","78775203","15186","17","1","1","7","4","0","1","1","1","0"
"15187","78775203","15187","17","1","1","7","3","0","1","1","1","0"
"15188","78775303","15188","25","1","2","2","7","1","0","1","2","0"
"15189","78775303","15189","16","3","1","7","6","0","1","3","1","0"
"15190","78775303","15190","16","1","1","7","3","0","1","1","1","0"
"15191","78775303","15191","17","1","1","7","2","0","1","1","1","0"
"15192","78775303","15192","11","1","1","7","6","1","0","1","2","0"
"15193","78775404","15193","99","1","1","7","7","1","0","1","2","0"
"15194","78775404","15194","31","1","1","7","6","0","2","0","1","0"
"15195","78775503","15195","17","1","1","7","2","2","0","0","2","0"
"15196","78776103","15196","13","1","1","1","3","0","1","1","1","0"
"15197","78776202","15197","11","1","1","7","6","0","1","1","1","0"
"15198","78776202","15198","16","2","1","1","6","1","0","1","2","0"
"15199","78776202","15199","11","1","1","7","6","0","4","1","1","0"
"15200","78776301","15200","22","1","1","7","6","0","1","3","1","0"
"15201","78776301","15201","51","1","1","7","6","0","1","1","1","0"
"15202","78776301","15202","21","3","1","1","6","0","1","1","1","0"
"15203","78776301","15075","11","1","1","7","6","0","1","1","1","0"
"15204","78776301","15204","17","1","1","7","2","0","1","1","1","0"
"15205","78776308","15205","51","3","3","2","6","0","1","4","1","0"
"15206","78776308","15206","71","1","1","7","6","0","1","1","1","0"
"15207","78776308","15207","17","1","1","7","2","0","1","1","1","0"
"15208","78776308","15208","41","3","1","7","4","0","1","1","1","0"
"15209","78776308","15209","51","2","1","7","6","0","1","2","1","0"
"15210","78776308","15210","17","3","3","2","2","0","2","0","1","0"
"15211","78776408","15211","13","1","3","1","6","0","1","1","1","0"
"15212","78776408","15212","13","1","3","2","6","0","1","1","1","0"
"15213","78777301","15213","13","1","2","2","6","1","0","1","2","0"
"15214","78777301","15214","17","1","1","7","2","0","1","1","1","0"
"15215","78777301","15215","31","1","1","7","6","0","3","1","1","0"
"15216","78777309","15216","17","1","1","7","4","0","1","1","1","0"
"15217","78777313","4499","71","3","2","1","6","0","1","1","1","0"
"15218","78777313","15218","17","1","1","7","4","0","1","1","1","0"
"15219","78777313","15219","17","3","3","2","2","0","1","1","1","0"
"15220","78777403","15220","31","1","3","1","3","0","1","1","1","0"
"15221","78777403","15221","14","1","1","7","6","0","1","1","1","0"
"15222","78777501","15222","71","1","1","7","6","0","1","1","1","0"
"15223","78777507","15223","16","1","1","7","4","0","1","1","1","0"
"15224","78777510","15224","14","1","1","7","6","0","1","1","1","0"
"15225","78781402","15225","16","1","1","7","6","0","1","2","1","0"
"15226","78781402","15226","16","3","1","7","6","0","1","1","1","0"
"15227","78781402","15227","16","1","1","7","6","1","1","0","2","0"
"15228","78781402","15228","16","1","3","2","6","0","3","1","1","0"
"15229","78781402","15229","16","1","3","2","6","0","2","1","1","0"
"15230","78781402","15230","16","3","3","2","6","0","1","1","1","0"
"15231","78781402","15231","16","1","1","7","6","0","1","1","1","0"
"15232","78781402","15232","16","1","1","7","6","1","0","1","2","0"
"15233","78781402","15233","16","1","1","7","6","0","1","1","1","0"
"15234","78781402","15234","11","1","1","7","6","0","4","5","1","0"
"15235","78781402","15235","15","1","1","7","6","0","1","1","1","0"
"15236","78781402","15236","53","1","1","7","6","0","1","2","1","0"
"15237","78781402","15237","19","1","3","1","6","0","1","1","1","0"
"15238","78781402","15238","52","1","1","7","0","0","1","0","1","0"
"15239","78781402","15239","81","3","1","7","6","0","1","0","1","0"
"15240","78781402","15240","51","1","1","7","6","0","4","1","1","0"
"15241","78781501","15241","14","3","1","7","6","0","2","0","1","0"
"15242","78781501","15242","14","1","1","7","4","0","1","1","1","0"
"15243","78781505","15243","52","1","1","7","0","0","1","0","1","0"
"15244","78781505","15244","17","1","1","7","1","0","1","1","1","0"
"15245","78781505","15245","14","1","1","2","6","0","1","9","1","0"
"15246","78782101","15246","13","2","1","7","4","0","1","1","1","0"
"15247","78782203","15247","13","1","1","7","6","0","1","2","1","0"
"15248","78782205","15248","16","3","3","2","6","0","3","0","1","0"
"15249","78782205","15249","14","1","1","7","6","0","1","1","1","0"
"15250","78782205","15250","11","1","1","7","6","0","1","1","1","0"
"15251","78782205","15251","52","3","3","2","0","1","1","0","2","0"
"15252","78782205","15252","53","3","1","7","6","0","2","0","1","0"
"15253","78782205","15253","16","3","3","1","6","0","2","1","1","0"
"15254","78782205","15254","16","3","3","2","4","0","1","1","1","0"
"15255","78782205","15255","16","1","1","7","4","0","1","1","1","0"
"15256","78782205","15256","16","1","2","2","6","1","0","2","2","0"
"15257","78782205","15257","51","1","1","7","6","1","0","1","2","0"
"15258","78782205","15258","16","1","1","7","6","0","1","2","1","0"
"15259","78782205","15259","17","1","1","7","2","1","0","1","2","0"
"15260","78782205","15260","11","1","1","1","6","1","0","1","2","0"
"15261","78782205","15261","11","1","1","7","6","1","0","1","2","0"
"15262","78782205","15262","16","3","1","7","6","0","2","0","1","0"
"15263","78782205","15263","52","3","1","1","0","0","1","0","1","0"
"15264","78782205","15264","16","1","1","1","6","0","1","2","1","0"
"15265","78782205","15265","16","2","1","7","6","0","1","1","1","0"
"15266","78782205","15266","16","3","1","7","3","1","0","1","2","0"
"15267","78782205","15267","52","1","1","7","2","1","0","1","2","0"
"15268","78782205","15268","11","3","3","1","6","0","2","1","1","0"
"15269","78782205","15269","11","2","1","7","6","0","1","1","1","0"
"15270","78782205","15270","51","2","3","2","6","0","1","2","1","0"
"15271","78782205","15271","73","1","1","7","6","0","1","1","1","0"
"15272","78782401","15272","21","1","1","7","6","0","1","1","1","0"
"15273","78782404","15273","21","3","1","7","6","0","1","1","1","0"
"15274","78782406","15274","14","3","1","7","6","0","1","1","1","0"
"15275","78783308","15275","11","1","1","7","6","0","2","0","1","0"
"15276","78783308","15276","16","1","1","7","2","0","1","1","1","0"
"15277","78783308","15277","17","1","2","2","2","0","2","1","1","0"
"15278","78783308","15278","71","1","1","7","6","1","0","1","2","0"
"15279","78783308","15279","11","3","1","7","6","0","2","2","1","0"
"15280","78783308","15280","16","1","3","2","4","0","1","1","1","0"
"15281","78783308","15281","11","2","1","7","6","1","0","1","2","0"
"15282","78783308","15282","11","1","1","7","4","0","1","1","1","0"
"15283","78783309","15283","52","1","3","1","6","1","1","0","2","0"
"15284","78783309","15284","71","1","3","1","6","0","1","1","1","0"
"15285","78784105","15285","11","1","3","2","6","1","0","1","2","0"
"15286","78784105","15286","16","1","1","7","4","0","1","1","1","0"
"15287","78784105","15287","21","3","1","7","3","1","0","1","2","0"
"15288","78784105","15288","16","2","1","7","6","0","2","0","1","0"
"15289","78784105","15289","19","2","1","1","6","0","2","0","1","0"
"15290","78784105","15290","16","2","1","7","4","0","1","1","1","0"
"15291","78784105","15291","16","1","1","7","6","1","0","1","2","0"
"15292","78784105","15292","16","1","1","7","6","0","2","0","1","0"
"15293","78784105","15293","52","1","1","7","0","0","1","0","1","0"
"15294","78784105","15294","16","3","1","7","4","0","1","1","1","0"
"15295","78784301","15295","11","1","1","7","4","0","2","0","1","0"
"15296","78784301","15296","11","1","1","7","6","0","1","1","1","0"
"15297","78784301","15297","16","2","1","1","6","1","0","1","2","0"
"15298","78784303","15298","16","3","1","7","5","1","0","1","2","0"
"15299","78785104","15299","13","1","1","7","6","0","3","0","1","0"
"15300","78785203","15300","16","3","1","7","6","0","1","1","1","0"
"15301","78785203","15301","13","1","1","7","4","1","0","1","2","0"
"15302","78785203","15302","14","1","3","1","6","0","1","1","1","0"
"15303","78785203","15303","16","1","1","7","6","0","1","1","1","0"
"15304","78785204","15304","73","3","1","1","6","0","1","1","1","0"
"15305","78785204","15305","35","1","1","1","3","0","1","1","1","0"
"15306","78785204","15306","13","1","1","1","6","0","1","1","1","0"
"15307","78785305","15307","16","1","1","7","4","1","0","1","2","0"
"15308","78785307","15308","14","1","1","7","6","1","0","1","2","0"
"15309","78785414","15309","14","1","1","7","4","0","1","1","1","0"
"15310","78785414","15310","14","1","6","2","6","0","1","1","1","0"
"15311","78785416","15311","14","1","1","7","6","0","1","1","1","0"
"15312","78786201","15312","16","2","3","2","4","0","1","1","1","0"
"15313","78786201","15313","16","1","1","7","4","0","1","1","1","0"
"15314","78786205","15314","15","1","1","7","6","0","1","1","1","0"
"15315","78786205","15315","11","3","1","7","6","0","2","0","1","0"
"15316","78786205","15316","11","1","1","7","5","0","1","1","1","0"
"15317","78786404","15317","27","1","1","7","0","0","1","0","1","0"
"15318","78787104","15318","14","1","1","7","6","0","1","2","1","0"
"15319","78787105","15319","11","1","3","2","6","0","3","0","1","0"
"15320","78787105","15320","16","2","1","7","4","1","0","1","2","0"
"15321","78787105","15321","86","1","1","7","3","1","0","1","2","0"
"15322","78787105","15322","20","1","1","7","2","0","1","1","1","0"
"15323","78787105","15323","11","3","3","1","6","0","1","1","1","0"
"15324","78787105","15324","21","1","1","7","6","0","3","1","1","0"
"15325","78787206","15325","14","1","1","7","4","0","1","1","1","0"
"15326","78787206","15326","14","1","3","1","4","0","1","1","1","0"
"15327","78787303","15327","14","1","1","7","6","0","1","2","1","0"
"15328","78787404","15328","14","3","1","7","6","0","1","2","1","0"
"15329","78787410","15329","18","1","1","1","6","0","1","1","1","0"
"15330","78787410","15330","52","1","1","7","0","0","1","0","1","0"
"15331","78787503","15331","16","1","1","7","4","0","1","1","1","0"
"15332","78787503","15332","13","1","1","5","4","0","1","1","1","0"
"15333","78787505","15333","72","1","1","7","6","0","1","1","1","0"
"15334","78787509","15334","31","3","1","7","6","1","1","1","2","0"
"15335","78794503","15335","52","5","2","1","0","0","1","0","1","0"
"15336","78795207","15336","16","3","3","2","4","0","2","2","1","0"
"15337","78795403","15337","51","1","1","7","6","0","3","2","1","0"
"15338","78795403","15338","13","4","1","1","6","3","0","1","2","0"
"15339","78795403","15339","13","1","1","7","8","4","0","1","2","0"
"15340","78795403","15340","13","1","1","7","6","0","1","1","1","0"
"15341","78795403","15341","13","3","1","1","6","0","1","1","1","0"
"15342","78795403","15342","13","3","7","1","6","0","1","1","1","0"
"15343","78795403","15343","13","3","1","7","6","1","0","1","2","0"
"15344","78795403","15344","13","1","1","7","3","1","0","1","2","0"
"15345","78795403","15345","13","1","1","7","6","0","1","2","1","0"
"15346","78795403","15346","13","3","3","1","6","1","1","1","2","0"
"15347","78795403","15347","16","1","1","7","6","0","1","1","1","0"
"15348","78796107","15348","11","3","1","7","6","0","2","1","1","0"
"15349","78797103","15349","17","1","1","7","2","0","1","1","1","0"
"15350","78797108","15350","64","1","1","7","8","1","0","1","2","0"
"15351","78797110","15351","14","1","1","1","6","0","1","1","1","0"
"15352","78797120","8516","17","3","1","1","1","0","2","1","1","0"
"15353","78797210","15353","13","1","3","2","6","0","1","1","1","0"
"15354","78797210","15354","86","1","1","7","3","1","0","1","2","0"
"15355","78797210","15355","16","1","3","2","5","0","1","2","1","0"
"15356","78797210","15356","21","1","1","7","6","0","2","2","1","0"
"15357","78797213","15357","52","3","1","7","0","0","0","0","3","0"
"15358","78797213","15358","81","1","1","7","2","1","0","1","2","0"
"15359","78797305","15359","14","1","3","1","6","0","2","0","1","0"
"15360","78797305","15360","81","3","1","7","6","0","1","1","3","0"
"15361","78797305","15361","16","1","1","7","6","0","1","1","1","0"
"15362","78801402","15362","13","1","3","1","6","1","0","1","2","0"
"15363","78802201","15363","13","3","3","1","4","0","1","1","1","0"
"15364","78804101","15364","21","3","1","7","6","1","0","1","2","0"
"15365","78804101","15365","51","3","1","7","4","0","1","1","1","0"
"15366","78825403","15366","52","1","3","2","6","0","4","0","1","0"
"15367","78825403","15367","16","1","1","7","4","0","1","1","1","0"
"15368","78827103","15368","21","1","1","7","7","0","1","1","1","0"
"15369","78827218","15369","13","1","1","7","3","0","2","1","1","0"
"15370","78832104","15370","14","1","1","7","6","0","1","1","1","0"
"15371","78832104","15371","14","3","3","2","6","0","1","1","1","0"
"15372","78832104","15372","14","1","1","7","6","0","1","1","1","0"
"15373","78832104","15373","16","1","1","7","3","0","1","1","1","0"
"15374","78832104","15374","21","1","1","7","6","0","2","2","1","0"
"15375","78832401","15375","51","1","1","7","3","0","1","1","1","0"
"15376","78844502","15376","51","3","1","7","4","0","1","1","1","0"
"15377","78846102","15377","52","2","1","7","0","0","1","0","1","0"
"15378","78851503","15378","13","1","1","7","6","1","0","1","2","0"
"15379","78851503","15379","13","1","1","7","6","0","2","1","1","0"
"15380","78851503","15380","13","1","1","7","6","1","1","2","2","0"
"15381","78851503","15381","13","1","1","7","4","1","0","2","2","0"
"15382","78851503","15382","13","1","1","7","5","1","0","1","2","0"
"15383","78851503","15383","13","2","1","7","6","0","2","0","1","0"
"15384","78851503","15384","13","1","1","7","4","1","0","1","2","0"
"15385","78851503","15385","52","1","1","7","0","1","0","0","2","0"
"15386","78853103","15386","52","3","1","7","0","0","2","0","1","0"
"15387","78871109","15387","51","1","1","7","4","0","1","1","1","0"
"15388","78871109","15388","31","1","1","2","6","0","2","0","1","0"
"15389","78871109","6257","13","1","1","7","6","0","0","1","3","0"
"15390","78871109","15390","13","1","1","7","5","0","1","1","1","0"
"15391","78886404","15391","14","1","1","7","6","0","2","0","1","0"
"15392","78886404","15392","14","1","1","1","6","0","1","1","1","0"