"accident_id","lieu_id","date_id","cause_id","lum_id","intemp_id","etat_surface_id","impliq_id","nb_blesses_graves","nb_blesses_legers","nb_indemnes","gravite","nb_morts"
"17089","79795301","17089","17","1","1","7","2","1","0","1","2","0"
"17090","79795301","17090","51","1","1","7","6","0","1","2","1","0"
"17091","79795301","17091","31","1","1","7","6","0","1","1","1","0"
"17092","79795305","17092","11","1","1","7","6","0","1","1","1","0"
"17093","79795305","17093","17","1","1","7","2","0","1","1","1","0"
"17094","79795305","17094","11","3","1","7","4","2","0","0","2","0"
"17095","79795306","17095","23","1","1","7","4","0","1","1","1","0"
"17096","79795402","17096","16","3","1","2","6","1","1","0","2","0"
"17097","79795404","17097","51","1","1","7","6","0","1","1","1","0"
"17098","79795404","17098","11","1","1","1","6","0","1","1","1","0"
"17099","79795404","17099","81","3","7","1","6","0","1","1","1","0"
"17100","79795404","17100","11","3","3","2","6","0","1","1","1","0"
"17101","79795405","17101","17","3","1","7","2","0","1","1","1","0"
"17102","79795405","17102","71","3","3","2","8","0","0","1","3","0"
"17103","79795502","17103","13","1","1","7","6","0","1","1","1","0"
"17104","79796101","17104","11","1","3","1","6","0","1","1","1","0"
"17105","79796101","17105","15","1","1","7","6","0","2","1","1","0"
"17106","79796101","17106","11","2","1","1","6","0","1","1","1","0"
"17107","79796101","17107","16","2","1","7","3","0","1","1","1","0"
"17108","79796101","17108","51","1","3","2","6","0","1","1","1","0"
"17109","79796104","17109","17","1","3","1","1","0","1","1","1","0"
"17110","79796501","17110","71","1","1","7","9","0","1","0","1","0"
"17111","79797105","17111","24","1","1","7","4","1","0","1","2","0"
"17112","79797201","17112","31","1","1","7","6","0","1","1","1","0"
"17113","79797304","17113","33","1","1","7","6","0","1","1","1","0"
"17114","79797307","17114","31","4","3","2","4","1","0","1","2","0"
"17115","79797307","17115","51","3","1","7","7","0","1","1","1","0"
"17116","79797307","17116","51","3","4","2","6","0","2","2","1","0"
"17117","79797307","17117","18","1","1","7","6","0","1","1","1","0"
"17118","79804503","17118","16","3","1","1","4","0","1","2","1","0"
"17119","79804503","17119","51","1","1","1","6","0","1","1","1","0"
"17120","79805110","17120","72","1","1","7","6","0","1","1","1","0"
"17121","79805110","17121","13","1","1","7","4","0","1","1","1","0"
"17122","79805110","17122","16","1","1","7","3","0","1","1","1","0"
"17123","79805403","17123","11","3","3","2","6","3","0","0","2","0"
"17124","79805403","17124","11","1","1","7","6","1","0","1","2","0"
"17125","79805403","17125","16","2","1","7","6","0","3","0","1","0"
"17126","79805501","17126","51","1","3","2","6","0","1","1","1","0"
"17127","79805501","17127","17","1","3","2","2","1","0","1","2","0"
"17128","79805501","17128","16","1","1","7","6","1","1","2","2","0"
"17129","79806201","17129","17","3","3","2","2","0","1","1","1","0"
"17130","79806201","17130","86","1","1","7","2","0","0","1","3","0"
"17131","79806201","17131","13","3","1","7","4","0","1","1","1","0"
"17132","79806202","17132","85","3","1","7","6","0","1","1","1","0"
"17133","79806202","17133","17","1","3","1","2","1","0","1","2","0"
"17134","79806202","17134","61","1","1","7","3","1","0","1","2","0"
"17135","79806204","17135","51","1","1","7","4","0","1","1","1","0"
"17136","79807401","17136","16","1","1","1","6","0","1","1","1","0"
"17137","79807401","17137","52","1","1","7","0","0","1","0","1","0"
"17138","79807401","17138","12","1","1","7","6","1","0","1","2","0"
"17139","79813410","17139","51","1","1","7","7","0","1","1","1","0"
"17140","79813506","17140","16","2","1","7","4","0","1","1","1","0"
"17141","79813506","17141","71","1","1","7","7","0","1","1","1","0"
"17142","79813506","17142","16","1","1","7","6","1","0","1","2","0"
"17143","79814301","17143","51","1","1","7","6","0","1","1","1","0"
"17144","79814403","17144","13","1","1","7","6","0","1","1","1","0"
"17145","79814403","17145","71","3","3","2","6","0","1","1","1","0"
"17146","79814403","17146","31","1","1","7","7","0","2","1","1","0"
"17147","79814403","17147","16","1","1","7","4","0","1","1","1","0"
"17148","79814403","17148","13","1","1","7","4","0","1","1","1","0"
"17149","79814403","17149","16","1","2","2","6","0","2","3","1","0"
"17150","79816103","17150","31","1","1","7","6","0","1","2","1","0"
"17151","79816103","17151","51","1","1","7","4","0","1","0","1","0"
"17152","79816503","17152","71","3","1","7","6","0","1","1","1","0"
"17153","79821401","17153","21","1","1","7","6","0","1","1","1","0"
"17154","79822307","17154","13","1","3","2","7","0","1","1","1","0"
"17155","79823104","17155","21","3","1","7","6","2","1","0","2","0"
"17156","79824103","17156","16","1","1","7","4","0","1","1","1","0"
"17157","79825502","17157","19","1","1","7","6","0","1","2","1","0"
"17158","79825502","17158","19","1","1","7","6","0","1","0","1","0"
"17159","79825502","17159","19","1","1","7","6","1","0","1","2","0"
"17160","79825502","17160","19","1","1","7","4","0","1","1","1","0"
"17161","79825502","17161","19","3","1","7","4","1","0","1","2","0"
"17162","79825502","17162","19","1","1","7","3","0","1","1","1","0"
"17163","79825502","17163","19","1","1","7","6","0","1","2","1","0"
"17164","79825502","17164","19","1","1","7","3","0","1","1","1","0"
"17165","79826233","17165","17","1","1","7","2","0","1","1","1","0"
"17166","79826308","17166","13","1","1","7","4","0","1","1","1","0"
"17167","79826409","17167","16","2","3","2","4","1","0","1","2","0"
"17168","79826505","17168","16","2","1","7","3","0","1","1","1","0"
"17169","79826505","17169","51","1","1","7","6","0","2","1","1","0"
"17170","79827303","17170","11","3","1","7","6","1","0","1","2","0"
"17171","79827303","17171","71","3","3","2","6","0","1","1","1","0"
"17172","79827304","17172","11","1","1","7","6","0","1","1","1","0"
"17173","79827401","17173","85","3","3","2","6","0","1","1","1","0"
"17174","79832103","17174","16","3","1","7","6","0","3","0","1","0"
"17175","79832103","17175","13","1","1","7","6","0","2","0","1","0"
"17176","79832103","17176","13","1","1","7","4","0","1","0","1","0"
"17177","79832103","17177","13","1","1","7","6","4","0","0","2","0"
"17178","79832103","17178","13","3","3","2","4","0","1","1","1","0"
"17179","79832103","17179","13","1","2","1","6","0","1","1","1","0"
"17180","79832103","17180","13","3","1","7","6","0","3","1","1","0"
"17181","79832103","17181","16","1","1","7","6","0","1","1","1","0"
"17182","79832103","17182","13","3","3","2","6","0","1","1","1","0"
"17183","79833102","17183","14","3","6","1","6","0","1","1","1","0"
"17184","79837103","17184","51","1","1","7","6","0","1","1","1","0"
"17185","79865503","17185","13","1","1","7","6","0","2","0","1","0"
"17186","79865503","17186","13","2","1","7","6","0","1","2","1","0"
"17187","79865503","17187","13","1","1","7","6","2","2","0","2","0"
"17188","79865503","17188","13","1","1","7","6","0","2","1","1","0"
"17189","79865503","17189","13","1","1","1","6","0","4","1","1","0"
"17190","79865503","17190","13","1","1","7","4","0","1","1","1","0"
"17191","79874201","17191","14","1","1","7","6","0","1","1","1","0"
"17192","79877405","17192","13","4","1","7","6","0","1","1","1","0"
"17193","79887504","17193","52","1","2","1","6","2","1","0","2","0"
"17194","79895402","17194","16","1","1","7","5","1","0","1","2","0"
"17195","79912403","17195","14","1","3","1","6","0","1","0","1","0"
"17196","79913206","17196","16","1","1","7","6","0","2","1","1","0"
"17197","79913206","17197","52","3","1","1","0","2","0","0","2","0"
"17198","79913206","17198","13","3","3","2","6","0","1","1","1","0"
"17199","79913206","17199","36","1","1","1","6","0","3","1","1","0"
"17200","79913206","17200","16","1","1","7","6","0","1","4","1","0"
"17201","79913209","17201","19","1","3","1","3","0","1","1","1","0"
"17202","79913308","17202","72","1","1","7","6","0","1","1","1","0"
"17203","79913308","17203","81","3","3","1","6","0","1","1","1","0"
"17204","79913402","17204","11","3","4","4","8","0","1","1","1","0"
"17205","79913402","17205","11","1","1","7","6","0","1","1","1","0"
"17206","79913402","17206","81","3","1","7","6","1","0","1","2","0"
"17207","79913402","17207","11","3","1","7","6","0","2","0","1","0"
"17208","79913402","17208","17","3","3","1","2","1","0","1","2","0"
"17209","79913402","17209","16","1","1","7","4","0","2","1","1","0"
"17210","79913504","17210","16","3","1","1","4","0","1","1","1","0"
"17211","79913504","17211","13","1","1","7","6","0","2","3","1","0"
"17212","79914401","17212","13","1","1","1","5","0","1","1","1","0"
"17213","79914503","17213","23","1","1","7","4","1","0","1","2","0"
"17214","79914504","17214","31","1","1","7","6","0","1","1","1","0"
"17215","79914505","17215","71","1","1","7","6","0","1","1","1","0"
"17216","79915207","17216","13","1","1","7","6","0","1","1","1","0"
"17217","79915501","17217","13","1","1","7","7","0","1","1","1","0"
"17218","79915501","17218","13","3","1","7","6","0","2","1","1","0"
"17219","79915509","17219","23","1","1","7","3","0","1","1","1","0"
"17220","79916207","17220","51","1","1","7","3","0","1","1","1","0"
"17221","79916504","17221","31","1","1","7","6","0","1","1","1","0"
"17222","79916504","17222","13","1","1","7","6","0","3","1","1","0"
"17223","79916504","17223","31","1","1","7","6","0","2","2","1","0"
"17224","79916504","17224","85","3","1","7","6","0","1","1","1","0"
"17225","79916504","17225","13","3","3","1","6","0","1","0","1","0"
"17226","79922105","17226","22","1","1","7","6","0","1","1","1","0"
"17227","80661305","17227","11","3","1","7","6","0","1","0","1","0"
"17228","80661305","17228","16","1","1","7","6","0","2","0","1","0"
"17229","80661305","17229","11","1","3","1","6","1","0","2","2","0"
"17230","80662202","17230","53","5","1","7","6","0","3","1","1","0"
"17231","80662205","17231","13","3","3","2","6","1","0","2","2","0"
"17232","80662205","17232","81","2","1","7","4","0","1","1","1","0"
"17233","80675304","17233","52","2","1","7","0","3","1","1","2","0"
"17234","80681504","17234","16","1","3","2","6","0","1","1","1","0"
"17235","80681506","17235","19","1","1","7","3","0","1","1","1","0"
"17236","80682502","17236","13","1","1","7","6","1","0","1","2","0"
"17237","80682502","17237","13","1","3","2","6","2","1","0","2","0"
"17238","80682502","17238","13","2","6","2","6","1","2","0","2","0"
"17239","80682502","17239","13","2","1","1","6","1","2","3","2","0"
"17240","80682502","17240","13","1","1","7","6","2","0","0","2","0"
"17241","80682502","17241","13","1","1","7","4","1","0","1","2","0"
"17242","80682502","17242","31","1","1","7","6","1","1","0","2","0"
"17243","80682502","17243","13","1","1","7","6","1","1","1","2","0"
"17244","80682502","17244","13","5","1","7","6","0","1","1","1","0"
"17245","80682502","17245","13","1","3","1","6","0","2","1","1","0"
"17246","80682505","17246","52","3","1","7","0","0","2","2","1","0"
"17247","80682505","17247","19","1","1","7","3","0","1","1","1","0"
"17248","80683501","17248","13","1","1","7","6","0","1","1","1","0"
"17249","80685402","17249","19","1","1","7","3","0","1","1","1","0"
"17250","80691103","1644","14","1","1","7","6","0","1","1","1","0"
"17251","80697402","17251","16","3","1","7","5","0","1","1","1","0"
"17252","80715505","17252","52","2","3","2","6","0","2","1","1","0"
"17253","80716405","17253","16","1","1","7","6","0","2","0","1","0"
"17254","80716405","17254","16","3","1","7","6","0","2","0","1","0"
"17255","80717101","17255","81","1","1","7","6","0","1","1","1","0"
"17256","80722307","17256","81","3","1","7","6","0","3","0","1","0"
"17257","80723306","17257","11","1","3","2","6","1","0","1","2","0"
"17258","80723306","17258","71","1","1","7","6","1","0","1","2","0"
"17259","80723506","17259","13","3","1","7","4","0","1","1","1","0"
"17260","80725204","17260","11","1","1","7","6","1","0","1","2","0"
"17261","80725205","17261","11","1","1","7","1","1","1","1","2","0"
"17262","80725205","17262","16","1","1","2","6","0","1","1","1","0"
"17263","80725205","17263","17","3","3","2","2","0","1","1","1","0"
"17264","80725205","7002","16","3","3","1","3","1","0","1","2","0"
"17265","80725205","17265","16","3","1","7","6","0","5","0","1","0"
"17266","80725301","17266","11","3","1","7","6","1","0","1","2","0"
"17267","80725301","17267","16","3","1","7","4","1","0","1","2","0"
"17268","80725301","17268","51","1","1","7","4","1","0","1","2","0"
"17269","80725301","17269","17","1","1","7","2","1","1","1","2","0"
"17270","80725301","17270","85","3","3","1","6","1","0","1","2","0"
"17271","80725301","17271","11","1","1","7","5","1","0","0","2","0"
"17272","80725501","17272","41","1","1","7","6","0","1","1","1","0"
"17273","80725501","17273","13","2","6","7","6","0","3","0","1","0"
"17274","80725501","17274","17","1","1","7","2","1","0","1","2","0"
"17275","80726312","17275","24","1","1","7","2","0","1","1","1","0"
"17276","80726318","17276","17","1","1","7","2","0","1","1","1","0"
"17277","80727107","17277","25","1","1","7","6","1","0","0","2","0"
"17278","80727111","17278","14","1","1","7","6","1","0","1","2","0"
"17279","80727111","17279","14","1","1","7","6","1","0","1","2","0"
"17280","80727405","17280","13","1","1","7","6","0","1","1","1","0"
"17281","80727405","17281","13","1","1","7","6","0","2","1","1","0"
"17282","80731101","17282","21","1","3","2","6","0","1","1","1","0"
"17283","80731101","17283","17","3","1","7","1","1","0","1","2","0"
"17284","80731101","17284","22","3","1","7","6","1","0","1","2","0"
"17285","80731101","17285","11","1","1","7","6","0","3","1","1","0"
"17286","80731101","17286","11","3","1","7","2","0","1","1","1","0"
"17287","80731101","17287","51","2","1","7","6","0","1","0","1","0"
"17288","80731101","17288","11","1","1","7","6","0","1","1","1","0"
"17289","80731101","17289","51","1","3","1","5","1","0","1","2","0"
"17290","80731101","17290","71","2","1","7","6","0","1","1","1","0"
"17291","80731102","17291","64","3","3","1","6","0","1","1","1","0"
"17292","80731202","17292","13","1","1","7","6","0","2","1","1","0"
"17293","80731204","17293","11","1","1","7","3","0","2","0","1","0"
"17294","80731204","17294","17","1","1","7","2","1","0","1","2","0"
"17295","80731210","17295","52","3","1","7","6","1","1","0","2","0"
"17296","80731210","17296","13","3","1","7","6","0","1","1","1","0"
"17297","80731210","17297","22","1","1","7","6","0","1","0","3","0"
"17298","80731210","17298","32","2","1","7","7","1","0","1","2","0"
"17299","80731210","17299","16","1","1","7","4","1","1","1","2","0"
"17300","80731210","17300","18","1","1","7","5","0","1","1","1","0"
"17301","80731301","17301","17","1","1","7","2","0","1","1","1","0"
"17302","80731301","17302","17","1","1","1","2","0","1","1","1","0"
"17303","80731301","17303","16","3","1","7","4","0","1","1","1","0"
"17304","80731301","17304","51","1","1","7","6","0","2","2","1","0"
"17305","80731301","17305","17","1","1","7","2","0","1","1","1","0"
"17306","80731301","8087","17","3","1","7","2","0","0","1","3","0"
"17307","80731301","17307","17","1","1","7","2","0","1","1","1","0"
"17308","80731301","17308","51","3","3","1","6","0","3","0","1","0"
"17309","80731301","17309","63","3","3","2","6","0","1","2","1","0"
"17310","80732203","17310","16","1","1","2","6","0","0","2","0","0"
"17311","80732203","17311","16","3","3","1","4","0","1","1","1","0"
"17312","80732501","17312","51","1","3","2","6","0","4","2","1","0"
"17313","80732501","17313","16","1","1","7","4","1","0","1","2","0"
"17314","80732501","17314","71","1","3","2","6","0","1","1","1","0"
"17315","80732501","17315","16","1","1","7","4","0","1","1","1","0"
"17316","80732501","17316","16","1","1","7","3","1","0","1","2","0"
"17317","80732501","17317","17","1","1","7","2","0","1","1","1","0"
"17318","80732501","17318","16","3","3","1","6","0","6","1","1","0"
"17319","80732501","17319","16","1","1","7","6","0","3","1","1","0"
"17320","80732501","17320","16","1","1","7","6","0","1","1","1","0"
"17321","80732501","17321","81","3","1","7","6","0","4","0","1","0"
"17322","80732501","17322","16","3","1","7","5","0","1","2","1","0"
"17323","80732506","17323","11","3","3","2","6","1","1","0","2","0"
"17324","80732506","17324","11","2","1","7","2","0","1","1","1","0"
"17325","80732506","17325","52","1","1","7","0","0","2","1","1","0"
"17326","80732506","17326","11","1","1","7","6","0","3","1","1","0"
"17327","80732506","17327","81","3","1","7","6","0","1","1","1","0"
"17328","80732506","17328","71","5","1","7","6","1","0","1","2","0"
"17329","80733105","17329","13","1","1","7","6","0","2","0","1","0"
"17330","80733307","17330","21","1","1","7","4","0","1","1","1","0"
"17331","80733405","17331","17","2","1","7","2","1","0","1","2","0"
"17332","80733405","17332","13","1","1","7","6","0","1","1","1","0"
"17333","80733406","17333","16","3","1","7","2","1","0","1","2","0"
"17334","80733406","17334","13","2","3","2","4","1","0","1","2","0"
"17335","80733406","17335","13","1","3","1","6","0","1","1","1","0"
"17336","80733501","17336","52","5","1","7","6","0","2","1","1","0"
"17337","80733501","17337","17","1","1","7","2","0","1","1","1","0"
"17338","80734108","17338","17","1","1","7","2","0","1","1","1","0"
"17339","80734201","17339","71","1","1","7","6","1","0","1","2","0"
"17340","80734202","17340","17","1","1","7","1","1","0","0","2","0"
"17341","80734303","17341","71","1","1","7","6","0","1","1","1","0"
"17342","80734303","17342","16","3","1","7","4","0","1","1","1","0"
"17343","80734305","17343","17","2","3","2","2","0","2","1","1","0"
"17344","80734501","17344","21","1","1","7","6","0","1","2","1","0"
"17345","80734501","17345","21","1","7","2","6","0","1","1","1","0"
"17346","80735103","17346","16","1","1","7","6","1","0","1","2","0"
"17347","80735302","17347","13","1","1","7","5","0","1","1","1","0"
"17348","80735302","17348","81","1","1","7","6","0","2","1","1","0"
"17349","80735302","17349","16","3","1","7","4","0","1","1","1","0"
"17350","80735308","17350","72","2","3","1","6","1","0","2","2","0"
"17351","80735309","17351","52","2","1","4","6","1","2","0","2","0"
"17352","80735315","17352","22","2","3","2","3","0","1","1","1","0"
"17353","80735315","17353","16","5","1","7","6","0","1","1","1","0"
"17354","80736201","17354","71","3","6","1","6","0","1","1","1","0"
"17355","80736201","17355","16","3","1","7","6","0","1","1","1","0"
"17356","80736201","17356","16","3","1","7","4","1","1","1","2","0"
"17357","80736201","17357","15","1","1","2","6","0","1","1","1","0"
"17358","80736301","17358","71","1","2","1","6","0","1","1","1","0"
"17359","80736302","17359","72","1","1","7","6","0","1","1","1","0"
"17360","80736309","17360","75","1","1","7","6","1","0","1","2","0"
"17361","80736309","17361","41","3","1","7","6","0","1","1","1","0"
"17362","80736404","17362","41","1","1","7","6","1","0","1","2","0"
"17363","80736501","17363","14","1","1","7","6","0","1","1","1","0"
"17364","80737101","17364","16","1","1","7","4","1","0","1","2","0"
"17365","80737101","17365","16","3","1","7","6","1","1","0","2","0"
"17366","80737101","17366","11","1","1","7","6","1","0","1","2","0"
"17367","80737101","17367","16","1","1","7","6","0","3","0","1","0"
"17368","80737103","17368","71","5","3","2","2","1","0","1","2","0"
"17369","80737103","17369","72","3","1","7","6","0","2","1","1","0"
"17370","80737103","17370","71","1","1","7","6","0","1","1","1","0"
"17371","80737103","17371","52","3","3","2","9","0","1","0","1","0"
"17372","80737103","17372","16","1","1","1","4","1","0","1","2","0"
"17373","80737103","17373","11","1","1","7","6","0","1","1","1","0"
"17374","80737302","17374","17","1","3","2","2","0","1","1","1","0"
"17375","80737303","17375","16","1","1","7","5","1","0","1","2","0"
"17376","80737303","17376","17","1","1","7","2","1","0","1","2","0"
"17377","80737303","17377","17","2","1","7","2","1","0","1","2","0"
"17378","80737303","17378","16","3","3","2","4","1","0","1","2","0"
"17379","80737303","17379","17","1","1","7","2","0","2","0","1","0"
"17380","80737303","17380","17","1","1","7","2","1","0","1","2","0"
"17381","80737402","17381","17","1","1","2","2","0","2","1","1","0"
"17382","80737402","17382","31","1","1","7","6","0","1","1","1","0"
"17383","80737402","17383","71","3","1","7","6","1","0","1","2","0"
"17384","80737402","17384","16","1","1","7","4","0","1","1","1","0"
"17385","80737402","17385","16","3","1","7","4","0","1","1","1","0"
"17386","80737402","17386","11","1","1","7","2","0","2","0","1","0"
"17387","80737402","17387","16","1","1","7","3","0","1","0","1","0"
"17388","80737402","17388","17","1","3","1","2","0","1","1","1","0"
"17389","80737402","17389","16","3","6","1","6","1","1","2","2","0"
"17390","80737402","17390","51","1","1","7","6","0","1","1","1","0"
"17391","80737402","17391","11","1","3","2","6","0","1","1","1","0"
"17392","80737402","17392","52","1","1","7","6","0","1","1","1","0"
"17393","80737503","17393","51","3","1","2","6","0","3","0","1","0"
"17394","80737503","17394","23","1","1","7","4","0","1","1","1","0"
"17395","80737503","17395","71","1","1","7","6","0","0","1","3","0"
"17396","80737503","17396","16","2","1","7","6","0","1","1","1","0"
"17397","80737503","17397","16","1","1","7","5","1","0","1","2","0"
"17398","80737503","17398","71","1","1","7","6","0","1","1","1","0"
"17399","80737503","17399","11","2","3","2","6","0","1","1","1","0"
"17400","80741105","17400","14","3","1","2","4","0","1","1","1","0"
"17401","80741105","17401","19","1","1","7","4","0","2","1","1","0"
"17402","80741105","17402","19","3","1","7","4","0","1","1","1","0"
"17403","80741105","17403","13","5","3","1","4","0","1","1","1","0"
"17404","80741105","17404","14","1","1","7","6","0","1","1","1","0"
"17405","80741201","17405","16","3","1","7","6","0","3","1","1","0"
"17406","80741201","17406","19","1","1","7","6","0","1","2","1","0"
"17407","80741201","17407","19","1","1","7","6","0","2","1","1","0"
"17408","80741201","17408","16","1","1","7","6","0","2","1","1","0"
"17409","80741201","17409","19","1","3","1","6","0","1","3","1","0"
"17410","80741201","17410","51","2","1","1","6","0","1","2","1","0"
"17411","80741201","17411","51","1","1","7","6","0","1","0","1","0"
"17412","80741201","17412","52","1","1","7","0","0","1","0","1","0"
"17413","80741304","17413","52","1","1","7","0","0","1","0","1","0"
"17414","80741306","17414","11","2","1","2","2","0","1","1","1","0"
"17415","80741306","17415","64","1","1","7","6","0","1","1","1","0"
"17416","80741306","17416","71","3","1","7","6","0","1","1","1","0"
"17417","80741306","17417","11","2","1","7","6","0","1","1","1","0"
"17418","80741306","17418","81","1","3","1","6","1","0","1","2","0"
"17419","80741306","17419","64","1","1","7","6","0","1","1","1","0"
"17420","80741306","17420","11","1","3","1","6","1","0","1","2","0"
"17421","80741306","12720","11","1","1","7","6","0","1","1","1","0"
"17422","80741306","17422","11","1","1","7","6","0","0","1","3","0"
"17423","80741402","17423","71","1","1","7","6","0","1","1","1","0"
"17424","80741403","17424","13","1","1","7","6","1","1","1","2","0"
"17425","80741403","17425","13","2","3","2","6","0","1","1","1","0"
"17426","80741407","17426","71","1","3","2","4","0","2","0","1","0"
"17427","80741407","17427","13","1","2","2","6","0","1","1","1","0"
"17428","80741407","17428","13","1","1","7","6","0","2","1","1","0"
"17429","80741407","17429","13","1","3","2","6","0","2","1","1","0"
"17430","80741407","17430","13","1","3","2","6","0","3","0","1","0"
"17431","80741407","17431","13","3","7","7","6","0","7","0","1","0"
"17432","80741407","17432","13","5","1","7","6","0","1","1","1","0"
"17433","80741407","17433","13","2","1","7","6","0","1","1","1","0"
"17434","80741409","17434","24","1","1","7","2","1","0","1","2","0"
"17435","80741502","17435","81","1","1","7","6","0","1","1","3","0"
"17436","80741502","17436","13","1","3","2","6","0","1","3","1","0"
"17437","80741502","17437","17","3","1","7","2","0","0","1","3","0"
"17438","80741502","17438","17","3","3","2","2","0","2","2","1","0"
"17439","80741502","17439","17","3","1","7","2","0","2","1","1","0"
"17440","80741502","17440","81","3","1","7","6","0","0","1","3","0"
"17441","80741502","17441","23","1","1","7","6","0","1","1","1","0"
"17442","80741502","17442","13","1","1","7","5","0","1","1","1","0"
"17443","80741502","17443","13","1","2","1","6","0","4","1","1","0"
"17444","80741502","17444","13","3","1","7","6","0","6","0","1","0"
"17445","80741502","17445","23","5","1","7","5","0","4","0","1","0"
"17446","80741502","17446","13","1","1","7","6","0","0","2","3","0"
"17447","80741502","17447","17","1","1","7","2","0","1","1","1","0"
"17448","80741502","17448","13","1","1","7","6","0","1","1","1","0"
"17449","80741502","17449","71","1","1","7","6","0","1","1","1","0"
"17450","80741502","17450","13","1","1","7","5","0","1","1","1","0"
"17451","80741502","17451","51","1","2","2","6","0","1","1","1","0"
"17452","80742101","17452","14","1","1","7","6","0","1","1","1","0"
"17453","80742105","17453","16","1","1","7","4","0","1","1","1","0"
"17454","80742105","17454","71","1","1","7","6","0","1","1","1","0"
"17455","80742105","17455","72","1","1","7","6","1","0","1","2","0"
"17456","80742106","17456","11","3","3","1","6","0","3","2","1","0"
"17457","80742106","17457","35","1","3","2","4","0","1","1","1","0"
"17458","80742107","17458","16","1","3","2","6","0","2","3","1","0"
"17459","80742107","17459","51","1","1","7","6","0","1","1","1","0"
"17460","80742107","17460","11","1","3","2","2","0","1","1","1","0"
"17461","80742107","17461","17","1","1","7","2","1","0","1","2","0"
"17462","80742107","17462","18","1","1","7","5","0","1","1","1","0"
"17463","80742107","17463","11","1","1","7","8","0","3","0","1","0"
"17464","80742107","17464","71","1","3","2","6","0","1","1","1","0"
"17465","80742107","17465","16","5","3","1","4","1","0","1","2","0"
"17466","80742107","17466","21","5","1","7","6","0","2","0","1","0"
"17467","80742107","17467","71","1","1","7","6","0","1","1","1","0"
"17468","80742107","17468","64","1","1","7","6","0","1","1","1","0"
"17469","80742107","17469","16","3","1","7","4","0","1","1","1","0"
"17470","80742107","17470","18","1","3","2","6","0","2","1","1","0"
"17471","80742108","17471","64","1","1","7","6","0","1","1","1","0"
"17472","80742109","17472","51","1","1","7","6","0","1","1","1","0"
"17473","80742112","17473","11","1","1","7","6","0","1","1","1","0"
"17474","80742112","17474","81","2","1","7","6","1","3","0","3","1"
"17475","80742112","17475","11","1","1","7","6","0","1","1","1","0"
"17476","80742112","17476","11","3","1","7","6","0","1","2","1","0"
"17477","80742112","17477","11","1","1","2","6","0","1","2","1","0"
"17478","80742112","17478","12","1","3","2","6","0","1","1","1","0"
"17479","80742112","17479","51","1","1","7","6","1","1","0","2","0"
"17480","80742112","17480","11","1","1","7","2","1","0","1","2","0"
"17481","80742112","17481","42","3","1","7","6","0","2","1","1","0"
"17482","80742112","17482","42","1","1","7","4","1","1","0","2","0"
"17483","80742112","17483","11","1","1","7","6","0","1","1","1","0"
"17484","80742112","17484","42","1","1","7","4","1","0","1","2","0"
"17485","80742112","17485","11","3","1","7","2","0","1","1","1","0"
"17486","80742112","17486","11","4","3","1","6","0","2","3","1","0"
"17487","80742112","17487","42","3","3","1","6","0","1","1","1","0"
"17488","80742112","17488","11","3","1","1","6","0","3","1","1","0"
"17489","80742112","17489","11","1","1","7","2","1","0","1","2","0"
"17490","80742112","17490","11","1","1","7","6","0","1","1","1","0"
"17491","80742202","17491","15","1","1","7","6","0","1","1","1","0"
"17492","80742202","17492","17","3","1","7","2","0","1","1","1","0"
"17493","80742202","17493","11","3","1","7","6","0","4","0","1","0"
"17494","80742202","17494","52","3","1","7","0","0","1","1","1","0"
"17495","80742202","17495","11","1","2","2","6","0","1","1","1","0"
"17496","80742202","17496","11","3","1","7","6","0","1","1","1","0"
"17497","80742202","17497","72","1","1","7","6","0","1","1","1","0"
"17498","80742202","17498","52","3","1","7","0","0","1","0","1","0"
"17499","80742202","17499","51","1","7","1","6","0","1","1","1","0"
"17500","80742202","17500","81","3","2","1","0","0","1","3","1","0"
"17501","80742202","17501","11","1","1","7","6","0","1","1","1","0"
"17502","80742202","17502","51","3","1","7","5","0","1","1","1","0"
"17503","80742304","17503","17","1","1","7","1","0","1","1","1","0"
"17504","80742304","17504","17","3","1","7","2","0","1","1","1","0"
"17505","80742306","17505","11","3","1","7","2","0","1","1","1","0"
"17506","80742307","17506","41","1","1","7","6","0","1","1","1","0"
"17507","80742307","17507","35","1","3","1","4","0","1","1","1","0"
"17508","80742307","17508","71","1","1","7","6","0","1","1","1","0"
"17509","80742307","17509","18","1","1","7","7","0","1","2","1","0"
"17510","80742307","17510","19","1","1","7","4","0","1","1","1","0"
"17511","80742309","17511","19","1","1","7","3","0","1","1","1","0"
"17512","80742313","17512","71","1","1","7","6","0","1","1","1","0"