"accident_id","lieu_id","date_id","cause_id","lum_id","intemp_id","etat_surface_id","impliq_id","nb_blesses_graves","nb_blesses_legers","nb_indemnes","gravite","nb_morts"
"17513","80742314","17513","19","1","1","7","3","0","1","1","1","0"
"17514","80742314","17514","19","3","1","7","4","0","1","1","1","0"
"17515","80742314","17515","52","3","1","7","0","1","0","0","2","0"
"17516","80742314","17516","16","2","3","1","2","0","1","2","1","0"
"17517","80742402","17517","19","1","1","7","4","0","1","1","1","0"
"17518","80742402","17518","71","3","1","7","6","1","0","1","2","0"
"17519","80742402","17519","51","1","1","7","3","0","1","1","1","0"
"17520","80742402","17520","17","3","2","1","2","0","1","1","1","0"
"17521","80742409","17521","11","1","1","7","6","0","1","1","1","0"
"17522","80742409","17522","71","1","1","7","6","0","1","1","1","0"
"17523","80742409","17523","41","1","1","7","6","0","1","1","1","0"
"17524","80742410","17524","71","1","1","7","6","0","1","1","1","0"
"17525","80742410","17525","17","3","1","7","2","1","0","1","2","0"
"17526","80742411","17526","72","1","1","7","6","0","1","1","1","0"
"17527","80742412","17484","11","1","1","7","6","0","1","2","1","0"
"17528","80742501","17528","13","1","1","7","6","0","2","0","1","0"
"17529","80742501","17529","13","3","1","7","4","0","1","1","1","0"
"17530","80742501","17530","13","1","1","7","5","0","1","1","1","0"
"17531","80742501","17531","17","1","1","7","1","0","1","1","1","0"
"17532","80742501","17532","17","1","1","7","2","0","1","1","1","0"
"17533","80742502","17533","31","1","3","1","6","0","1","2","1","0"
"17534","80742502","17534","21","3","1","7","6","0","1","1","1","0"
"17535","80743302","17535","11","3","1","7","6","0","1","1","1","0"
"17536","80743302","7349","11","1","1","7","6","0","1","1","1","0"
"17537","80743302","17537","28","3","1","2","0","0","1","0","1","0"
"17538","80743302","17538","16","1","1","7","6","0","1","2","1","0"
"17539","80743302","17539","16","1","1","1","6","0","2","2","1","0"
"17540","80743302","17540","11","1","1","7","6","0","1","1","1","0"
"17541","80743302","17541","16","3","1","1","6","0","2","1","1","0"
"17542","80743302","17542","16","1","1","7","6","0","1","1","1","0"
"17543","80743302","17543","11","1","1","7","6","0","1","1","1","0"
"17544","80743302","17544","16","1","1","7","6","0","1","2","1","0"
"17545","80743302","17545","17","1","1","7","2","0","1","1","1","0"
"17546","80743302","17546","11","3","3","1","6","0","2","0","1","0"
"17547","80743302","17547","16","1","1","7","4","0","1","1","1","0"
"17548","80743302","17548","81","3","1","7","6","0","1","0","3","0"
"17549","80743302","17549","14","1","1","7","6","0","1","1","1","0"
"17550","80743302","17550","15","1","1","7","6","0","2","2","1","0"
"17551","80743302","17551","81","2","1","7","6","0","2","0","1","0"
"17552","80743302","17552","11","1","1","7","6","0","3","1","1","0"
"17553","80743302","17553","52","3","3","2","0","0","3","0","1","0"
"17554","80743302","17554","11","3","1","7","6","0","2","1","1","0"
"17555","80743302","17555","11","3","1","7","6","0","1","0","1","0"
"17556","80743302","17556","52","1","1","7","0","0","1","0","1","0"
"17557","80743302","17557","11","1","1","7","6","0","2","0","1","0"
"17558","80743302","17558","16","1","1","7","6","0","1","1","1","0"
"17559","80743302","17559","41","1","1","7","6","1","0","2","2","0"
"17560","80743303","17560","11","4","3","1","6","0","1","2","1","0"
"17561","80743303","17561","11","5","3","1","6","0","2","1","1","0"
"17562","80743303","17562","11","5","1","7","6","0","1","1","1","0"
"17563","80743303","17563","81","3","3","1","6","2","0","1","2","0"
"17564","80743303","17564","11","2","1","1","6","0","3","0","1","0"
"17565","80743303","17565","11","1","1","7","6","1","1","1","2","0"
"17566","80743303","17566","11","1","3","2","6","0","4","2","1","0"
"17567","80743303","17567","11","1","1","7","6","0","3","0","1","0"
"17568","80743303","17568","51","1","1","7","6","0","1","4","1","0"
"17569","80743303","17569","11","1","1","7","6","0","1","2","1","0"
"17570","80743303","17570","81","3","1","7","6","0","1","0","1","0"
"17571","80743304","17571","71","1","1","7","6","0","1","1","1","0"
"17572","80743401","17572","18","1","1","7","4","0","1","1","1","0"
"17573","80743403","17573","14","1","1","7","4","0","1","1","1","0"
"17574","80743403","17574","14","1","1","7","6","0","1","1","1","0"
"17575","80743403","17575","72","1","1","7","6","0","1","1","1","0"
"17576","80743403","17576","19","1","1","7","6","0","1","1","1","0"
"17577","80743403","17577","19","5","1","7","6","0","2","1","1","0"
"17578","80743403","17578","19","3","1","7","6","0","1","1","1","0"
"17579","80743403","17579","81","1","3","1","6","0","2","0","1","0"
"17580","80743405","17580","11","1","1","7","4","0","1","1","1","0"
"17581","80743405","17581","11","2","3","2","6","0","2","1","1","0"
"17582","80743501","17582","17","3","3","2","2","0","1","2","1","0"
"17583","80743501","17583","71","5","1","7","6","0","1","1","1","0"
"17584","80743501","17584","71","4","1","7","6","0","1","1","1","0"
"17585","80743501","17585","17","1","3","1","2","0","1","1","1","0"
"17586","80743501","17586","52","1","1","7","6","0","1","0","1","0"
"17587","80743502","17587","71","1","1","7","6","0","1","1","1","0"
"17588","80743503","17588","13","1","1","7","4","0","1","1","1","0"
"17589","80743504","17589","41","1","1","7","3","0","1","1","1","0"
"17590","80743505","17590","13","5","1","7","6","0","1","2","1","0"
"17591","80743505","17591","13","3","2","2","4","0","1","1","1","0"
"17592","80743505","17592","13","1","1","7","6","0","1","1","1","0"
"17593","80743505","17593","13","1","1","7","6","0","1","1","1","0"
"17594","80743505","17594","13","1","1","7","6","0","1","1","1","0"
"17595","80744302","17595","12","1","1","7","6","0","1","1","1","0"
"17596","80744302","17596","12","1","3","1","6","0","1","1","1","0"
"17597","80744302","17597","64","3","1","7","6","0","2","1","1","0"
"17598","80744302","17598","35","1","1","7","6","0","1","1","1","0"
"17599","80744302","17599","23","1","1","7","7","0","1","0","1","0"
"17600","80744302","17600","16","1","1","7","6","0","1","1","1","0"
"17601","80744402","17601","14","1","1","7","6","0","1","1","1","0"
"17602","80744406","17602","14","3","2","2","6","0","1","1","1","0"
"17603","80744406","17603","14","1","1","7","4","1","0","1","2","0"
"17604","80744501","17604","14","1","1","2","6","0","1","1","1","0"
"17605","80744501","17605","14","1","1","7","6","0","1","1","1","0"
"17606","80744501","17606","14","1","1","7","6","0","4","0","1","0"
"17607","80744501","17607","14","3","1","7","6","0","2","0","1","0"
"17608","80744501","17608","81","3","1","7","6","0","1","2","1","0"
"17609","80744501","17609","21","1","1","7","6","0","3","2","1","0"
"17610","80744503","17610","21","1","1","7","6","0","1","1","1","0"
"17611","80744507","17611","81","3","1","7","6","0","2","0","1","0"
"17612","80744507","17612","17","1","1","7","2","1","0","1","2","0"
"17613","80744507","17613","13","1","1","7","6","0","2","1","1","0"
"17614","80745301","17614","51","1","1","7","7","0","2","1","1","0"
"17615","80745503","17615","13","3","3","2","6","0","2","1","1","0"
"17616","80745503","17616","13","1","1","7","4","0","1","1","1","0"
"17617","80745503","17617","13","3","3","1","6","0","5","0","1","0"
"17618","80745503","17618","81","3","1","7","6","0","1","0","1","0"
"17619","80745503","17619","13","2","3","2","4","0","1","1","1","0"
"17620","80745505","17620","17","1","1","7","1","0","1","1","1","0"
"17621","80745505","17621","17","1","1","7","1","0","1","1","1","0"
"17622","80745506","17622","14","1","2","2","6","0","2","0","1","0"
"17623","80745506","17623","14","1","1","7","6","0","1","1","1","0"
"17624","80745507","17624","52","1","1","7","0","1","0","0","2","0"
"17625","80745507","17625","51","1","1","7","6","0","1","1","1","0"
"17626","80746201","17626","52","1","1","7","0","0","1","0","1","0"
"17627","80746302","17627","17","1","1","7","2","0","1","1","1","0"
"17628","80746302","17628","71","2","3","1","6","0","1","1","1","0"
"17629","80746302","17629","17","1","1","7","2","0","1","1","1","0"
"17630","80746302","17630","17","4","3","1","1","0","1","1","1","0"
"17631","80746401","17631","13","4","1","7","5","0","1","1","1","0"
"17632","80746401","17632","11","3","3","1","6","0","1","2","1","0"
"17633","80746403","17633","11","5","1","7","8","0","1","1","1","0"
"17634","80746403","17634","51","3","1","7","6","0","1","1","1","0"
"17635","80746405","17635","52","3","1","7","0","0","3","0","1","0"
"17636","80746405","17636","11","1","1","7","6","0","1","1","1","0"
"17637","80746405","17637","71","1","1","7","7","0","1","1","1","0"
"17638","80746405","17638","52","3","1","7","0","0","1","0","1","0"
"17639","80746405","17639","16","3","1","7","5","0","1","1","1","0"
"17640","80746405","17640","11","1","1","7","7","0","1","1","1","0"
"17641","80746405","17641","11","1","1","7","6","0","1","2","1","0"
"17642","80746405","17642","16","1","1","7","6","0","1","1","1","0"
"17643","80746405","17643","17","1","3","2","1","0","1","1","1","0"
"17644","80746405","17644","16","1","1","7","4","0","1","1","1","0"
"17645","80746405","17645","42","1","1","7","4","1","0","1","2","0"
"17646","80746405","17646","11","1","1","7","6","0","1","1","1","0"
"17647","80746405","17647","22","1","1","7","2","1","1","1","2","0"
"17648","80746405","17648","42","3","1","7","5","0","1","1","1","0"
"17649","80746405","17649","16","3","1","7","5","0","1","2","1","0"
"17650","80746405","17650","15","3","1","7","6","0","3","3","1","0"
"17651","80746405","17651","64","1","3","2","6","0","1","1","1","0"
"17652","80746405","17652","11","1","1","7","6","1","0","1","2","0"
"17653","80746405","17653","11","3","1","7","6","0","1","1","1","0"
"17654","80746405","17654","11","3","3","1","5","0","1","1","1","0"
"17655","80746405","17655","16","1","1","7","6","1","1","1","2","0"
"17656","80746405","17656","16","1","1","7","4","0","1","1","1","0"
"17657","80746405","17657","11","1","1","7","2","0","1","1","1","0"
"17658","80746405","17658","11","5","1","7","6","0","2","1","1","0"
"17659","80746405","17659","16","1","1","7","6","0","1","1","1","0"
"17660","80746405","17660","15","1","1","7","6","0","3","0","1","0"
"17661","80746405","17661","16","1","1","7","6","0","2","0","1","0"
"17662","80746405","17662","11","1","3","1","6","0","2","1","1","0"
"17663","80746405","17663","16","1","1","7","6","0","1","2","1","0"
"17664","80746405","17664","11","1","1","7","4","0","2","0","1","0"
"17665","80746405","17665","11","5","1","7","6","0","1","1","1","0"
"17666","80746405","17666","71","3","3","1","6","0","1","1","1","0"
"17667","80746405","17667","81","3","1","3","6","0","1","1","1","0"
"17668","80746405","17668","16","1","3","1","6","0","2","1","1","0"
"17669","80746405","17669","71","1","3","1","6","0","2","1","1","0"
"17670","80746405","17670","11","1","1","7","6","0","3","2","1","0"
"17671","80746405","17671","77","1","1","7","8","0","1","1","1","0"
"17672","80746405","17672","14","3","1","7","6","0","1","1","1","0"
"17673","80746405","17673","16","2","3","1","6","0","2","1","1","0"
"17674","80746405","17674","16","1","2","1","6","0","1","2","1","0"
"17675","80746405","17675","42","1","1","7","6","0","2","1","1","0"
"17676","80746405","17676","42","1","1","2","5","0","1","1","1","0"
"17677","80746405","17677","11","1","1","7","6","0","1","1","1","0"
"17678","80746405","17678","64","1","1","7","6","0","1","1","1","0"
"17679","80746405","17679","16","1","1","7","6","0","1","2","1","0"
"17680","80746405","17680","81","1","1","7","6","0","1","1","1","0"
"17681","80746405","17681","42","1","1","7","6","0","1","1","1","0"
"17682","80746405","17682","16","2","3","2","6","0","1","1","1","0"
"17683","80746405","17683","11","1","2","2","6","1","0","1","2","0"
"17684","80746405","17684","16","2","1","7","6","0","1","1","1","0"
"17685","80746405","17685","42","1","1","2","6","0","2","0","1","0"
"17686","80746405","17686","42","3","1","7","6","0","1","2","1","0"
"17687","80746405","17687","11","1","1","7","6","0","1","1","1","0"
"17688","80746405","17688","16","1","3","2","6","0","2","2","1","0"
"17689","80746405","17689","42","1","1","7","6","0","1","2","1","0"
"17690","80746405","17690","11","1","1","7","6","0","1","1","1","0"
"17691","80746405","17691","11","1","1","7","6","0","2","2","1","0"
"17692","80746408","17692","13","3","1","7","6","1","2","2","2","0"
"17693","80746408","17693","17","1","1","7","2","0","1","1","1","0"
"17694","80746408","17694","17","1","1","7","2","0","1","1","1","0"
"17695","80746408","17695","11","3","1","7","6","0","1","2","1","0"
"17696","80746409","17696","21","1","1","7","6","0","1","2","1","0"
"17697","80746409","17697","81","3","1","7","6","0","1","1","1","0"
"17698","80746410","17698","13","1","1","7","6","0","1","2","1","0"
"17699","80746410","17699","16","1","1","7","5","1","1","1","2","0"
"17700","80746410","17700","16","2","1","7","5","0","1","1","1","0"
"17701","80746410","17701","17","1","1","1","1","0","1","1","1","0"
"17702","80746410","17702","16","1","1","7","5","0","1","1","1","0"
"17703","80746410","17703","16","1","1","7","5","0","1","1","1","0"
"17704","80746501","17704","64","1","1","7","6","0","2","1","1","0"
"17705","80746502","17705","16","1","1","7","4","0","1","1","1","0"
"17706","80746502","17706","11","1","1","7","6","0","1","1","1","0"
"17707","80746502","17707","11","1","1","7","6","1","0","1","2","0"
"17708","80746502","17708","11","1","1","7","6","0","1","1","1","0"
"17709","80746502","17709","11","1","1","7","6","0","2","2","1","0"
"17710","80746502","17710","16","1","1","7","6","0","2","0","1","0"
"17711","80746502","17711","11","1","3","2","6","0","4","0","1","0"
"17712","80746502","17712","41","2","6","1","6","1","0","1","2","0"
"17713","80746502","17713","15","1","1","7","6","0","2","1","1","0"
"17714","80746502","17714","11","1","1","7","5","0","1","1","1","0"
"17715","80746502","17715","11","1","1","7","6","0","1","3","1","0"
"17716","80746502","17716","51","1","1","7","6","0","2","3","1","0"
"17717","80746502","17717","11","3","1","7","6","0","1","2","1","0"
"17718","80746502","17718","16","1","1","7","4","0","1","2","1","0"
"17719","80747101","17719","42","1","1","7","5","1","0","1","2","0"
"17720","80747101","17720","11","1","3","2","6","0","1","1","1","0"
"17721","80747101","17721","81","3","1","7","6","0","0","1","3","0"
"17722","80747101","17722","42","3","1","7","4","0","1","1","1","0"
"17723","80747101","17723","11","1","3","2","6","0","3","0","1","0"
"17724","80747101","17724","63","3","1","7","6","0","1","1","1","0"
"17725","80747101","17725","42","1","1","7","3","0","1","1","1","0"
"17726","80747101","17726","11","5","7","1","6","0","3","1","1","0"
"17727","80747101","17727","16","3","3","1","6","0","2","0","1","0"
"17728","80747101","17728","17","1","1","7","2","0","1","2","1","0"
"17729","80747103","17729","11","3","1","7","6","1","0","1","2","0"
"17730","80747103","17730","18","1","1","7","6","0","1","1","1","0"
"17731","80747103","17731","81","3","1","7","6","0","1","0","1","0"
"17732","80747103","17732","81","3","4","1","6","0","7","0","1","0"
"17733","80747103","17733","71","3","1","7","6","0","1","1","1","0"
"17734","80747103","17734","11","1","3","2","6","0","1","1","1","0"
"17735","80747201","17735","16","1","3","2","5","0","1","1","1","0"
"17736","80747201","17736","81","1","1","7","2","0","1","1","1","0"
"17737","80747202","17737","51","1","2","2","6","0","1","1","1","0"
"17738","80747202","17738","11","1","1","7","4","0","1","1","1","0"
"17739","80747303","17739","72","1","1","7","6","0","1","1","1","0"
"17740","80747403","17740","71","1","1","7","6","1","0","1","2","0"
"17741","80747403","17741","52","1","1","7","0","0","2","0","1","0"
"17742","80747403","17742","11","1","1","7","0","0","1","0","1","0"
"17743","80747403","17743","51","1","1","7","6","0","1","1","1","0"
"17744","80747403","17744","53","1","1","7","6","0","2","1","1","0"
"17745","80747403","17745","81","3","1","7","0","0","1","0","1","0"
"17746","80747403","17746","81","2","1","7","0","0","2","0","1","0"
"17747","80747405","17747","72","1","1","7","6","0","1","1","1","0"
"17748","80747406","17748","52","1","3","1","6","0","1","1","1","0"
"17749","80747412","17749","41","1","1","7","3","0","1","2","1","0"
"17750","80747501","17750","41","3","1","7","6","0","2","2","1","0"
"17751","80747501","17751","51","1","1","7","6","0","1","0","1","0"
"17752","80751103","17752","71","1","1","7","6","1","0","1","2","0"
"17753","80751104","17753","13","2","1","7","4","0","1","1","1","0"
"17754","80751105","17754","71","1","1","7","6","0","1","1","1","0"
"17755","80751106","17755","13","3","1","7","6","0","5","0","1","0"
"17756","80751106","17756","13","1","1","7","6","0","1","1","1","0"
"17757","80751106","17757","13","1","1","2","6","0","5","0","1","0"
"17758","80751106","17758","13","1","1","7","6","0","1","2","1","0"
"17759","80751106","17759","13","1","1","7","6","0","3","0","1","0"
"17760","80751106","17760","13","1","1","7","3","0","1","1","1","0"
"17761","80751106","17761","13","1","1","7","8","0","2","1","1","0"
"17762","80751106","12689","52","1","1","7","2","0","1","1","1","0"
"17763","80751106","17763","13","1","1","7","8","0","1","1","1","0"
"17764","80751106","17764","13","1","1","7","6","1","1","1","2","0"
"17765","80751106","17765","13","1","1","7","6","1","0","2","2","0"
"17766","80751106","17766","13","2","1","7","8","0","1","1","1","0"
"17767","80751106","17767","22","1","1","7","6","0","1","1","1","0"
"17768","80751106","17768","13","1","1","7","6","0","1","1","1","0"
"17769","80751106","17769","13","1","1","7","4","0","1","1","1","0"
"17770","80751106","17770","11","1","1","7","8","0","2","2","1","0"
"17771","80751106","17771","16","1","1","2","6","0","2","1","1","0"
"17772","80751106","17772","11","1","1","7","8","0","3","2","1","0"
"17773","80751201","17773","41","3","1","7","6","0","1","1","1","0"
"17774","80751201","17774","14","3","1","7","6","0","3","0","1","0"
"17775","80751201","17775","14","3","1","7","4","0","1","1","1","0"
"17776","80751201","14998","13","1","1","7","6","0","1","1","1","0"
"17777","80751201","17777","71","1","1","7","6","0","1","1","1","0"
"17778","80751202","17778","13","1","1","7","6","0","2","1","1","0"
"17779","80751202","17779","13","1","1","7","6","0","1","1","1","0"
"17780","80751202","17780","13","3","1","7","6","0","5","0","1","0"
"17781","80751202","17781","13","3","1","2","6","0","3","1","1","0"
"17782","80751202","17782","13","3","1","7","6","0","3","2","1","0"
"17783","80751202","17783","13","3","1","7","6","0","1","1","1","0"
"17784","80751202","17784","23","1","1","7","4","0","1","1","1","0"
"17785","80751203","10578","51","1","1","7","6","0","1","2","1","0"
"17786","80751204","17786","81","3","1","7","6","0","1","1","1","0"
"17787","80751204","17787","14","1","3","2","6","0","1","1","1","0"
"17788","80751301","17788","81","1","1","7","8","0","2","0","1","0"
"17789","80751301","17789","14","3","3","2","6","0","2","1","1","0"
"17790","80751301","17790","13","1","1","7","3","0","1","1","1","0"
"17791","80751301","17791","24","1","3","1","2","0","1","1","1","0"
"17792","80751301","17792","13","1","1","7","6","0","1","1","1","0"
"17793","80751301","17793","41","3","1","7","6","0","3","1","1","0"
"17794","80751302","17794","14","1","1","7","6","1","0","1","2","0"
"17795","80751302","17795","71","2","1","7","6","0","1","1","1","0"
"17796","80751302","17796","16","1","1","7","3","0","1","1","1","0"
"17797","80751302","17797","51","2","1","7","3","0","1","1","1","0"
"17798","80751303","17798","21","1","1","2","6","0","1","3","1","0"
"17799","80751303","17799","17","1","4","3","2","0","1","1","1","0"
"17800","80751303","17800","71","1","1","7","1","0","1","1","1","0"
"17801","80751401","17801","11","1","1","7","6","0","1","1","1","0"
"17802","80751401","17802","11","3","1","7","6","0","1","1","1","0"
"17803","80751401","17803","17","3","1","7","2","1","0","1","2","0"
"17804","80751401","17804","71","5","3","1","6","0","0","1","3","0"
"17805","80751405","17805","21","1","1","7","6","0","3","0","1","0"
"17806","80751501","17806","85","3","1","7","6","0","1","1","1","0"
"17807","80751501","17807","11","1","3","1","5","0","1","1","1","0"
"17808","80751502","17808","35","1","1","7","3","0","1","1","1","0"
"17809","80751502","17809","18","5","1","7","6","0","1","3","1","0"
"17810","80751502","17810","71","5","1","7","6","0","1","1","1","0"
"17811","80751502","17811","11","1","1","7","6","0","1","1","1","0"
"17812","80751502","17812","71","1","1","7","6","1","0","1","2","0"
"17813","80751502","17813","51","2","1","1","3","0","1","1","1","0"
"17814","80751502","17814","51","3","1","7","6","1","0","1","2","0"
"17815","80751502","17815","51","3","1","2","4","0","1","1","1","0"
"17816","80751502","17816","51","3","1","7","4","0","1","1","1","0"
"17817","80752101","17817","16","1","1","7","4","0","1","1","1","0"
"17818","80752101","17818","72","1","1","1","6","1","0","1","2","0"
"17819","80752101","17819","16","2","1","7","5","0","1","1","1","0"
"17820","80752101","2573","16","1","1","7","6","0","1","1","1","0"
"17821","80752101","17821","14","1","1","7","6","0","2","0","1","0"
"17822","80752101","13556","11","3","1","7","6","0","2","0","1","0"
"17823","80752101","17823","11","1","1","7","7","0","1","1","1","0"
"17824","80752101","17824","16","1","1","7","4","0","1","1","1","0"
"17825","80752101","17825","81","3","3","1","6","0","2","0","1","0"
"17826","80752101","17826","11","1","1","1","6","0","0","1","3","0"
"17827","80752101","17827","15","1","1","7","6","0","3","0","1","0"
"17828","80752101","17828","11","1","1","7","2","0","1","1","1","0"
"17829","80752101","17829","11","1","1","7","6","0","1","1","1","0"
"17830","80752101","17830","23","3","1","7","6","0","1","0","3","0"
"17831","80752101","17831","51","1","1","7","6","0","1","1","1","0"
"17832","80752101","17832","11","1","1","1","6","0","2","1","1","0"
"17833","80752101","17833","18","1","7","7","6","0","1","3","1","0"
"17834","80752101","17834","16","3","3","2","6","0","2","1","1","0"
"17835","80752101","17835","11","1","1","7","6","0","2","1","1","0"
"17836","80752101","17836","31","3","1","7","6","0","1","1","1","0"
"17837","80752102","17837","11","3","3","1","6","1","0","1","2","0"
"17838","80752102","17838","81","3","1","7","6","0","1","2","1","0"
"17839","80752102","17839","16","1","1","7","6","0","1","1","1","0"
"17840","80752102","17840","11","1","1","2","6","0","1","2","1","0"
"17841","80752102","17841","16","1","1","7","6","0","1","1","1","0"
"17842","80752102","17842","16","1","1","7","5","0","1","1","1","0"
"17843","80752102","17843","16","1","1","7","6","0","2","1","1","0"
"17844","80752102","17844","11","3","1","7","6","1","2","0","2","0"
"17845","80752102","17845","11","3","1","7","2","0","1","1","1","0"
"17846","80752102","17846","16","1","1","7","6","0","2","1","1","0"
"17847","80752102","17847","16","1","1","7","6","0","2","0","1","0"
"17848","80752102","17848","11","1","1","7","6","2","1","1","2","0"
"17849","80752102","17849","16","1","7","7","6","0","2","1","1","0"
"17850","80752102","17850","16","1","1","7","6","0","1","2","1","0"
"17851","80752102","17851","16","1","1","7","6","0","1","1","1","0"
"17852","80752102","17852","16","1","1","1","6","0","1","2","1","0"
"17853","80752102","17853","11","3","3","1","6","0","2","1","1","0"
"17854","80752102","17854","23","1","1","7","6","0","1","2","1","0"
"17855","80752102","17855","16","1","1","7","6","0","4","1","1","0"
"17856","80752102","17856","16","1","1","7","6","0","1","0","1","0"
"17857","80752102","17857","14","1","1","7","6","0","3","0","1","0"
"17858","80752102","17858","23","1","3","2","6","0","1","1","1","0"
"17859","80752102","17859","11","2","1","7","6","0","1","1","1","0"
"17860","80752102","17860","11","2","3","2","6","0","2","1","1","0"
"17861","80752105","17861","17","1","1","7","2","0","1","1","1","0"
"17862","80752105","17862","23","1","2","2","6","0","3","1","1","0"
"17863","80752107","17863","11","1","1","7","2","0","1","2","1","0"
"17864","80752107","17864","16","3","3","2","4","1","0","1","2","0"
"17865","80752107","17865","11","1","1","7","4","0","1","1","1","0"
"17866","80752107","17866","11","2","1","7","6","0","1","1","1","0"
"17867","80752107","17867","11","1","1","7","6","0","1","1","1","0"
"17868","80752107","17868","11","1","1","7","6","0","1","1","1","0"
"17869","80752203","17869","11","1","1","7","6","1","0","1","2","0"
"17870","80752203","17870","14","1","1","1","6","0","1","2","1","0"
"17871","80752203","17871","11","1","1","7","6","0","3","0","1","0"
"17872","80752203","17872","11","1","1","7","6","0","1","1","1","0"
"17873","80752203","17873","11","1","1","7","6","0","2","1","1","0"
"17874","80752203","17874","11","5","2","1","6","0","1","2","1","0"
"17875","80752203","17875","11","1","1","7","6","0","2","1","1","0"
"17876","80752301","17876","81","3","1","7","6","0","1","1","1","0"
"17877","80752301","17877","81","3","1","7","6","0","1","1","1","0"
"17878","80752401","17878","11","1","1","7","6","0","1","1","1","0"
"17879","80752407","17879","81","1","1","7","6","0","1","1","1","0"
"17880","80752417","9950","15","1","1","7","6","0","1","2","1","0"
"17881","80752417","17881","52","3","1","7","0","0","1","1","1","0"
"17882","80752417","17882","71","1","3","2","6","0","1","1","1","0"
"17883","80752417","17883","18","3","1","7","6","0","2","0","1","0"
"17884","80752417","17884","12","1","1","7","6","0","1","1","1","0"
"17885","80752417","17885","11","1","1","7","8","1","0","1","2","0"
"17886","80752417","17886","71","1","1","7","6","0","1","1","1","0"
"17887","80753101","866","13","3","3","2","6","0","1","3","1","0"
"17888","80753101","17888","13","1","3","2","6","0","1","1","1","0"
"17889","80753101","17889","72","1","1","7","6","1","0","1","2","0"
"17890","80753101","17890","51","3","1","7","6","0","1","1","1","0"
"17891","80753101","17891","13","3","1","7","8","0","1","1","1","0"
"17892","80753101","17892","13","1","1","7","6","0","1","1","1","0"
"17893","80753101","17893","13","1","1","7","6","0","1","1","1","0"
"17894","80753101","17894","13","1","1","7","6","0","1","1","1","0"
"17895","80753101","17895","13","1","3","2","6","0","1","1","1","0"
"17896","80753101","17896","17","1","1","7","1","1","0","1","2","0"
"17897","80753101","17897","13","3","1","7","6","0","2","1","1","0"
"17898","80753102","17898","13","1","1","7","6","0","1","1","1","0"
"17899","80753102","17899","64","1","3","2","6","0","1","1","1","0"
"17900","80753102","17900","26","3","1","7","2","0","1","1","1","0"
"17901","80753102","17901","71","1","1","7","6","0","1","1","1","0"
"17902","80753102","17902","16","1","1","7","4","0","1","1","1","0"
"17903","80753102","17903","81","3","2","1","6","0","1","1","1","0"
"17904","80753102","17904","17","1","1","7","3","0","1","1","1","0"
"17905","80753102","17905","71","1","1","7","6","0","1","1","1","0"
"17906","80753105","17906","52","3","3","1","0","0","1","0","1","0"
"17907","80753105","17907","11","1","3","1","6","0","1","1","1","0"
"17908","80753105","17908","35","1","1","7","4","0","1","1","1","0"
"17909","80753201","17909","13","1","3","1","6","1","0","1","2","0"
"17910","80753201","17910","13","1","1","7","6","0","1","1","1","0"
"17911","80753201","17911","13","1","1","7","6","0","1","1","1","0"
"17912","80753201","17912","41","1","1","7","6","0","1","1","1","0"
"17913","80753201","17913","13","1","1","7","6","0","1","1","1","0"
"17914","80753201","17914","13","1","1","7","6","0","1","2","1","0"
"17915","80753201","17915","17","1","1","7","2","1","0","1","2","0"
"17916","80753201","17916","13","1","1","7","6","0","1","1","1","0"
"17917","80753201","17917","81","1","1","7","6","0","2","0","1","0"
"17918","80753201","17918","13","3","1","2","6","0","3","2","1","0"
"17919","80753202","17919","72","1","1","7","6","0","1","1","1","0"
"17920","80753302","17920","11","1","1","7","6","0","1","1","1","0"
"17921","80753304","17921","51","1","1","7","6","0","1","1","1","0"
"17922","80753308","17922","71","1","3","2","8","0","1","1","1","0"
"17923","80753308","17923","81","3","1","7","6","2","5","0","2","0"
"17924","80753308","8870","17","2","1","7","1","0","1","1","1","0"
"17925","80753308","17925","51","5","3","1","4","0","1","1","1","0"
"17926","80753308","17926","52","1","3","1","0","0","1","0","1","0"
"17927","80753402","17927","15","1","1","7","6","0","1","1","1","0"
"17928","80753402","17928","14","1","1","7","6","0","2","0","1","0"
"17929","80753402","17929","14","1","1","7","6","0","1","1","1","0"
"17930","80753402","17930","13","1","1","7","6","0","1","1","1","0"
"17931","80753503","17931","71","2","1","7","6","0","1","1","1","0"
"17932","80753505","17932","11","1","3","2","6","0","1","2","1","0"
"17933","80753505","17933","11","1","1","7","6","0","1","1","1","0"
"17934","80753505","17934","11","1","1","7","6","0","1","1","1","0"
"17935","80753505","17935","11","1","1","7","6","0","1","2","1","0"
"17936","80753505","17936","81","3","1","7","6","0","1","2","1","0"