"accident_id","lieu_id","date_id","cause_id","lum_id","intemp_id","etat_surface_id","impliq_id","nb_blesses_graves","nb_blesses_legers","nb_indemnes","gravite","nb_morts"
"17937","80753505","17937","11","1","1","7","6","0","2","1","1","0"
"17938","80753505","17938","11","1","1","7","6","0","2","1","1","0"
"17939","80753505","17939","11","1","1","7","6","0","1","2","1","0"
"17940","80753505","17940","11","1","1","7","6","0","1","2","1","0"
"17941","80753505","17941","52","3","1","7","0","0","2","0","1","0"
"17942","80753505","17942","11","3","1","7","6","0","1","2","1","0"
"17943","80753505","17943","11","3","1","2","6","0","1","2","1","0"
"17944","80753505","17944","11","3","1","7","6","0","2","1","1","0"
"17945","80753505","17945","11","3","1","7","6","0","2","1","1","0"
"17946","80753505","17946","11","3","1","7","6","0","1","2","1","0"
"17947","80753505","17947","11","1","1","7","6","0","1","2","1","0"
"17948","80753505","17948","12","1","1","7","6","0","1","1","1","0"
"17949","80753505","17949","11","5","3","1","6","0","1","2","1","0"
"17950","80753505","17950","11","1","1","7","5","0","1","1","1","0"
"17951","80753505","17951","81","3","2","1","6","0","3","1","1","0"
"17952","80753505","17952","81","3","1","7","5","0","1","1","1","0"
"17953","80753505","17953","11","3","1","7","6","0","2","1","1","0"
"17954","80753505","17954","11","1","1","7","6","0","1","1","1","0"
"17955","80753505","17955","11","1","1","7","5","0","1","1","1","0"
"17956","80753505","17956","11","1","1","7","6","0","1","1","1","0"
"17957","80753506","17957","11","3","1","7","6","0","2","2","1","0"
"17958","80753506","17958","51","1","1","7","6","0","1","2","1","0"
"17959","80753506","17959","11","1","1","7","6","0","3","0","1","0"
"17960","80754103","17960","52","1","1","7","0","0","1","0","1","0"
"17961","80754105","17961","13","1","1","7","4","0","1","2","1","0"
"17962","80754105","17962","13","1","1","7","6","0","1","1","1","0"
"17963","80754105","17963","13","1","1","7","6","1","1","1","2","0"
"17964","80754105","17964","13","3","1","7","6","1","0","1","2","0"
"17965","80754105","17965","71","1","1","7","6","0","1","1","1","0"
"17966","80754105","17966","41","1","1","7","6","0","1","1","1","0"
"17967","80754105","17967","71","1","1","2","6","0","1","1","1","0"
"17968","80754105","17968","51","3","3","2","6","0","2","1","1","0"
"17969","80754106","17969","13","3","1","7","5","1","1","1","2","0"
"17970","80754106","17970","71","1","1","7","6","0","1","1","1","0"
"17971","80754201","17971","63","1","1","7","4","0","2","1","1","0"
"17972","80754201","17972","52","1","1","7","6","0","1","1","1","0"
"17973","80754201","17973","51","1","1","7","6","0","1","1","1","0"
"17974","80754201","17974","72","3","1","7","5","1","0","1","3","0"
"17975","80754201","17975","23","1","1","7","5","1","1","0","2","0"
"17976","80754201","17976","51","3","1","7","6","1","0","1","2","0"
"17977","80754202","17977","52","1","3","1","0","0","1","0","1","0"
"17978","80754202","17978","72","1","1","7","6","1","0","1","2","0"
"17979","80754202","17979","23","3","2","2","5","0","1","1","1","0"
"17980","80754204","17980","71","3","1","7","6","1","0","1","2","0"
"17981","80754206","17981","51","5","1","7","6","0","1","2","1","0"
"17982","80754206","17982","71","3","1","7","6","1","0","1","2","0"
"17983","80754207","17983","71","2","2","2","6","0","1","1","1","0"
"17984","80754208","17984","11","1","1","7","6","0","1","1","1","0"
"17985","80754208","17985","22","1","1","7","6","0","1","1","1","0"
"17986","80754208","17986","15","1","1","7","6","1","0","2","2","0"
"17987","80754208","17987","51","1","1","7","6","0","1","1","1","0"
"17988","80754208","9214","11","1","1","7","6","0","1","1","1","0"
"17989","80754208","17989","14","3","2","2","6","0","1","1","1","0"
"17990","80754208","17990","51","1","1","7","6","0","1","1","1","0"
"17991","80754208","17991","81","3","1","7","6","0","1","1","1","0"
"17992","80754208","17992","11","1","1","7","6","0","1","1","1","0"
"17993","80754208","17993","15","1","3","1","5","0","1","1","1","0"
"17994","80754208","17994","51","1","1","7","6","0","2","1","1","0"
"17995","80754208","17995","15","5","1","7","6","0","1","1","1","0"
"17996","80754208","17996","11","3","3","1","6","0","4","0","1","0"
"17997","80754208","17997","51","1","1","7","6","0","3","1","1","0"
"17998","80754208","17998","15","3","1","7","6","0","3","5","1","0"
"17999","80754208","17999","71","3","1","7","6","0","1","1","1","0"
"18000","80754210","18000","52","3","1","2","0","0","1","2","1","0"
"18001","80754210","18001","71","1","1","7","3","0","1","1","1","0"
"18002","80754210","18002","11","5","3","1","6","0","1","1","1","0"
"18003","80754210","18003","51","1","1","7","6","0","1","5","1","0"
"18004","80754301","18004","16","3","1","7","4","0","1","1","1","0"
"18005","80754302","18005","71","1","3","2","6","0","1","1","1","0"
"18006","80754302","18006","67","1","1","7","6","0","1","2","1","0"
"18007","80754306","18007","11","3","1","7","6","0","1","1","1","0"
"18008","80754306","10101","51","1","1","7","6","0","1","2","1","0"
"18009","80754306","18009","11","1","1","7","6","0","1","1","1","0"
"18010","80754306","18010","11","1","3","2","6","0","1","2","1","0"
"18011","80754306","18011","14","1","1","7","6","0","2","0","1","0"
"18012","80754306","18012","11","5","3","1","6","0","3","0","1","0"
"18013","80754306","18013","11","1","1","7","6","1","0","1","2","0"
"18014","80754306","18014","11","1","1","7","6","0","2","1","1","0"
"18015","80754306","18015","11","1","1","7","6","0","6","2","1","0"
"18016","80754307","18016","12","1","1","7","5","0","1","1","1","0"
"18017","80754401","18017","14","1","1","7","4","0","0","2","3","0"
"18018","80754401","18018","14","3","1","7","6","0","1","2","1","0"
"18019","80754401","18019","13","1","3","2","6","0","1","1","1","0"
"18020","80754404","18020","17","1","3","2","2","0","1","1","1","0"
"18021","80754409","18021","41","3","1","7","0","0","1","0","1","0"
"18022","80754409","18022","11","1","1","7","6","0","1","1","1","0"
"18023","80754409","18023","11","2","3","2","6","0","1","1","1","0"
"18024","80754409","18024","35","1","3","7","6","0","2","2","1","0"
"18025","80754409","18025","11","1","1","7","6","0","2","1","1","0"
"18026","80754409","18026","14","1","1","7","6","0","1","1","1","0"
"18027","80754409","18027","52","1","3","2","0","0","2","0","1","0"
"18028","80754409","18028","52","1","3","2","0","0","2","0","1","0"
"18029","80754410","18029","52","1","1","7","6","0","1","2","1","0"
"18030","80754410","18030","71","1","1","7","6","0","1","1","1","0"
"18031","80754410","18031","11","1","1","7","5","0","1","1","1","0"
"18032","80754501","18032","11","1","1","7","6","1","1","1","2","0"
"18033","80754501","18033","11","3","3","2","5","0","1","3","1","0"
"18034","80754504","18034","13","3","1","2","6","0","1","1","1","0"
"18035","80755201","18035","51","3","1","7","5","0","2","1","1","0"
"18036","80755201","18036","17","1","1","7","2","0","1","1","1","0"
"18037","80755203","18037","31","1","1","7","7","0","1","1","1","0"
"18038","80755205","18038","19","1","1","7","8","1","0","1","2","0"
"18039","80755206","18039","64","3","1","7","6","0","1","1","1","0"
"18040","80755301","18040","52","1","1","7","0","0","2","1","1","0"
"18041","80755302","18041","11","1","1","7","6","0","1","1","1","0"
"18042","80755302","18042","17","3","1","7","2","0","1","1","1","0"
"18043","80755302","18043","11","1","1","7","6","0","1","1","1","0"
"18044","80755306","18044","11","1","1","7","6","0","1","1","1","0"
"18045","80755306","18045","81","1","1","7","4","0","0","1","3","0"
"18046","80755306","18046","71","1","1","1","6","0","1","1","1","0"
"18047","80755307","18047","36","1","1","7","6","0","1","1","1","0"
"18048","80755307","18048","18","1","1","7","6","0","2","1","1","0"
"18049","80755402","18049","11","1","1","7","6","0","1","1","1","0"
"18050","80755402","18050","11","1","1","7","8","1","1","1","2","0"
"18051","80755402","18051","11","1","1","7","4","0","1","1","1","0"
"18052","80755402","18052","11","1","1","7","6","0","1","1","1","0"
"18053","80755402","18053","11","3","1","7","6","0","3","1","1","0"
"18054","80755402","18054","11","1","1","7","6","0","2","1","1","0"
"18055","80755405","18055","71","1","1","7","6","1","0","1","2","0"
"18056","80755406","18056","52","3","1","2","6","0","1","0","1","0"
"18057","80755406","18057","18","1","1","7","6","0","1","1","1","0"
"18058","80755407","18058","16","3","1","7","6","0","1","1","1","0"
"18059","80755407","18059","11","1","1","7","6","0","1","1","1","0"
"18060","80755407","18060","11","1","1","7","6","0","2","0","1","0"
"18061","80755407","18061","11","3","1","7","6","0","1","1","1","0"
"18062","80755407","18062","16","1","1","7","6","0","2","2","1","0"
"18063","80755407","18063","11","1","1","7","6","0","1","1","1","0"
"18064","80755407","18064","81","3","1","7","6","0","4","0","1","0"
"18065","80755407","18065","11","1","3","2","6","0","1","1","1","0"
"18066","80755407","18066","16","1","1","7","6","0","1","1","1","0"
"18067","80755407","18067","35","1","1","7","5","0","2","1","1","0"
"18068","80755407","18068","11","2","1","7","6","1","0","0","3","0"
"18069","80755407","18069","11","1","3","1","5","0","2","1","1","0"
"18070","80755407","18070","11","1","1","7","5","0","1","1","1","0"
"18071","80755407","18071","18","2","1","7","6","0","2","1","1","0"
"18072","80755407","18072","16","3","1","7","3","0","1","1","1","0"
"18073","80755407","18073","11","3","1","7","6","0","1","2","1","0"
"18074","80755408","18074","81","3","1","2","6","1","0","1","2","0"
"18075","80755410","18075","51","1","1","7","5","0","1","1","1","0"
"18076","80755501","18076","52","3","3","2","2","0","2","1","1","0"
"18077","80755501","18077","17","3","3","2","2","0","1","1","1","0"
"18078","80755501","18078","17","2","3","2","2","0","1","1","1","0"
"18079","80755501","18079","17","1","1","7","2","0","1","1","1","0"
"18080","80755501","18080","17","1","1","7","2","0","1","1","1","0"
"18081","80755504","18081","18","1","1","7","6","0","1","1","1","0"
"18082","80755508","18082","71","1","1","7","6","0","1","1","1","0"
"18083","80756101","18083","71","1","1","7","6","0","0","1","3","0"
"18084","80756101","18084","13","1","1","7","5","0","1","1","1","0"
"18085","80756101","18085","13","1","1","7","4","0","1","1","1","0"
"18086","80756101","18086","13","1","1","7","6","0","3","0","1","0"
"18087","80756101","18087","16","1","1","7","3","0","1","1","1","0"
"18088","80756101","18088","72","1","1","7","6","0","1","1","1","0"
"18089","80756101","18089","13","3","1","7","6","0","2","1","1","0"
"18090","80756103","18090","51","1","1","7","6","0","1","1","1","0"
"18091","80756103","18091","35","5","1","7","4","0","1","1","1","0"
"18092","80756105","18092","11","1","1","7","6","0","1","1","1","0"
"18093","80756105","18093","11","1","1","7","6","0","2","2","1","0"
"18094","80756105","18094","11","1","1","7","6","0","2","0","1","0"
"18095","80756105","18095","11","1","1","7","6","0","2","1","1","0"
"18096","80756105","18096","11","1","1","7","6","1","0","1","2","0"
"18097","80756105","18097","11","1","1","7","6","0","5","0","1","0"
"18098","80756105","18098","11","1","1","7","6","0","1","2","1","0"
"18099","80756105","18099","11","1","1","7","6","0","2","0","1","0"
"18100","80756106","18100","41","3","3","1","6","0","1","1","1","0"
"18101","80756202","18101","41","1","3","1","3","0","1","1","1","0"
"18102","80756401","18102","67","1","1","7","5","0","1","1","1","0"
"18103","80756501","18103","42","3","1","7","6","0","1","1","1","0"
"18104","80756501","18104","42","1","1","7","6","0","2","0","1","0"
"18105","80756501","18105","11","1","1","7","6","0","1","1","1","0"
"18106","80756501","18106","18","1","1","7","6","0","1","2","1","0"
"18107","80756501","18107","18","1","1","7","6","0","2","1","1","0"
"18108","80756501","18108","42","1","1","7","6","0","1","1","1","0"
"18109","80756501","18109","18","1","1","7","6","0","2","0","1","0"
"18110","80756501","18110","42","3","3","1","6","0","1","1","1","0"
"18111","80756501","18111","18","1","1","7","6","0","1","1","1","0"
"18112","80756501","18112","42","1","3","2","5","0","1","1","1","0"
"18113","80756501","18113","42","1","1","7","6","0","1","1","1","0"
"18114","80756501","18114","71","3","1","7","6","0","2","1","1","0"
"18115","80756502","18115","11","1","1","7","6","0","2","2","1","0"
"18116","80756502","18116","11","3","3","2","6","1","2","0","2","0"
"18117","80756502","18117","17","1","1","7","1","0","1","1","1","0"
"18118","80756502","18118","51","1","1","7","6","0","1","1","1","0"
"18119","80757101","18119","81","3","1","7","6","0","2","2","1","0"
"18120","80757101","18120","14","1","3","1","6","0","1","1","1","0"
"18121","80757201","18121","17","4","1","7","2","0","1","1","1","0"
"18122","80757501","18122","11","4","3","2","5","0","2","0","1","0"
"18123","80757501","18123","71","2","1","7","6","0","1","1","1","0"
"18124","80757501","18124","17","1","1","7","2","0","1","1","1","0"
"18125","80757501","18125","17","1","3","2","1","0","1","1","1","0"
"18126","80757501","18126","51","1","2","2","6","0","3","2","1","0"
"18127","80757501","18127","18","1","6","2","5","0","1","1","1","0"
"18128","80757509","18128","71","1","1","7","6","0","2","2","1","0"
"18129","80757509","18129","31","1","3","2","6","0","1","1","1","0"
"18130","80757510","18130","17","1","1","7","1","0","1","1","1","0"
"18131","80757510","18131","18","3","1","7","6","0","4","2","1","0"
"18132","80761101","18132","17","1","1","7","1","0","2","1","1","0"
"18133","80761102","18133","71","1","1","7","6","0","1","1","1","0"
"18134","80761102","18134","51","1","1","7","6","0","2","0","1","0"
"18135","80761102","18135","51","1","1","7","6","0","1","1","1","0"
"18136","80761103","18136","71","1","1","7","6","1","0","1","2","0"
"18137","80761103","18137","11","1","1","7","6","0","1","2","1","0"
"18138","80761103","18138","71","1","1","7","6","0","1","1","1","0"
"18139","80761103","18139","11","2","1","7","4","0","1","1","1","0"
"18140","80761103","18140","11","1","1","7","6","0","1","1","1","0"
"18141","80761104","18141","14","3","1","7","6","1","0","1","2","0"
"18142","80761105","18142","53","1","1","7","6","0","2","1","1","0"
"18143","80761105","18143","11","1","1","7","6","0","1","1","1","0"
"18144","80761105","18144","11","1","1","7","6","0","1","1","1","0"
"18145","80761105","18145","11","5","1","7","6","0","1","2","1","0"
"18146","80761105","18146","11","5","1","7","6","0","1","2","1","0"
"18147","80761105","18147","11","3","1","7","4","0","1","1","1","0"
"18148","80761105","18148","11","1","1","7","6","0","1","1","1","0"
"18149","80761105","18149","16","1","1","7","4","0","1","1","1","0"
"18150","80761201","18150","11","3","1","7","6","0","1","1","1","0"
"18151","80761201","18151","42","3","1","7","6","0","1","1","1","0"
"18152","80761201","18152","11","1","1","7","6","0","1","1","1","0"
"18153","80761201","18153","42","1","1","7","6","0","3","1","1","0"
"18154","80761201","849","11","1","1","7","6","0","2","2","1","0"
"18155","80761201","18155","42","1","1","2","6","0","1","1","1","0"
"18156","80761201","18156","42","1","1","7","6","0","2","1","1","0"
"18157","80761201","18157","12","1","1","7","6","0","2","1","1","0"
"18158","80761201","18158","11","1","1","7","6","0","1","1","1","0"
"18159","80761201","18159","18","3","1","7","6","0","1","1","1","0"
"18160","80761201","18160","17","1","1","7","2","1","0","1","2","0"
"18161","80761201","18161","18","1","1","2","5","0","1","1","1","0"
"18162","80761201","18162","11","1","1","7","6","0","1","1","1","0"
"18163","80761201","18163","42","1","1","7","6","0","4","0","1","0"
"18164","80761201","18164","42","1","1","7","6","0","1","2","1","0"
"18165","80761201","18165","81","3","1","7","6","0","2","0","1","0"
"18166","80761201","18166","42","3","1","1","6","1","1","1","2","0"
"18167","80761201","18167","18","1","1","7","6","0","1","1","1","0"
"18168","80761201","18168","11","1","1","7","4","0","1","2","1","0"
"18169","80761201","18169","11","1","1","7","5","0","1","1","1","0"
"18170","80761201","18170","18","1","1","7","5","0","1","1","1","0"
"18171","80761201","1534","11","3","1","7","6","0","1","1","1","0"
"18172","80761201","18172","42","1","1","7","6","0","1","1","1","0"
"18173","80761201","18173","42","1","1","7","6","0","1","1","1","0"
"18174","80761201","18174","42","3","1","7","5","0","1","1","1","0"
"18175","80761201","18175","42","1","1","7","7","0","1","1","1","0"
"18176","80761201","18176","42","1","1","7","6","0","1","1","1","0"
"18177","80761202","18177","51","3","1","7","6","1","0","1","2","0"
"18178","80761202","18178","51","1","1","7","6","0","1","1","1","0"
"18179","80761202","18179","18","1","1","7","5","0","1","1","1","0"
"18180","80761202","18180","18","3","1","2","6","0","1","3","1","0"
"18181","80761202","18181","18","5","1","7","6","0","1","1","1","0"
"18182","80761202","18182","42","1","1","7","6","0","1","2","1","0"
"18183","80761202","18183","42","5","1","7","6","0","2","2","1","0"
"18184","80761202","18184","51","1","1","7","6","0","1","2","1","0"
"18185","80761202","18185","42","1","1","7","6","0","3","0","1","0"
"18186","80761202","18186","11","3","1","7","6","0","1","2","1","0"
"18187","80761202","18187","71","3","3","2","6","1","0","1","2","0"
"18188","80761202","18188","11","1","1","7","6","0","1","1","1","0"
"18189","80761202","18189","11","1","1","7","5","0","1","1","1","0"
"18190","80761301","18190","17","1","1","7","2","0","1","1","1","0"
"18191","80761301","18191","17","1","2","2","2","0","1","1","1","0"
"18192","80761301","18192","71","1","1","7","6","0","1","1","1","0"
"18193","80761301","18193","17","1","1","7","2","0","1","1","1","0"
"18194","80761301","18194","17","1","1","7","2","0","1","1","1","0"
"18195","80761301","18195","61","1","1","7","3","0","1","2","1","0"
"18196","80761301","18196","42","1","1","7","2","0","1","1","1","0"
"18197","80761301","18197","51","1","3","1","6","0","1","2","1","0"
"18198","80761301","18198","42","1","1","7","2","0","1","1","1","0"
"18199","80761301","8291","81","1","1","7","2","0","1","1","1","0"
"18200","80761301","18200","81","5","1","7","6","1","0","1","2","0"
"18201","80761301","18201","17","1","3","1","2","0","1","1","1","0"
"18202","80761301","18202","42","1","1","7","2","0","1","1","1","0"
"18203","80761302","18203","17","1","1","7","2","0","1","1","1","0"
"18204","80761302","18204","42","1","1","7","5","0","2","0","1","0"
"18205","80761302","18205","42","1","1","7","5","0","1","1","1","0"
"18206","80761302","18206","17","4","1","7","2","0","1","1","1","0"
"18207","80761302","18207","17","1","3","1","2","0","1","1","1","0"
"18208","80761302","18208","72","1","1","7","6","0","1","1","1","0"
"18209","80761302","18209","51","1","1","7","6","0","1","1","1","0"
"18210","80761302","18210","42","1","1","7","4","0","1","1","1","0"
"18211","80761303","18211","71","1","1","7","6","0","1","1","1","0"
"18212","80761306","18212","51","3","1","7","6","0","3","0","1","0"
"18213","80761306","18213","11","1","1","7","6","0","1","1","1","0"
"18214","80761306","18214","11","1","1","7","6","1","0","1","2","0"
"18215","80761306","18215","11","2","3","2","2","0","1","1","1","0"
"18216","80761306","18216","23","1","1","7","6","0","1","2","1","0"
"18217","80761306","18217","11","3","1","7","5","1","0","1","2","0"
"18218","80761306","18218","42","3","1","7","5","1","1","1","2","0"
"18219","80761306","18219","11","1","1","7","6","0","2","1","1","0"
"18220","80761306","18220","32","1","1","7","6","0","1","1","1","0"
"18221","80761306","18221","81","3","1","7","6","1","1","0","2","0"
"18222","80761306","18222","18","1","1","7","6","0","1","1","1","0"
"18223","80761306","18223","18","1","1","7","7","0","1","1","1","0"
"18224","80761306","18224","81","3","1","7","6","0","1","1","1","0"
"18225","80761306","18225","11","1","1","7","6","0","4","0","1","0"
"18226","80761306","18226","11","3","1","7","6","0","1","1","1","0"
"18227","80761306","18227","81","1","1","7","4","0","1","1","1","0"
"18228","80761306","18228","81","3","1","7","6","0","3","1","1","0"
"18229","80761306","18229","11","1","1","2","2","1","1","1","2","0"
"18230","80761306","18230","17","1","1","7","2","1","0","1","2","0"
"18231","80761306","18231","11","3","3","2","6","0","1","1","1","0"
"18232","80761306","18232","11","3","1","7","6","0","2","2","1","0"
"18233","80761404","18233","71","2","1","1","6","0","2","1","1","0"
"18234","80761404","18234","23","1","3","1","4","0","1","1","1","0"
"18235","80761404","18235","23","1","1","7","5","1","0","1","2","0"
"18236","80761406","18236","17","1","1","7","2","0","1","1","1","0"
"18237","80761406","18237","72","1","1","2","6","0","1","1","1","0"
"18238","80761406","18238","31","1","1","7","6","0","1","1","1","0"
"18239","80761406","18239","17","1","1","7","2","0","1","1","1","0"
"18240","80761406","18240","17","2","1","7","2","0","1","1","1","0"
"18241","80761406","18241","86","1","1","7","2","0","1","1","1","0"
"18242","80761501","18242","14","1","1","7","6","0","1","1","1","0"
"18243","80761501","18243","17","3","1","7","2","0","2","0","1","0"
"18244","80761506","18244","81","3","1","7","0","0","1","0","1","0"
"18245","80762102","18245","51","3","1","7","6","0","2","1","1","0"
"18246","80762102","18246","17","1","1","7","2","0","1","1","1","0"
"18247","80762102","18247","11","1","1","1","6","1","0","1","2","0"
"18248","80762102","18248","11","1","1","7","2","0","1","2","1","0"
"18249","80762102","18249","11","1","1","7","6","1","2","1","2","0"
"18250","80762102","18250","11","1","3","1","5","0","1","1","1","0"
"18251","80762102","18251","51","1","1","7","6","0","1","1","1","0"
"18252","80762102","18252","15","3","1","7","6","0","1","1","1","0"
"18253","80762103","18253","24","1","1","7","2","0","1","1","1","0"
"18254","80762103","18254","18","1","1","7","6","0","2","0","1","0"
"18255","80762104","18255","71","3","1","7","6","0","1","1","1","0"
"18256","80762104","18256","18","3","1","7","6","0","1","1","1","0"
"18257","80762104","18257","71","1","1","7","6","0","2","1","1","0"
"18258","80762104","18258","71","1","1","7","6","0","1","1","1","0"
"18259","80762104","18259","81","3","1","7","6","0","2","2","1","0"
"18260","80762104","18260","81","3","3","1","6","0","1","1","1","0"
"18261","80762104","18261","18","1","1","7","6","0","1","1","1","0"
"18262","80762105","18262","17","1","1","7","2","1","0","1","2","0"
"18263","80762105","18263","18","1","1","7","6","0","2","2","1","0"
"18264","80762105","18264","18","1","1","7","6","0","1","2","1","0"
"18265","80762105","18265","18","1","1","1","6","0","1","3","1","0"
"18266","80762105","18266","42","3","2","2","6","0","3","2","1","0"
"18267","80762106","18267","35","5","1","7","4","0","1","1","1","0"
"18268","80762108","18268","11","1","1","7","6","0","1","2","1","0"
"18269","80762108","18269","51","3","2","2","9","0","2","0","1","0"
"18270","80762108","18270","71","1","1","7","6","0","1","1","1","0"
"18271","80762108","18271","81","3","1","7","6","0","1","5","1","0"
"18272","80762108","18272","11","1","1","7","6","1","0","1","2","0"
"18273","80762108","18273","11","3","1","7","6","1","0","2","2","0"
"18274","80762108","18274","17","4","1","7","2","0","1","1","1","0"
"18275","80762108","18275","18","5","1","7","6","0","2","0","1","0"
"18276","80762108","18276","51","1","1","7","6","0","1","2","1","0"
"18277","80762108","18277","81","3","1","7","6","0","2","0","3","0"
"18278","80762108","18278","51","1","1","7","6","0","1","2","1","0"
"18279","80762108","18279","11","3","1","7","6","0","1","1","1","0"
"18280","80762108","18280","18","1","1","7","5","0","1","1","1","0"
"18281","80762108","18281","81","3","1","7","6","1","1","2","2","0"
"18282","80762108","18282","71","1","1","7","6","1","0","1","2","0"
"18283","80762108","18283","11","1","1","7","5","0","2","0","1","0"
"18284","80762109","18284","11","1","3","2","6","0","1","1","1","0"
"18285","80762109","12693","11","1","1","7","6","0","1","1","1","0"
"18286","80762109","18286","81","3","1","7","6","0","1","1","1","0"
"18287","80762109","18287","18","1","1","7","6","0","1","1","1","0"
"18288","80762109","18288","11","1","1","7","6","0","1","1","1","0"
"18289","80762109","18289","81","3","1","7","6","0","3","0","1","0"
"18290","80762201","18290","11","1","1","7","6","0","1","1","1","0"
"18291","80762208","18291","41","1","1","7","6","0","1","1","1","0"
"18292","80762209","18292","72","1","1","7","6","0","1","1","1","0"
"18293","80762210","18293","52","5","1","7","6","0","1","1","1","0"
"18294","80762302","18294","17","1","1","7","2","0","1","1","1","0"
"18295","80762305","18295","17","1","1","7","2","0","1","1","1","0"
"18296","80762401","18296","17","1","1","7","2","0","1","1","1","0"
"18297","80762401","18297","17","2","2","1","2","0","2","1","1","0"
"18298","80762401","18298","17","1","1","7","2","0","1","1","1","0"
"18299","80762401","18299","17","3","1","1","2","0","1","1","1","0"
"18300","80762401","18300","17","1","1","7","2","0","1","1","1","0"
"18301","80762401","18301","17","1","3","2","2","0","1","1","1","0"
"18302","80762401","18302","17","1","1","7","2","0","1","1","1","0"
"18303","80762403","18303","42","3","1","7","6","0","1","1","1","0"
"18304","80762403","7660","11","1","1","7","6","0","1","1","1","0"
"18305","80762403","18305","42","1","1","7","2","0","1","1","1","0"
"18306","80762403","18306","11","3","1","1","6","0","1","1","1","0"
"18307","80762403","18307","11","1","1","7","6","0","1","1","1","0"
"18308","80762403","18308","11","2","1","7","2","0","1","1","1","0"
"18309","80762403","18309","20","3","1","7","2","0","1","1","1","0"
"18310","80762403","18310","17","2","1","7","2","0","1","1","1","0"
"18311","80762403","18311","42","1","1","7","5","0","2","0","1","0"
"18312","80762403","18312","81","3","1","7","6","0","2","0","1","0"
"18313","80762403","18313","51","1","1","7","6","0","2","1","1","0"
"18314","80762403","18314","42","3","3","2","6","0","2","2","1","0"
"18315","80762404","18315","17","1","1","7","2","0","1","1","1","0"
"18316","80762404","18316","14","3","1","7","6","0","1","1","1","0"
"18317","80762405","18317","52","3","1","2","0","0","1","0","1","0"
"18318","80762405","18318","17","3","1","7","2","0","1","1","1","0"
"18319","80762405","18319","24","3","1","7","6","0","1","1","1","0"
"18320","80762405","18320","16","1","1","7","8","0","1","1","1","0"
"18321","80762405","18321","11","1","1","7","2","1","1","0","2","0"
"18322","80762405","18322","73","1","1","7","2","0","1","1","1","0"
"18323","80762405","18323","42","1","3","7","3","0","1","1","1","0"
"18324","80762405","18324","11","1","1","7","4","0","2","0","1","0"
"18325","80762406","18325","81","3","1","7","6","0","1","1","1","0"
"18326","80762411","18326","17","1","1","7","2","0","1","1","1","0"
"18327","80762411","18327","22","1","1","7","5","0","1","1","1","0"
"18328","80762502","18328","17","1","1","7","2","0","1","2","1","0"
"18329","80762505","18329","72","3","1","7","6","0","1","1","1","0"
"18330","80763101","18330","18","1","1","7","6","0","4","2","1","0"
"18331","80763102","18331","11","1","1","7","6","0","1","1","1","0"
"18332","80763102","18332","15","1","1","7","6","0","1","1","1","0"
"18333","80763102","18333","11","1","1","7","5","0","1","1","1","0"
"18334","80763102","18334","11","1","1","7","6","0","1","2","1","0"
"18335","80763203","18335","51","1","2","1","6","0","1","1","1","0"
"18336","80763207","18336","17","3","3","2","2","0","1","1","1","0"
"18337","80763207","18337","16","1","1","7","4","0","1","1","1","0"
"18338","80763207","18338","18","1","1","7","5","0","1","2","1","0"
"18339","80763207","18339","17","3","1","7","2","0","1","1","1","0"
"18340","80763207","18340","17","1","1","7","2","0","2","1","1","0"
"18341","80763207","18341","14","3","1","7","6","0","3","0","1","0"
"18342","80763207","18342","13","3","1","7","6","0","1","1","1","0"
"18343","80763208","18343","99","1","1","7","6","0","1","1","1","0"
"18344","80763208","18344","16","5","1","7","4","0","1","1","1","0"
"18345","80763307","18345","72","1","1","1","6","0","1","1","1","0"
"18346","80763406","18346","72","1","1","7","6","0","1","1","1","0"
"18347","80763406","18347","52","3","6","2","0","0","1","0","1","0"
"18348","80763408","18348","17","1","1","7","2","0","1","1","1","0"
"18349","80763409","18349","11","1","1","7","5","0","3","1","1","0"
"18350","80763410","18350","71","3","3","2","6","1","0","1","2","0"
"18351","80763410","18351","11","1","1","7","6","1","0","1","2","0"
"18352","80763410","18352","11","1","1","7","6","1","0","1","2","0"
"18353","80763410","18353","81","3","1","7","2","0","1","1","1","0"
"18354","80763501","18354","35","1","1","7","3","0","1","1","1","0"
"18355","80763501","18355","17","1","1","7","2","0","1","1","1","0"
"18356","80763501","18356","17","3","1","7","2","0","1","1","1","0"
"18357","80763502","18357","72","1","1","7","5","0","1","1","1","0"
"18358","80763503","18358","71","4","1","7","6","1","0","1","2","0"
"18359","80764102","18359","16","1","1","7","5","0","1","1","1","0"
"18360","80764102","18360","17","1","3","2","2","0","1","1","1","0"