"accident_id","lieu_id","date_id","cause_id","lum_id","intemp_id","etat_surface_id","impliq_id","nb_blesses_graves","nb_blesses_legers","nb_indemnes","gravite","nb_morts"
"18785","80782507","18785","14","1","1","7","6","0","1","1","1","0"
"18786","80782507","18786","14","1","1","1","6","1","0","1","2","0"
"18787","80783309","18787","14","1","6","7","7","0","1","1","1","0"
"18788","80783406","18788","71","1","1","7","6","0","1","1","1","0"
"18789","80783406","18789","16","1","1","7","4","0","2","0","1","0"
"18790","80783406","18790","14","1","1","7","6","0","0","1","3","0"
"18791","80783406","18791","17","1","1","7","2","0","1","1","1","0"
"18792","80783406","18792","81","1","1","7","6","0","1","0","1","0"
"18793","80783406","18793","11","1","1","7","6","0","1","1","1","0"
"18794","80783406","18794","11","1","1","7","6","0","1","1","1","0"
"18795","80783410","18795","71","1","1","7","6","0","1","1","1","0"
"18796","80783411","18796","16","2","1","7","6","0","1","1","1","0"
"18797","80783411","18797","52","3","1","1","0","0","0","1","0","0"
"18798","80783411","18798","71","1","1","7","6","0","1","1","1","0"
"18799","80783411","18799","31","1","1","7","4","0","1","1","1","0"
"18800","80783505","18800","16","1","1","7","4","0","1","1","1","0"
"18801","80783508","18801","16","1","3","2","6","0","1","1","1","0"
"18802","80783508","18802","71","1","1","7","7","1","0","1","2","0"
"18803","80783508","18803","13","1","1","7","4","0","1","1","1","0"
"18804","80783508","18804","17","1","1","7","1","0","3","1","1","0"
"18805","80783508","18805","17","1","1","7","2","0","1","1","1","0"
"18806","80783508","18806","13","3","1","7","5","0","1","1","1","0"
"18807","80783508","18807","17","3","3","2","2","0","1","1","1","0"
"18808","80783508","18808","21","3","1","7","4","0","1","1","1","0"
"18809","80783509","18809","17","1","1","7","2","0","2","0","1","0"
"18810","80783510","18810","13","1","1","7","4","0","1","1","1","0"
"18811","80783512","18811","13","1","1","7","6","1","1","0","2","0"
"18812","80783512","18812","14","1","1","7","6","0","1","2","1","0"
"18813","80784303","18813","21","1","1","7","6","0","1","2","1","0"
"18814","80784305","18814","17","3","1","7","1","1","0","1","2","0"
"18815","80784401","18815","21","2","3","1","6","0","1","1","1","0"
"18816","80784403","18816","71","1","1","7","6","1","0","1","2","0"
"18817","80784403","18817","14","1","1","7","6","0","1","1","1","0"
"18818","80784403","18818","71","2","1","7","6","0","1","1","1","0"
"18819","80784406","18819","81","3","1","7","2","0","1","1","1","0"
"18820","80784407","18820","17","1","3","1","2","0","1","1","1","0"
"18821","80784407","18821","14","3","1","7","6","0","1","1","1","0"
"18822","80784407","18822","17","1","1","7","2","0","0","2","0","0"
"18823","80784407","18823","18","1","1","7","6","0","1","1","1","0"
"18824","80784407","18824","14","3","1","7","6","0","3","3","1","0"
"18825","80784407","18825","13","3","1","7","6","0","1","1","1","0"
"18826","80784407","18826","16","1","1","7","4","0","1","1","1","0"
"18827","80784407","18827","71","2","3","2","6","0","1","1","1","0"
"18828","80784409","18828","14","1","2","2","6","0","1","1","1","0"
"18829","80785102","18829","11","1","1","7","6","0","1","1","1","0"
"18830","80785102","18830","11","1","1","7","6","0","2","0","1","0"
"18831","80785102","18831","11","1","1","7","6","0","2","0","1","0"
"18832","80785102","18832","11","1","1","7","6","0","1","1","1","0"
"18833","80785102","18833","11","1","1","1","6","0","1","5","1","0"
"18834","80785102","18834","18","1","3","1","6","0","2","2","1","0"
"18835","80785102","18835","11","1","1","7","4","1","0","1","2","0"
"18836","80785102","18836","18","1","1","7","6","0","1","2","1","0"
"18837","80785102","18837","71","3","1","7","6","0","1","1","1","0"
"18838","80785102","18838","18","1","3","2","6","0","1","1","1","0"
"18839","80785102","18839","11","1","1","7","6","0","1","1","1","0"
"18840","80785102","18840","52","3","1","7","0","1","0","0","2","0"
"18841","80785102","18841","52","3","1","7","0","0","1","0","1","0"
"18842","80785102","18842","14","1","3","1","6","1","0","1","2","0"
"18843","80785102","18843","11","1","1","7","6","0","1","1","1","0"
"18844","80785102","18844","11","5","1","7","5","1","1","2","2","0"
"18845","80785102","18845","51","3","1","2","6","0","1","1","1","0"
"18846","80785102","18846","51","1","1","7","6","0","1","2","1","0"
"18847","80785105","18847","41","1","1","7","6","1","1","1","2","0"
"18848","80785106","18848","71","1","1","7","6","0","1","1","1","0"
"18849","80785202","18849","14","3","1","7","6","0","3","0","1","0"
"18850","80785211","18850","52","3","1","7","0","0","2","0","1","0"
"18851","80785220","18851","65","1","1","7","3","0","1","1","1","0"
"18852","80785301","15276","71","1","3","1","6","0","1","1","1","0"
"18853","80785301","18853","52","1","1","7","0","0","1","0","1","0"
"18854","80785302","18854","13","3","1","1","6","2","0","0","2","0"
"18855","80785302","18855","13","1","1","7","6","0","1","1","1","0"
"18856","80785302","18856","13","3","3","1","6","0","1","1","1","0"
"18857","80785302","18857","13","1","1","7","6","0","2","1","1","0"
"18858","80785305","18858","13","3","1","7","6","0","1","2","1","0"
"18859","80785305","18859","16","1","6","1","6","0","4","0","1","0"
"18860","80785310","18860","71","1","1","7","6","0","1","1","1","0"
"18861","80785310","18861","17","3","1","7","1","0","1","1","1","0"
"18862","80785315","18862","81","1","1","7","2","0","1","1","1","0"
"18863","80785316","18863","24","1","1","7","4","0","1","1","1","0"
"18864","80785323","18864","51","1","1","7","6","0","1","4","1","0"
"18865","80785405","18865","17","2","3","2","1","0","2","1","1","0"
"18866","80785405","18866","71","1","1","1","6","0","1","1","1","0"
"18867","80785405","18867","18","1","1","7","6","0","1","1","1","0"
"18868","80785405","18868","71","1","1","1","6","0","1","1","1","0"
"18869","80785405","18869","13","1","3","2","6","0","2","1","1","0"
"18870","80785405","18870","17","1","1","7","1","0","1","1","1","0"
"18871","80785405","18871","31","1","1","7","6","0","1","1","1","0"
"18872","80785405","18872","12","1","1","7","6","0","3","1","1","0"
"18873","80785503","18873","71","3","3","2","6","0","1","1","1","0"
"18874","80785503","18874","14","1","1","7","4","0","1","1","1","0"
"18875","80785503","18875","17","1","1","7","2","1","0","1","2","0"
"18876","80786102","18876","13","1","1","7","6","0","1","1","1","0"
"18877","80786202","18877","52","3","1","4","0","1","0","0","2","0"
"18878","80786202","18878","17","2","1","7","2","0","1","1","1","0"
"18879","80786202","18879","51","1","1","7","6","0","2","1","1","0"
"18880","80786202","18880","51","1","1","7","6","0","1","4","1","0"
"18881","80786204","18881","21","1","1","7","6","0","1","1","1","0"
"18882","80786204","18882","16","1","1","7","6","1","0","2","2","0"
"18883","80786204","18883","17","1","1","7","2","1","0","1","2","0"
"18884","80786205","18884","11","1","3","1","6","0","1","1","1","0"
"18885","80786205","18885","11","1","1","7","6","0","1","1","1","0"
"18886","80786205","18886","51","3","1","7","6","0","1","2","1","0"
"18887","80786208","18887","14","1","1","7","6","0","1","1","1","0"
"18888","80786212","18888","17","1","1","7","2","0","1","1","1","0"
"18889","80786212","18889","16","3","3","1","4","0","1","1","1","0"
"18890","80786302","18890","42","2","1","7","5","0","1","1","1","0"
"18891","80786302","18891","16","1","2","2","3","0","1","1","1","0"
"18892","80786302","17432","16","3","1","7","5","0","1","1","1","0"
"18893","80786303","18893","71","1","1","7","7","1","0","1","2","0"
"18894","80786303","18894","16","3","3","2","6","0","2","3","1","0"
"18895","80786303","18895","31","1","1","7","6","0","1","1","1","0"
"18896","80786303","18896","16","3","1","1","5","0","1","1","1","0"
"18897","80786303","18897","11","1","1","7","6","0","1","1","1","0"
"18898","80786303","18898","11","3","1","7","6","0","1","1","1","0"
"18899","80786303","18899","16","1","1","7","6","0","3","0","1","0"
"18900","80786303","18900","11","1","1","7","2","0","1","1","1","0"
"18901","80786306","18901","51","1","1","7","4","0","1","1","1","0"
"18902","80786306","18902","11","1","1","7","7","0","1","1","1","0"
"18903","80786407","18903","11","3","1","7","6","0","0","2","3","0"
"18904","80786407","18904","11","1","1","7","6","1","0","1","2","0"
"18905","80786407","18905","51","3","1","7","6","0","1","1","1","0"
"18906","80786407","18906","16","3","1","7","6","0","1","1","1","0"
"18907","80786407","18907","16","1","1","7","4","0","2","1","1","0"
"18908","80786407","18908","15","3","1","7","6","0","1","0","1","0"
"18909","80786407","18909","71","1","1","7","6","1","0","1","2","0"
"18910","80786407","18910","11","1","1","7","6","1","0","2","2","0"
"18911","80786407","18911","16","3","3","2","4","0","1","1","1","0"
"18912","80786407","18912","17","1","1","1","2","0","1","1","1","0"
"18913","80786407","18913","81","3","1","7","6","0","1","0","1","0"
"18914","80786407","18914","16","2","1","7","6","0","1","2","1","0"
"18915","80786502","18915","72","3","3","2","6","1","0","1","2","0"
"18916","80786506","18916","17","1","1","7","4","1","0","1","2","0"
"18917","80786506","18917","31","1","1","7","6","0","1","1","1","0"
"18918","80786509","18918","51","1","1","7","6","1","0","1","2","0"
"18919","80786509","18919","64","2","1","7","6","0","1","1","1","0"
"18920","80786509","18920","64","1","1","7","6","0","1","1","1","0"
"18921","80786509","18921","16","1","1","7","3","0","1","1","1","0"
"18922","80787202","18922","13","1","1","7","6","0","1","1","1","0"
"18923","80787202","18923","13","1","1","1","6","0","1","1","1","0"
"18924","80787207","18924","21","1","1","7","6","0","1","1","1","0"
"18925","80787209","18925","61","1","1","7","3","0","1","1","1","0"
"18926","80787209","18926","14","1","1","1","6","1","0","1","2","0"
"18927","80787304","18927","72","1","1","7","5","0","1","1","1","0"
"18928","80792102","18928","72","4","3","2","6","0","2","1","1","0"
"18929","80792205","18929","71","1","1","7","6","0","1","1","1","0"
"18930","80793104","18930","21","1","1","7","6","0","1","1","1","0"
"18931","80793108","18931","32","1","1","7","6","0","1","1","1","0"
"18932","80793505","18932","11","3","1","7","4","1","0","2","2","0"
"18933","80793505","18933","11","1","1","7","6","0","1","1","1","0"
"18934","80793505","17521","72","1","1","7","6","0","1","1","1","0"
"18935","80793505","18935","81","3","1","7","6","0","1","1","1","0"
"18936","80793505","18936","71","1","1","7","5","0","1","1","1","0"
"18937","80793505","18937","16","1","1","7","5","1","0","1","2","0"
"18938","80793505","18938","11","3","1","7","6","2","2","0","2","0"
"18939","80793505","18939","17","2","3","1","2","0","1","1","1","0"
"18940","80793505","18940","14","1","1","7","5","1","0","1","2","0"
"18941","80793505","18941","81","3","1","7","6","0","1","2","1","0"
"18942","80793505","18942","11","3","1","7","4","0","1","2","1","0"
"18943","80793505","18943","81","3","1","7","6","0","1","1","1","0"
"18944","80793505","18944","11","1","1","7","6","0","1","1","1","0"
"18945","80793506","18945","72","1","1","7","6","0","1","1","1","0"
"18946","80794102","18946","21","1","1","7","6","0","1","1","1","0"
"18947","80794109","18947","21","1","1","7","6","0","1","2","1","0"
"18948","80794109","18948","14","3","3","2","6","0","1","1","1","0"
"18949","80794109","18949","14","3","1","7","6","0","1","1","1","0"
"18950","80794109","18950","14","1","1","7","6","0","1","1","1","0"
"18951","80794110","18951","21","1","1","7","6","0","1","1","1","0"
"18952","80794510","18952","72","1","1","7","6","0","1","1","1","0"
"18953","80794512","18953","51","1","1","7","3","0","1","1","1","0"
"18954","80795302","18954","13","3","1","1","6","0","1","1","1","0"
"18955","80795403","18955","52","3","3","2","7","0","2","1","1","0"
"18956","80795504","18956","14","1","1","7","6","0","1","3","1","0"
"18957","80796106","18957","13","2","1","1","5","0","2","1","1","0"
"18958","80796106","18958","71","1","1","7","6","0","1","1","1","0"
"18959","80796106","18959","16","3","1","7","6","1","0","1","2","0"
"18960","80796106","18960","16","1","1","7","4","0","1","0","1","0"
"18961","80796106","18961","51","3","3","2","3","1","0","2","2","0"
"18962","80796106","18962","17","1","1","7","1","0","1","1","1","0"
"18963","80796106","18963","17","1","1","1","2","1","0","1","2","0"
"18964","80796106","18964","17","1","1","7","1","0","1","1","1","0"
"18965","80796106","18965","17","3","1","7","2","0","1","1","1","0"
"18966","80796107","18966","11","3","1","7","6","0","1","1","1","0"
"18967","80796108","18967","16","1","1","7","6","1","0","1","2","0"
"18968","80796108","18968","16","3","1","1","6","0","4","0","1","0"
"18969","80796108","18969","17","2","1","7","2","1","0","1","2","0"
"18970","80796108","18970","13","1","1","7","4","0","1","1","1","0"
"18971","80796212","18971","16","1","1","7","4","0","1","1","1","0"
"18972","80796212","18972","52","3","3","1","6","2","1","1","2","0"
"18973","80796212","18973","13","3","1","7","4","0","2","1","1","0"
"18974","80796303","18974","16","1","1","7","4","1","0","1","2","0"
"18975","80796303","18975","14","3","1","7","6","0","1","1","1","0"
"18976","80796303","18976","51","3","1","7","6","0","1","2","1","0"
"18977","80796303","18977","51","1","1","7","6","0","1","3","1","0"
"18978","80796303","18978","14","1","1","7","6","0","1","1","1","0"
"18979","80796303","18979","42","1","1","7","6","0","1","4","1","0"
"18980","80796303","18980","21","1","1","7","6","0","1","1","1","0"
"18981","80796405","18981","14","1","1","7","6","0","1","1","1","0"
"18982","80796405","18982","14","3","1","7","6","0","1","0","1","0"
"18983","80796502","18983","14","1","1","7","6","0","1","1","1","0"
"18984","80796502","18984","16","1","3","1","6","0","1","1","1","0"
"18985","80796502","18985","85","5","1","7","6","0","1","1","1","0"
"18986","80796503","18986","14","3","3","1","6","0","3","0","1","0"
"18987","80796506","18987","71","1","1","7","6","0","1","1","1","0"
"18988","80797104","18988","14","1","1","7","6","0","2","1","1","0"
"18989","80797104","18989","14","1","1","7","6","0","1","1","1","0"
"18990","80797104","18990","14","1","1","7","4","0","1","1","1","0"
"18991","80797107","18991","51","1","1","7","3","0","1","1","1","0"
"18992","80797401","18992","22","3","1","7","6","0","2","0","1","0"
"18993","80797401","18993","81","3","1","7","0","0","1","0","1","0"
"18994","80797402","18994","17","4","3","2","2","0","3","2","1","0"
"18995","80797402","18995","16","1","1","2","6","0","1","1","1","0"
"18996","80797402","18996","51","1","2","2","6","0","4","5","1","0"
"18997","80797402","18997","17","1","1","7","2","2","0","1","2","0"
"18998","80797402","18998","14","1","1","7","4","0","1","1","1","0"
"18999","80797402","18999","14","1","1","7","6","0","1","1","1","0"
"19000","80797402","19000","51","1","1","7","6","2","0","1","2","0"
"19001","80797402","19001","17","2","3","2","1","0","1","1","1","0"
"19002","80797403","19002","81","3","1","1","0","1","0","0","2","0"
"19003","80797403","19003","17","1","1","7","2","1","0","1","2","0"
"19004","80797403","19004","17","1","1","7","2","0","1","1","1","0"
"19005","80797403","9379","17","1","1","7","1","0","1","1","1","0"
"19006","80797403","19006","17","1","1","7","2","0","1","1","1","0"
"19007","80797505","19007","17","1","1","7","2","0","1","1","1","0"
"19008","80797505","19008","71","3","3","2","6","1","0","1","2","0"
"19009","80797505","19009","71","1","1","7","6","1","0","1","2","0"
"19010","80797505","19010","71","3","1","7","6","0","1","1","1","0"
"19011","80797505","19011","17","1","1","7","2","0","1","1","1","0"
"19012","80797505","19012","51","1","2","2","8","0","1","0","1","0"
"19013","80797505","19013","51","3","1","7","6","0","1","1","1","0"
"19014","80797505","19014","51","3","1","7","6","0","1","2","1","0"
"19015","80797505","19015","16","3","1","7","4","1","0","2","2","0"
"19016","80797505","19016","51","1","1","7","6","0","1","2","1","0"
"19017","80797505","19017","51","3","1","2","7","0","0","1","3","0"
"19018","80797507","19018","11","1","1","1","6","0","2","1","1","0"
"19019","80797508","19019","11","1","1","7","6","0","1","1","1","0"
"19020","80797508","19020","11","1","1","7","6","0","1","1","1","0"
"19021","80797508","19021","18","3","1","7","6","0","1","1","1","0"
"19022","80797508","19022","35","3","1","7","3","0","1","1","1","0"
"19023","80797508","19023","11","1","3","1","6","0","1","1","1","0"
"19024","80797508","19024","51","3","1","1","6","0","1","0","1","0"
"19025","80797508","19025","16","1","1","7","4","0","1","1","1","0"
"19026","80797508","19026","16","1","1","7","4","0","1","1","1","0"
"19027","80797508","19027","71","1","3","1","6","0","1","1","1","0"
"19028","80797508","19028","16","1","1","7","6","0","1","1","1","0"
"19029","80797508","19029","17","1","1","7","2","1","0","1","2","0"
"19030","80797508","19030","11","1","3","2","6","0","1","0","3","0"
"19031","80797508","19031","81","1","1","7","6","0","1","2","1","0"
"19032","80802503","19032","14","2","1","7","6","0","1","1","1","0"
"19033","80803101","19033","72","1","1","7","6","0","1","1","1","0"
"19034","80803302","19034","19","1","1","7","4","1","1","1","2","0"
"19035","80803303","19035","64","1","1","7","6","0","1","1","1","0"
"19036","80803405","19036","72","1","1","7","6","0","1","1","1","0"
"19037","80804105","19037","16","2","1","7","4","0","1","1","1","0"
"19038","80804112","19038","16","3","3","2","6","0","1","2","1","0"
"19039","80804112","19039","71","1","3","2","6","0","1","1","1","0"
"19040","80804112","19040","51","1","1","7","0","2","0","0","2","0"
"19041","80804112","19041","11","1","1","7","6","0","1","1","1","0"
"19042","80804112","19042","11","1","1","7","6","0","1","1","1","0"
"19043","80804112","19043","11","2","3","1","6","0","1","1","1","0"
"19044","80804112","16821","11","1","1","7","6","0","1","0","1","0"
"19045","80804112","19045","11","1","1","7","6","0","1","1","1","0"
"19046","80804112","19046","11","3","3","2","6","0","1","1","1","0"
"19047","80804201","19047","17","1","7","2","1","1","0","1","2","0"
"19048","80804203","19048","72","1","7","7","4","1","1","0","2","0"
"19049","80804404","19049","16","3","4","2","5","0","2","1","1","0"
"19050","80804503","19050","11","1","1","7","6","0","1","4","1","0"
"19051","80804503","19051","51","1","1","2","3","1","0","2","2","0"
"19052","80804503","19052","11","1","1","7","6","0","1","1","1","0"
"19053","80804503","19053","21","3","1","1","4","1","0","1","2","0"
"19054","80804503","19054","21","3","1","7","8","0","1","1","1","0"
"19055","80804503","19055","51","1","1","7","6","0","1","1","1","0"
"19056","80804503","19056","18","1","1","7","6","0","1","1","1","0"
"19057","80804503","19057","11","1","1","7","6","1","0","1","2","0"
"19058","80804503","19058","11","1","6","1","6","0","1","1","1","0"
"19059","80804503","19059","11","1","3","2","7","0","1","1","1","0"
"19060","80805103","19060","14","1","1","7","4","0","1","1","1","0"
"19061","80805105","19061","14","1","1","7","4","1","0","1","2","0"
"19062","80805203","19062","75","1","1","7","4","1","0","0","2","0"
"19063","80805210","19063","71","2","3","2","6","0","1","1","1","0"
"19064","80805210","19064","19","4","1","7","4","0","1","1","1","0"
"19065","80805303","19065","19","1","2","2","6","0","3","0","1","0"
"19066","80805303","19066","31","1","1","7","6","0","1","1","1","0"
"19067","80805401","19067","14","2","1","7","4","1","0","1","2","0"
"19068","80805401","19068","16","1","1","7","6","1","0","1","2","0"
"19069","80805401","19069","19","1","1","7","6","1","0","1","2","0"
"19070","80805401","19070","19","3","1","7","6","0","1","1","1","0"
"19071","80805401","19071","16","3","1","7","4","0","1","1","1","0"
"19072","80805401","19072","19","1","1","7","6","0","4","3","1","0"
"19073","80805401","19073","11","1","1","7","3","0","1","1","1","0"
"19074","80806110","19074","51","1","1","7","6","0","1","1","1","0"
"19075","80806110","19075","17","1","3","2","2","1","0","1","2","0"
"19076","80806110","19076","17","1","1","7","2","0","1","1","1","0"
"19077","80806111","19077","51","1","1","7","6","1","0","1","2","0"
"19078","80806112","19078","14","3","1","7","6","1","0","1","2","0"
"19079","80806112","19079","41","1","1","7","6","0","1","1","1","0"
"19080","80806224","19080","14","1","1","7","6","0","1","1","1","0"
"19081","80807107","19081","16","3","1","2","6","0","1","1","1","0"
"19082","80807107","19082","11","3","1","7","6","0","1","1","1","0"
"19083","80807107","19083","51","1","1","1","4","0","1","1","1","0"
"19084","80807107","9748","11","2","1","7","6","1","0","1","2","0"
"19085","80807107","19085","11","3","3","1","6","1","0","1","2","0"
"19086","80807107","19086","35","1","1","7","3","1","0","1","2","0"
"19087","80807107","19087","11","1","1","7","6","0","1","1","1","0"
"19088","80807107","19088","81","3","1","1","6","0","1","1","1","0"
"19089","80807107","19089","16","3","1","7","5","0","1","1","1","0"
"19090","80807107","19090","11","1","1","7","1","0","1","1","1","0"
"19091","80807107","19091","16","3","1","7","6","0","3","0","1","0"
"19092","80807108","19092","16","1","1","7","6","0","1","0","1","0"
"19093","80807108","19093","11","3","1","7","6","1","1","2","2","0"
"19094","80807108","19094","16","3","1","7","5","0","1","2","1","0"
"19095","80807108","19095","41","1","1","7","6","0","2","1","1","0"
"19096","80807208","19096","52","1","1","7","6","0","1","2","1","0"
"19097","80807208","19097","81","2","3","1","6","1","0","1","2","0"
"19098","80807304","19098","16","2","1","7","4","0","1","1","1","0"
"19099","80807304","19099","15","1","1","7","9","0","2","0","1","0"
"19100","80807304","19100","12","3","1","7","7","0","1","1","1","0"
"19101","80807304","19101","16","3","1","5","4","0","1","1","1","0"
"19102","80807304","19102","64","1","3","2","6","1","0","1","2","0"
"19103","80812105","19103","52","1","3","2","6","0","1","1","1","0"
"19104","80812408","19104","16","1","1","7","4","0","1","0","1","0"
"19105","80812408","19105","16","3","3","2","5","0","1","1","1","0"
"19106","80812408","19106","11","1","1","7","6","0","1","1","1","0"
"19107","80812501","19107","51","1","1","7","7","0","1","1","1","0"
"19108","80813101","19108","72","3","1","7","6","1","0","1","2","0"
"19109","80813101","19109","81","1","1","7","5","2","0","1","2","0"
"19110","80813107","19110","14","3","1","1","4","0","1","1","1","0"
"19111","80813108","19111","16","1","1","7","5","1","1","1","2","0"
"19112","80813108","19112","16","1","1","7","4","1","0","1","2","0"
"19113","80813108","19113","11","1","1","7","6","0","1","1","1","0"
"19114","80813111","19114","11","3","2","2","6","0","1","1","1","0"
"19115","80813111","19115","17","1","3","1","2","0","1","1","1","0"
"19116","80813111","19116","51","1","1","7","4","0","1","0","1","0"
"19117","80813112","19117","16","1","1","7","6","0","1","1","1","0"
"19118","80813202","19118","16","1","1","7","6","0","2","4","1","0"
"19119","80813202","19119","17","1","1","7","1","0","1","1","1","0"
"19120","80813202","19120","51","1","1","7","6","0","1","2","1","0"
"19121","80813202","19121","11","1","1","7","7","1","0","1","2","0"
"19122","80813202","19122","11","3","3","1","6","0","3","1","1","0"
"19123","80813202","19123","11","1","3","1","6","0","1","1","1","0"
"19124","80813203","19124","16","1","1","7","6","0","1","1","1","0"
"19125","80814204","19125","14","3","1","4","6","0","1","1","1","0"
"19126","80834302","19126","18","1","1","7","6","0","1","0","1","0"
"19127","80834302","19127","41","1","1","7","6","0","2","1","1","0"
"19128","80837506","19128","19","1","1","7","7","0","0","1","3","0"
"19129","80837506","19129","18","1","1","7","8","0","0","1","3","0"
"19130","80837506","17580","13","1","1","1","6","0","1","2","1","0"
"19131","80837506","19131","13","1","1","7","6","0","5","2","1","0"
"19132","80837506","19132","13","1","1","7","6","0","1","3","1","0"
"19133","80837506","19133","13","5","1","7","6","1","0","1","2","0"
"19134","80837506","19134","51","1","1","7","6","0","1","0","1","0"
"19135","80873405","19135","21","1","1","7","6","0","2","1","1","0"
"19136","80875503","19136","13","3","1","7","4","0","1","1","1","0"
"19137","80875503","19137","52","1","3","2","0","0","1","0","1","0"
"19138","80875503","19138","17","3","1","7","2","0","1","1","1","0"
"19139","80875503","19139","13","1","1","2","4","1","0","1","2","0"
"19140","80876304","19140","13","1","1","7","6","2","1","0","2","0"
"19141","80876304","19141","13","3","1","7","6","0","3","1","1","0"
"19142","80876304","19142","13","1","1","7","6","1","0","1","2","0"
"19143","80876304","5033","13","1","1","7","5","0","1","1","1","0"
"19144","80876403","19144","72","3","1","7","6","1","0","1","2","0"
"19145","80876403","19145","72","1","4","3","6","0","0","1","3","0"
"19146","80877306","19146","51","3","3","1","0","0","1","0","1","0"
"19147","80877407","19147","19","3","1","7","7","1","0","1","2","0"
"19148","80877516","19148","71","3","1","7","6","1","0","1","2","0"
"19149","80881302","19149","52","1","6","1","6","0","1","1","1","0"
"19150","80881302","19150","52","1","3","2","6","0","1","1","1","0"
"19151","80883301","19151","21","1","1","7","6","0","3","1","1","0"
"19152","80885103","19152","52","3","6","1","0","1","0","0","2","0"
"19153","80885105","19153","13","1","3","2","6","0","1","1","1","0"
"19154","80885105","19154","13","2","3","2","6","0","2","1","1","0"
"19155","80886104","19155","51","1","1","7","6","1","0","1","2","0"
"19156","80886104","19156","14","1","1","7","6","0","1","1","1","0"
"19157","80886107","19157","13","1","3","1","6","0","1","1","1","0"
"19158","80887104","19158","14","1","2","1","7","1","0","1","2","0"
"19159","80887208","19159","13","1","1","7","6","0","2","2","1","0"
"19160","80887208","19160","13","1","1","7","6","0","1","2","1","0"
"19161","80897103","19161","13","1","1","7","6","1","0","1","2","0"
"19162","80897501","19162","51","1","1","7","3","0","1","1","1","0"
"19163","80897501","19163","16","1","1","7","6","0","1","4","1","0"
"19164","80897501","19164","16","1","1","7","6","0","2","2","1","0"
"19165","80897501","19165","16","1","7","1","6","0","1","1","1","0"
"19166","80901303","19166","52","5","1","7","0","1","0","0","2","0"
"19167","80907104","19167","51","1","1","1","6","0","1","1","1","0"
"19168","80911503","19168","13","2","1","7","5","1","0","1","2","0"
"19169","80911503","19169","19","1","3","1","6","0","1","1","1","0"
"19170","80911503","19170","16","1","1","7","4","0","1","1","1","0"
"19171","80913501","19171","51","1","1","7","6","0","1","1","1","0"
"19172","80914303","19172","13","1","1","7","6","0","1","1","1","0"
"19173","80915302","19173","21","1","1","7","6","0","4","1","1","0"
"19174","80915306","19174","13","1","1","7","3","0","1","1","1","0"
"19175","80915404","19175","13","3","3","2","6","0","2","0","1","0"
"19176","80915404","19176","17","1","1","7","2","0","1","1","1","0"
"19177","80915404","19177","13","1","1","7","6","0","2","0","1","0"
"19178","80915504","19178","31","1","3","2","4","0","1","1","1","0"
"19179","80915504","19179","13","1","1","7","5","0","1","1","1","0"
"19180","80917206","19180","17","1","1","7","1","0","1","1","1","0"
"19181","80917207","19181","16","1","1","7","6","0","1","1","1","0"
"19182","80917305","19182","16","1","1","7","5","1","0","1","2","0"
"19183","80917402","19183","21","3","6","7","6","0","6","1","1","0"
"19184","80917405","19184","52","1","1","2","0","1","0","0","2","0"
"19185","80917405","19185","13","1","1","7","3","0","1","1","1","0"
"19186","80917406","19186","52","3","2","2","0","2","2","0","2","0"
"19187","80917406","19187","17","2","1","7","2","0","1","1","1","0"
"19188","81691507","19188","19","1","1","7","7","1","0","1","2","0"
"19189","81691507","19189","11","3","1","7","6","0","1","1","1","0"
"19190","81703107","19190","21","3","1","7","6","0","4","0","1","0"
"19191","81703107","19191","19","3","1","7","6","1","0","1","2","0"
"19192","81703107","19192","19","1","1","7","6","0","2","1","1","0"
"19193","81703107","19193","19","3","6","1","6","0","1","0","1","0"
"19194","81704303","19194","19","1","1","7","4","1","0","1","2","0"
"19195","81704303","19195","19","3","1","7","4","0","1","1","1","0"
"19196","81704303","2634","19","1","1","7","3","0","1","1","1","0"
"19197","81704306","9318","17","1","1","7","2","0","1","1","1","0"
"19198","81705401","19198","42","1","1","7","5","0","1","1","1","0"
"19199","81705401","19199","52","1","1","7","0","0","1","0","1","0"
"19200","81705401","19200","81","1","2","1","0","1","0","0","2","0"
"19201","81705402","19201","11","1","1","7","6","0","2","0","1","0"
"19202","81705405","19202","11","1","3","2","6","1","1","1","2","0"
"19203","81705407","19203","51","1","1","7","6","0","1","2","1","0"
"19204","81705407","19204","11","1","1","7","6","0","1","1","1","0"
"19205","81705407","19205","11","1","1","7","6","0","1","1","1","0"
"19206","81707301","19206","16","1","1","7","6","0","1","1","1","0"
"19207","81707301","19207","16","1","1","7","6","0","1","1","1","0"
"19208","81707301","19208","11","1","1","7","6","1","0","1","2","0"