"accident_id","lieu_id","date_id","cause_id","lum_id","intemp_id","etat_surface_id","impliq_id","nb_blesses_graves","nb_blesses_legers","nb_indemnes","gravite","nb_morts"
"19209","81707301","19209","16","1","2","2","6","0","1","1","1","0"
"19210","81707301","19210","16","3","1","7","6","0","3","1","1","0"
"19211","81707301","19211","16","1","1","7","6","0","2","0","1","0"
"19212","81707301","19212","51","3","1","7","6","0","1","1","1","0"
"19213","81711107","19213","14","3","3","1","6","0","1","0","1","0"
"19214","81711112","19214","16","1","1","1","3","0","1","1","1","0"
"19215","81711201","19215","64","1","6","1","3","1","0","1","2","0"
"19216","81711506","19216","71","1","2","2","6","1","0","1","2","0"
"19217","81711506","19217","31","1","1","7","4","0","4","0","1","0"
"19218","81711506","19218","51","1","3","1","6","0","1","2","1","0"
"19219","81713406","19219","31","3","1","7","6","0","1","1","1","0"
"19220","81713406","19220","16","1","1","7","4","0","1","1","1","0"
"19221","81713406","19221","31","1","1","7","6","0","1","1","1","0"
"19222","81713406","18128","81","2","1","7","6","0","2","0","1","0"
"19223","81713408","19223","31","1","1","7","6","1","0","1","2","0"
"19224","81714205","19224","11","3","1","7","6","2","2","0","2","0"
"19225","81714205","19225","51","1","1","7","6","0","1","2","1","0"
"19226","81714205","19226","71","3","2","2","6","1","0","1","2","0"
"19227","81714205","19227","12","3","3","1","6","0","3","3","1","0"
"19228","81714208","19228","72","1","1","7","6","1","0","1","2","0"
"19229","81714208","19229","75","1","1","7","7","0","0","1","3","0"
"19230","81714208","19230","81","1","1","7","5","1","0","1","2","0"
"19231","81721204","19231","81","2","3","1","6","1","0","1","2","0"
"19232","81721204","19232","81","1","1","7","6","0","1","0","1","0"
"19233","81721304","19233","21","1","1","7","6","0","1","1","1","0"
"19234","81721404","19234","16","1","1","7","6","0","4","0","1","0"
"19235","81721404","19235","16","3","1","7","4","1","0","1","2","0"
"19236","81721404","19236","16","1","1","7","6","0","1","2","1","0"
"19237","81721404","19237","11","1","1","7","6","0","1","1","1","0"
"19238","81721404","19238","11","1","1","7","1","1","0","1","2","0"
"19239","81721404","19239","11","3","1","7","6","0","2","0","1","0"
"19240","81721405","19240","17","4","3","2","2","1","0","1","2","0"
"19241","81721405","19241","16","1","1","7","6","0","2","1","1","0"
"19242","81721405","19242","16","1","1","2","5","0","1","1","1","0"
"19243","81721504","19243","14","1","1","7","6","1","0","1","2","0"
"19244","81721504","19244","51","1","1","7","6","1","0","1","2","0"
"19245","81722206","19245","81","1","1","7","7","2","0","1","2","0"
"19246","81722206","19246","11","2","1","7","6","0","1","1","1","0"
"19247","81722310","19247","72","1","1","7","6","0","0","1","3","0"
"19248","81722310","19248","13","2","1","7","6","0","1","1","1","0"
"19249","81722310","19249","13","1","3","1","6","0","2","2","1","0"
"19250","81722310","19250","31","1","1","7","6","0","1","1","1","0"
"19251","81722404","19251","11","1","1","7","6","1","0","1","2","0"
"19252","81722504","19252","14","1","1","7","4","0","1","1","1","0"
"19253","81722504","19253","14","1","1","7","4","0","2","0","1","0"
"19254","81722513","19254","41","1","1","7","6","0","1","1","1","0"
"19255","81722513","19255","51","1","1","7","6","0","1","1","1","0"
"19256","81723101","19256","16","1","1","7","4","1","0","1","2","0"
"19257","81723101","19257","16","1","1","7","3","1","0","1","2","0"
"19258","81723101","17279","17","1","1","7","2","0","1","2","1","0"
"19259","81723101","19259","51","1","1","1","6","0","2","2","1","0"
"19260","81723101","19260","11","1","1","7","6","0","1","1","1","0"
"19261","81723101","19261","16","1","1","7","4","0","1","1","1","0"
"19262","81723403","19262","27","1","1","7","9","0","1","0","1","0"
"19263","81724401","19263","52","1","1","7","0","2","0","0","2","0"
"19264","81724401","19264","81","1","1","7","6","0","3","0","1","0"
"19265","81724401","19265","71","3","1","7","6","1","0","1","2","0"
"19266","81724401","19266","16","1","1","7","3","1","0","1","2","0"
"19267","81724405","19267","17","1","2","2","1","1","0","1","2","0"
"19268","81724406","19268","13","1","1","7","6","0","2","2","1","0"
"19269","81725502","19269","11","1","1","7","6","1","1","0","2","0"
"19270","81725502","19270","11","1","1","7","6","1","0","1","2","0"
"19271","81725502","19271","11","1","1","7","6","1","0","1","2","0"
"19272","81725502","19272","71","3","1","7","6","1","0","1","2","0"
"19273","81726302","19273","14","1","1","7","3","0","1","1","1","0"
"19274","81726305","19274","64","1","1","7","6","0","1","1","1","0"
"19275","81726402","19275","14","2","1","7","4","0","1","1","1","0"
"19276","81726404","19276","35","3","7","2","3","0","1","0","1","0"
"19277","81726407","19277","51","1","1","7","4","0","1","1","1","0"
"19278","81726501","19278","18","1","1","1","6","1","0","1","2","0"
"19279","81727209","19279","13","5","1","7","4","0","1","1","1","0"
"19280","81727301","19280","16","1","1","7","6","0","1","1","1","0"
"19281","81727301","19281","11","3","1","1","6","0","1","2","1","0"
"19282","81731203","19282","41","1","3","2","6","1","0","1","2","0"
"19283","81731204","19283","64","1","1","7","6","1","0","1","2","0"
"19284","81731206","19284","13","1","1","7","5","0","1","1","1","0"
"19285","81732104","19285","53","1","3","2","4","1","0","1","2","0"
"19286","81732303","727","21","1","1","7","6","1","0","1","2","0"
"19287","81733201","19287","51","1","1","7","7","1","0","1","2","0"
"19288","81733401","19288","16","1","1","7","5","1","0","1","2","0"
"19289","81734205","19289","72","1","1","7","6","1","0","1","2","0"
"19290","81735101","19290","13","3","3","1","4","1","0","1","2","0"
"19291","81735202","19291","13","1","1","7","6","1","1","0","2","0"
"19292","81735202","19292","13","1","1","7","4","0","1","1","1","0"
"19293","81735202","19293","13","3","1","7","8","0","1","1","1","0"
"19294","81735301","19294","13","1","1","7","6","0","1","1","1","0"
"19295","81735301","19295","13","1","1","7","6","0","3","0","1","0"
"19296","81735305","19296","13","2","1","7","6","0","1","2","1","0"
"19297","81735305","19297","16","1","1","7","6","1","0","2","2","0"
"19298","81735305","19298","13","1","1","7","6","0","1","2","1","0"
"19299","81736105","19299","13","1","1","7","6","0","1","1","1","0"
"19300","81736105","19300","16","3","1","7","4","1","0","1","2","0"
"19301","81736105","19301","13","2","3","1","5","1","2","1","2","0"
"19302","81737103","19302","71","1","1","7","6","1","0","1","2","0"
"19303","81737103","19303","41","3","1","7","6","0","1","1","1","0"
"19304","81737103","19304","71","1","1","7","6","1","0","1","2","0"
"19305","81737105","19305","52","1","1","7","2","0","1","1","1","0"
"19306","81741102","19306","71","1","1","7","6","0","1","1","1","0"
"19307","81741406","19307","32","1","1","7","6","0","1","1","1","0"
"19308","81741407","19308","11","1","1","7","6","0","1","1","1","0"
"19309","81741501","19309","52","1","1","7","0","0","0","0","3","0"
"19310","81741501","19310","35","2","1","7","4","0","1","1","1","0"
"19311","81741501","19311","52","1","1","7","0","0","1","0","1","0"
"19312","81741501","19312","52","1","1","7","0","0","2","1","1","0"
"19313","81741501","19313","51","2","1","7","3","0","1","0","1","0"
"19314","81741506","19314","17","1","1","7","2","1","0","1","2","0"
"19315","81741512","19315","71","1","1","7","6","1","0","1","2","0"
"19316","81741515","19316","17","4","3","1","2","0","1","1","1","0"
"19317","81741515","19317","17","1","1","7","2","0","1","1","1","0"
"19318","81741516","19318","71","3","3","1","6","3","1","1","2","0"
"19319","81741516","19319","17","3","1","7","2","0","1","1","1","0"
"19320","81741516","19320","71","2","1","7","6","0","1","1","1","0"
"19321","81743503","19321","21","1","1","7","6","0","1","2","1","0"
"19322","81744401","19322","72","1","1","7","6","1","0","1","2","0"
"19323","81744401","19323","16","1","1","1","4","0","1","1","1","0"
"19324","81744515","19324","71","1","3","2","6","0","2","1","1","0"
"19325","81744515","19325","81","3","3","1","6","0","1","3","1","0"
"19326","81744515","19326","21","1","1","7","6","0","2","1","1","0"
"19327","81744515","19327","99","1","1","7","2","1","0","1","2","0"
"19328","81744515","19328","52","1","4","4","2","0","1","1","1","0"
"19329","81744515","19329","11","1","3","1","2","0","2","1","1","0"
"19330","81744515","19330","32","1","1","7","7","0","1","1","1","0"
"19331","81747504","19331","51","1","3","2","6","0","1","1","1","0"
"19332","81747504","19332","51","1","1","7","6","0","1","1","1","0"
"19333","81747505","19333","51","3","1","7","6","0","2","0","1","0"
"19334","81747505","19334","65","1","1","7","6","0","1","1","1","0"
"19335","81747506","19335","11","1","1","7","6","1","0","1","2","0"
"19336","81747506","19336","11","1","3","2","6","0","2","0","1","0"
"19337","81751101","19337","13","1","3","1","4","0","1","1","1","0"
"19338","81751105","19338","71","1","1","7","6","1","0","1","2","0"
"19339","81751105","19339","17","1","3","2","2","0","1","1","1","0"
"19340","81751108","19340","17","1","1","7","1","0","1","1","1","0"
"19341","81751201","19341","71","2","1","7","6","0","1","1","1","0"
"19342","81751201","19342","72","1","1","7","6","1","0","1","2","0"
"19343","81751201","19343","51","3","1","7","6","0","1","2","1","0"
"19344","81751202","19344","19","1","1","7","5","0","1","1","1","0"
"19345","81751202","19345","52","3","1","7","6","0","1","1","1","0"
"19346","81751207","19346","21","3","1","7","6","0","1","1","1","0"
"19347","81751218","19347","11","1","1","7","6","0","1","1","1","0"
"19348","81751218","19348","52","1","1","1","0","0","1","1","1","0"
"19349","81751218","19349","52","2","1","7","0","0","1","0","1","0"
"19350","81752108","10248","52","1","1","7","0","0","1","0","1","0"
"19351","81752108","19351","41","3","1","7","6","1","0","1","2","0"
"19352","81752108","19352","72","1","1","7","6","0","1","1","1","0"
"19353","81752204","19353","19","3","1","2","6","0","1","1","1","0"
"19354","81753201","19354","52","1","3","1","0","0","0","0","3","0"
"19355","81753201","19355","16","1","1","7","6","0","0","2","0","0"
"19356","81753201","19356","52","1","1","7","0","1","0","0","2","0"
"19357","81753201","19357","51","1","1","7","6","0","2","1","1","0"
"19358","81753201","19358","51","1","1","7","6","0","2","1","1","0"
"19359","81753201","19359","16","1","1","7","6","0","1","1","1","0"
"19360","81753201","19360","16","1","1","7","6","0","4","0","1","0"
"19361","81753201","19361","16","1","1","7","6","0","1","0","1","0"
"19362","81753201","19362","52","1","1","7","7","0","1","1","1","0"
"19363","81753201","19363","16","3","1","7","6","0","6","0","1","0"
"19364","81753201","19364","21","1","1","7","5","0","2","1","1","0"
"19365","81753201","19365","81","1","1","7","7","0","0","1","3","0"
"19366","81753201","19366","16","5","1","7","6","0","2","0","1","0"
"19367","81753201","19367","16","5","3","1","6","0","2","2","1","0"
"19368","81753201","19368","16","1","1","7","6","0","5","1","1","0"
"19369","81753201","1472","16","5","3","1","6","0","1","1","1","0"
"19370","81753201","19370","11","1","1","7","7","0","0","1","3","0"
"19371","81753201","19371","16","2","1","2","6","0","2","2","1","0"
"19372","81753201","19372","71","1","1","7","6","0","1","1","1","0"
"19373","81754401","19373","13","1","1","2","6","0","1","1","1","0"
"19374","81754507","19374","17","1","1","7","2","0","1","1","1","0"
"19375","81755102","16317","11","1","1","7","6","1","0","1","2","0"
"19376","81755102","19376","52","1","1","7","0","0","3","0","1","0"
"19377","81755102","19377","51","1","3","2","6","0","1","1","1","0"
"19378","81755102","19378","81","3","1","7","6","0","1","1","1","0"
"19379","81755102","19379","11","3","1","7","6","1","1","1","2","0"
"19380","81755102","19380","41","1","1","7","6","0","1","1","1","0"
"19381","81755102","19381","81","1","1","7","6","0","3","0","1","0"
"19382","81755102","3025","81","2","1","7","6","0","1","1","1","0"
"19383","81755204","19383","13","1","3","2","5","0","1","1","1","0"
"19384","81755204","19384","72","3","1","7","6","1","0","1","2","0"
"19385","81755204","19385","13","5","1","7","6","0","1","1","1","0"
"19386","81755204","19386","13","3","1","7","6","0","1","2","1","0"
"19387","81755301","19387","13","3","2","1","6","0","1","1","1","0"
"19388","81755304","19388","41","1","1","2","6","0","0","2","0","0"
"19389","81755304","19389","81","3","1","7","0","0","2","0","1","0"
"19390","81755304","19390","14","1","1","7","6","0","1","1","1","0"
"19391","81755304","19391","14","3","4","3","6","0","1","1","1","0"
"19392","81755304","19392","51","1","1","7","6","0","1","1","1","0"
"19393","81755304","14413","16","3","3","1","4","0","1","1","1","0"
"19394","81755304","19394","13","1","3","2","6","0","1","1","1","0"
"19395","81755305","19395","19","3","1","1","6","0","1","1","1","0"
"19396","81755305","19396","24","1","1","7","2","0","1","1","1","0"
"19397","81755307","19397","81","3","1","7","6","0","1","3","1","0"
"19398","81755308","19398","13","1","1","7","4","0","2","1","1","0"
"19399","81755401","19399","14","1","1","7","6","0","1","1","1","0"
"19400","81755405","19400","71","1","1","7","6","0","1","1","1","0"
"19401","81755406","19401","31","1","1","7","6","0","1","1","1","0"
"19402","81755406","19402","71","1","1","7","6","1","0","1","2","0"
"19403","81755501","19403","41","5","3","1","6","0","1","2","1","0"
"19404","81755502","19404","14","1","1","7","6","0","2","1","1","0"
"19405","81756101","19405","11","1","1","7","6","0","1","1","1","0"
"19406","81756102","19406","51","3","2","2","6","0","1","2","1","0"
"19407","81756102","19407","52","1","1","7","0","0","2","0","1","0"
"19408","81756102","19408","35","5","1","1","4","0","1","1","1","0"
"19409","81756102","19409","35","2","1","7","8","0","1","2","1","0"
"19410","81756203","19410","24","1","1","7","2","0","1","1","1","0"
"19411","81756204","19411","13","1","1","7","6","0","1","1","1","0"
"19412","81756205","19412","18","5","1","7","6","0","1","2","1","0"
"19413","81756206","8817","41","3","3","1","6","0","1","1","1","0"
"19414","81756503","19414","41","1","1","7","6","0","1","1","1","0"
"19415","81756503","19415","41","1","1","7","6","0","1","1","1","0"
"19416","81757111","19416","13","1","2","1","6","0","4","0","1","0"
"19417","81757111","19417","13","1","1","7","4","0","1","1","1","0"
"19418","81757113","19418","19","1","3","2","6","0","1","2","1","0"
"19419","81757113","19419","19","1","1","7","6","0","2","0","1","0"
"19420","81757113","19420","19","1","1","7","6","0","1","1","1","0"
"19421","81757201","19421","17","1","3","2","2","0","1","1","1","0"
"19422","81757201","19422","51","1","1","7","5","0","2","1","1","0"
"19423","81757201","19423","52","1","1","7","0","0","1","0","1","0"
"19424","81757207","19424","19","5","3","1","4","0","1","1","1","0"
"19425","81757401","19425","51","1","3","2","0","0","1","1","1","0"
"19426","81757401","19426","14","1","1","7","6","0","4","2","1","0"
"19427","81757401","19427","21","1","1","1","6","0","1","2","1","0"
"19428","81757501","19428","24","1","1","7","2","1","0","1","2","0"
"19429","81757504","19429","72","1","1","7","3","1","0","1","2","0"
"19430","81761307","19430","14","1","3","2","6","0","2","0","1","0"
"19431","81761307","19431","14","1","1","7","6","0","1","2","1","0"
"19432","81761307","19432","14","1","1","7","6","0","1","1","1","0"
"19433","81761307","19433","64","1","1","7","6","0","1","1","1","0"
"19434","81761307","19434","51","3","1","7","6","0","2","1","1","0"
"19435","81761307","19435","19","1","1","7","6","0","1","2","1","0"
"19436","81761307","19436","16","1","1","7","6","0","3","1","1","0"
"19437","81761307","19437","16","1","1","7","6","0","1","1","1","0"
"19438","81761307","19438","16","5","1","7","6","0","1","1","1","0"
"19439","81761307","19439","51","1","3","1","6","0","1","1","1","0"
"19440","81761307","19440","16","1","1","2","6","0","1","2","1","0"
"19441","81761307","19441","18","1","1","7","6","0","3","2","1","0"
"19442","81761307","19442","16","1","2","2","6","0","2","1","1","0"
"19443","81761307","19443","16","5","1","7","6","0","2","3","1","0"
"19444","81761307","19444","16","1","1","7","6","0","1","1","1","0"
"19445","81761307","19445","16","3","1","7","6","0","1","1","1","0"
"19446","81761307","19446","16","3","1","7","6","0","3","1","1","0"
"19447","81761307","19447","16","3","3","2","6","0","1","3","1","0"
"19448","81762201","19448","82","3","1","7","0","0","1","0","1","0"
"19449","81762201","19449","52","3","1","7","2","0","1","1","1","0"
"19450","81762201","19450","19","1","3","2","8","0","2","1","1","0"
"19451","81762201","19451","51","1","1","1","6","0","1","1","1","0"
"19452","81762201","19452","81","1","1","7","5","0","2","1","1","0"
"19453","81762201","19453","81","1","1","7","0","0","1","2","1","0"
"19454","81762201","19454","19","2","3","1","6","0","2","0","1","0"
"19455","81762201","19455","53","3","1","7","6","0","2","1","1","0"
"19456","81762201","19456","81","1","1","7","6","0","1","0","1","0"
"19457","81762201","19457","19","1","1","7","6","0","2","2","1","0"
"19458","81762201","19458","19","3","1","2","6","0","3","0","1","0"
"19459","81762201","19459","19","1","3","2","6","0","1","1","1","0"
"19460","81762201","19460","19","1","1","7","6","0","1","1","1","0"
"19461","81762203","19461","52","5","1","1","0","1","1","0","2","0"
"19462","81762203","19462","52","1","2","1","6","1","2","3","2","0"
"19463","81762212","19463","52","5","1","1","0","0","1","0","1","0"
"19464","81762307","19464","23","3","1","7","5","0","1","1","1","0"
"19465","81762403","19465","71","1","1","7","6","0","1","1","1","0"
"19466","81762501","19466","72","1","1","7","6","0","1","1","1","0"
"19467","81762502","19467","13","1","1","7","4","0","2","1","1","0"
"19468","81762502","19468","13","1","1","7","6","0","2","1","1","0"
"19469","81762502","19469","14","1","1","7","6","0","1","2","1","0"
"19470","81762502","19470","14","1","1","7","6","0","1","1","1","0"
"19471","81763102","19471","52","1","1","7","0","0","1","0","1","0"
"19472","81763102","19472","14","1","1","7","6","0","1","1","1","0"
"19473","81763205","19473","14","3","2","2","6","0","1","3","1","0"
"19474","81763205","19474","14","1","1","7","4","0","1","1","1","0"
"19475","81763205","19475","14","5","1","7","6","0","2","1","1","0"
"19476","81763205","19476","14","5","1","7","6","0","1","2","1","0"
"19477","81763205","19477","14","5","1","7","6","0","2","1","1","0"
"19478","81763205","19478","14","1","1","7","6","0","3","1","1","0"
"19479","81763205","19479","14","1","1","7","6","0","1","2","1","0"
"19480","81763205","19480","14","1","1","7","6","0","3","2","1","0"
"19481","81763205","19481","14","1","1","7","6","0","4","1","1","0"
"19482","81763205","19482","14","3","3","2","6","0","2","2","1","0"
"19483","81763213","19483","19","3","1","2","7","0","1","1","1","0"
"19484","81763213","19484","19","1","1","7","6","0","2","0","1","0"
"19485","81763213","10581","19","1","1","7","6","0","1","2","1","0"
"19486","81763213","19486","19","1","1","7","6","0","1","1","1","0"
"19487","81763213","19487","19","1","1","7","6","0","1","1","1","0"
"19488","81763213","19488","19","3","1","2","6","0","1","2","1","0"
"19489","81763213","19489","19","1","1","2","4","1","0","1","2","0"
"19490","81763213","19490","19","3","1","7","6","0","3","0","1","0"
"19491","81763213","19491","19","1","1","7","8","0","5","0","1","0"
"19492","81763213","19492","19","1","1","7","6","0","1","1","1","0"
"19493","81763213","19493","19","1","1","7","6","0","1","2","1","0"
"19494","81763213","19494","19","1","1","7","5","0","1","1","1","0"
"19495","81763213","19495","19","1","1","7","6","0","1","1","1","0"
"19496","81763213","19496","13","1","1","7","6","0","2","0","1","0"
"19497","81763213","19497","13","1","1","7","6","0","1","1","1","0"
"19498","81763213","19498","13","4","3","1","6","0","1","1","1","0"
"19499","81763213","19499","13","1","2","1","6","0","1","1","1","0"
"19500","81763213","19500","13","1","1","7","6","0","1","1","1","0"
"19501","81763213","19501","13","3","3","1","6","0","2","0","3","0"
"19502","81763213","19502","13","1","3","2","6","0","1","1","1","0"
"19503","81763213","19503","13","1","1","7","6","0","1","1","1","0"
"19504","81763213","19504","13","1","1","7","6","0","2","2","1","0"
"19505","81763213","19505","13","1","3","2","6","0","2","2","1","0"
"19506","81763214","19506","41","1","1","7","6","1","0","1","2","0"
"19507","81763302","19507","19","1","1","7","4","0","1","1","1","0"
"19508","81763302","19508","19","1","2","1","6","0","1","1","1","0"
"19509","81763302","19509","11","1","1","7","2","1","0","1","2","0"
"19510","81763302","19510","81","3","1","7","6","0","2","0","1","0"
"19511","81763307","19511","41","3","1","7","6","0","3","1","1","0"
"19512","81763307","19512","13","2","1","7","5","1","0","1","2","0"
"19513","81763307","19513","13","1","1","7","5","0","1","1","1","0"
"19514","81763307","19514","12","1","2","2","6","0","2","1","1","0"
"19515","81763308","19515","71","1","1","7","6","0","1","1","1","0"
"19516","81763308","19516","13","1","1","7","4","0","1","1","1","0"
"19517","81763309","19517","72","1","1","7","6","1","0","1","2","0"
"19518","81763310","19518","71","1","1","7","6","0","1","1","1","0"
"19519","81763311","19519","15","1","3","2","7","0","1","2","1","0"
"19520","81763311","19520","15","1","1","7","7","0","2","1","1","0"
"19521","81763311","19521","13","1","1","7","6","0","1","1","1","0"
"19522","81763311","19522","13","3","1","7","6","0","4","2","1","0"
"19523","81763311","19523","13","3","1","7","6","0","3","0","1","0"
"19524","81763402","19524","21","1","1","7","6","0","1","1","1","0"
"19525","81763403","19525","14","1","1","7","6","0","2","1","1","0"
"19526","81763404","19526","63","1","1","7","4","0","1","1","1","0"
"19527","81763404","19527","64","3","1","7","6","0","1","1","1","0"
"19528","81763405","19528","13","1","1","7","6","0","1","1","1","0"
"19529","81763405","19529","19","1","1","7","4","0","1","1","1","0"
"19530","81763405","19530","71","2","3","2","6","0","1","1","1","0"
"19531","81763406","19531","17","3","1","7","2","0","1","1","1","0"
"19532","81763406","19532","17","2","1","7","2","0","1","1","1","0"
"19533","81763406","19533","19","1","3","2","6","0","1","1","1","0"
"19534","81764101","19534","72","1","1","7","6","0","1","1","1","0"
"19535","81764202","19535","11","1","1","7","2","0","1","1","1","0"
"19536","81764202","19536","81","1","1","2","6","1","0","1","2","0"
"19537","81764203","19537","11","1","1","7","6","1","2","1","2","0"
"19538","81764203","19538","24","3","1","7","6","0","1","2","1","0"
"19539","81764203","19539","11","1","1","7","6","0","1","1","1","0"
"19540","81764203","16892","17","1","1","1","2","0","1","1","1","0"
"19541","81764204","19541","81","3","1","7","6","0","1","1","1","0"
"19542","81764204","19542","19","1","3","2","6","0","3","1","1","0"
"19543","81764204","19543","19","1","1","7","6","0","1","1","1","0"
"19544","81764204","19544","19","1","3","1","6","0","1","1","1","0"
"19545","81764204","19545","19","1","1","7","6","0","2","1","1","0"
"19546","81764204","19546","19","5","1","7","6","0","1","1","1","0"
"19547","81764204","19547","19","5","1","7","7","0","2","2","1","0"
"19548","81764204","19548","19","1","1","7","6","0","2","1","1","0"
"19549","81764204","19549","19","1","1","7","6","1","1","1","2","0"
"19550","81764204","19550","19","1","1","7","6","0","1","1","1","0"
"19551","81764204","19551","11","3","1","7","6","0","1","2","1","0"
"19552","81764204","19552","13","1","1","7","6","0","2","3","1","0"
"19553","81764301","19553","41","1","1","7","6","0","1","1","1","0"
"19554","81764301","19554","51","1","3","1","6","0","1","2","1","0"
"19555","81764303","19555","41","1","1","7","3","0","1","1","1","0"
"19556","81764309","19556","13","1","1","7","4","0","1","1","1","0"
"19557","81764401","19557","81","3","1","7","6","0","1","2","1","0"
"19558","81764401","19558","17","1","1","7","2","0","1","1","1","0"
"19559","81764401","19559","11","1","1","7","6","0","1","1","1","0"
"19560","81764401","19560","11","3","3","1","6","0","1","1","1","0"
"19561","81764401","19561","16","3","1","7","6","0","1","2","1","0"
"19562","81764401","19562","11","1","1","7","5","0","1","1","1","0"
"19563","81764411","19563","14","1","1","7","3","0","1","1","1","0"
"19564","81764411","19564","14","1","1","7","6","0","1","1","1","0"
"19565","81764411","19565","86","1","1","7","2","0","1","1","1","0"
"19566","81764412","19566","16","2","1","7","5","0","1","1","1","0"
"19567","81764502","5545","16","3","3","2","5","0","4","1","1","0"
"19568","81764503","19568","64","1","1","7","6","0","1","1","1","0"
"19569","81764507","19569","19","1","1","7","4","0","1","1","1","0"
"19570","81765101","19570","71","1","1","1","6","0","1","1","1","0"
"19571","81765101","19571","71","1","1","7","6","0","1","1","1","0"
"19572","81765104","19572","71","1","1","7","6","0","1","1","1","0"
"19573","81765107","19573","72","3","1","7","6","0","1","1","1","0"
"19574","81765107","19574","72","1","1","7","6","0","1","1","1","0"
"19575","81765107","19575","14","1","3","2","6","0","1","2","1","0"
"19576","81765111","6362","13","1","1","7","6","0","4","0","1","0"
"19577","81765201","19577","71","1","1","7","8","1","0","1","2","0"
"19578","81765203","19578","11","1","1","7","6","0","1","1","1","0"
"19579","81765204","19579","11","3","1","7","6","0","1","0","1","0"
"19580","81765204","19580","42","1","1","7","6","0","1","2","1","0"
"19581","81765204","19581","71","1","1","7","6","1","0","1","2","0"
"19582","81765204","19582","11","1","1","7","6","0","1","1","1","0"
"19583","81765204","19583","51","1","1","7","6","0","1","2","1","0"
"19584","81765206","19584","81","3","1","7","0","0","1","1","1","0"
"19585","81765206","19585","17","1","1","7","2","0","1","1","1","0"
"19586","81765206","19586","17","1","1","7","2","0","1","1","1","0"
"19587","81765303","19587","85","3","1","7","6","0","1","1","1","0"
"19588","81765304","19588","17","3","2","2","2","0","2","1","1","0"
"19589","81765304","19589","18","5","1","7","6","0","1","1","1","0"
"19590","81765304","19590","17","1","1","7","2","0","1","1","1","0"
"19591","81765405","19591","11","1","1","7","6","0","1","1","1","0"
"19592","81765407","19592","13","3","3","1","6","0","1","1","1","0"
"19593","81765407","19593","14","3","3","2","3","0","1","1","1","0"
"19594","81765421","19594","51","3","1","7","6","0","2","1","1","0"
"19595","81765421","19595","52","1","1","7","0","0","3","0","1","0"
"19596","81765421","19596","52","3","1","7","0","0","1","0","1","0"
"19597","81766105","19597","52","3","1","7","0","0","1","1","1","0"
"19598","81766201","19598","13","1","3","2","4","0","1","1","1","0"
"19599","81766201","19599","14","1","1","7","4","0","1","1","1","0"
"19600","81766201","19600","71","1","1","7","6","1","0","1","2","0"
"19601","81766201","19601","13","2","1","7","4","0","1","1","1","0"
"19602","81766201","19602","64","1","1","7","5","0","2","0","1","0"
"19603","81766202","19603","21","3","1","7","6","0","1","1","1","0"
"19604","81766202","19604","17","3","1","7","2","0","2","1","1","0"
"19605","81766202","19605","71","1","1","7","6","0","1","1","1","0"
"19606","81766202","19606","17","5","1","7","2","1","0","1","2","0"
"19607","81766202","19607","51","1","1","7","6","0","1","1","1","0"
"19608","81766203","19608","81","3","1","7","5","0","1","1","1","0"
"19609","81766203","19609","31","1","1","7","6","0","1","1","1","0"
"19610","81766203","19610","72","1","3","2","6","0","1","1","1","0"
"19611","81766203","19611","16","3","1","7","4","0","1","1","1","0"
"19612","81766203","19612","21","1","1","7","4","0","1","1","1","0"
"19613","81766203","19613","23","5","3","1","6","0","2","0","1","0"
"19614","81766204","19614","17","1","3","2","2","1","0","1","2","0"
"19615","81766204","19615","17","1","1","7","1","0","1","1","1","0"
"19616","81766204","19616","19","1","1","7","6","1","0","1","2","0"
"19617","81766204","19617","22","1","1","7","6","0","1","1","1","0"
"19618","81766204","19618","17","1","1","7","1","2","0","1","2","0"
"19619","81766204","19619","19","1","1","7","4","1","0","1","2","0"
"19620","81766204","19620","17","1","1","1","1","0","1","1","1","0"
"19621","81766205","19621","71","1","1","7","6","0","1","1","1","0"
"19622","81766302","19622","71","1","1","7","6","0","1","1","1","0"
"19623","81766302","19623","13","3","1","7","6","0","1","1","1","0"
"19624","81766302","19624","52","1","1","7","0","0","1","0","1","0"
"19625","81766302","19625","24","2","1","7","6","0","1","2","1","0"
"19626","81766302","19626","19","1","1","7","6","0","1","2","1","0"
"19627","81766302","19627","19","1","3","2","6","0","2","1","1","0"
"19628","81766302","19628","19","1","1","7","6","0","2","1","1","0"
"19629","81766302","19629","71","3","1","7","6","1","0","1","2","0"
"19630","81766302","19630","17","1","1","7","2","0","1","1","1","0"
"19631","81766302","19631","19","1","1","7","6","0","1","1","1","0"
"19632","81766302","19632","16","1","1","7","6","0","2","1","1","0"