"accident_id","lieu_id","date_id","cause_id","lum_id","intemp_id","etat_surface_id","impliq_id","nb_blesses_graves","nb_blesses_legers","nb_indemnes","gravite","nb_morts"
"19633","81766303","19633","17","1","1","7","2","0","1","1","1","0"
"19634","81766303","19624","17","1","1","7","1","0","0","1","3","0"
"19635","81766303","19635","11","1","1","7","6","0","1","1","1","0"
"19636","81766303","19636","17","1","1","7","2","0","0","1","3","0"
"19637","81766303","19637","16","1","1","7","6","0","1","1","1","0"
"19638","81766303","19638","11","1","1","7","6","0","3","0","1","0"
"19639","81766303","19639","52","1","1","7","0","0","1","1","1","0"
"19640","81766406","19640","41","3","1","7","6","3","2","0","2","0"
"19641","81766406","19641","13","1","1","7","4","0","2","0","1","0"
"19642","81766406","19642","19","1","1","2","6","0","3","1","1","0"
"19643","81766406","19643","16","1","1","7","6","1","0","1","2","0"
"19644","81766406","19644","17","1","3","2","1","0","1","1","1","0"
"19645","81766406","19645","71","1","3","2","6","0","1","1","1","0"
"19646","81766406","19646","41","3","1","7","6","0","1","1","1","0"
"19647","81766407","19647","71","1","1","7","7","1","0","1","2","0"
"19648","81766408","19648","52","3","3","2","0","2","0","0","2","0"
"19649","81767101","19649","17","1","1","7","1","0","1","1","1","0"
"19650","81767101","8862","71","3","3","1","6","0","1","2","1","0"
"19651","81767102","19651","71","1","1","1","6","0","1","1","1","0"
"19652","81767102","19652","17","3","1","7","2","0","1","1","1","0"
"19653","81767102","19653","17","1","1","7","2","0","1","1","1","0"
"19654","81767102","19654","85","5","1","7","4","0","1","1","1","0"
"19655","81767102","1078","17","3","1","7","1","0","1","1","1","0"
"19656","81767103","19656","71","1","1","7","6","0","1","1","1","0"
"19657","81767103","19657","71","1","1","7","6","0","1","1","1","0"
"19658","81767105","19658","16","1","1","7","6","0","2","2","1","0"
"19659","81767105","19659","16","1","1","7","4","0","2","2","1","0"
"19660","81767105","19660","11","1","1","2","6","0","2","1","1","0"
"19661","81767105","19661","16","5","3","1","6","0","2","2","1","0"
"19662","81767105","19662","16","5","3","1","5","0","1","1","1","0"
"19663","81767105","8951","52","1","1","7","6","0","1","3","1","0"
"19664","81767105","19664","11","3","1","7","6","0","1","1","1","0"
"19665","81767105","19665","16","1","1","7","6","0","2","1","1","0"
"19666","81767106","19666","19","1","1","7","6","0","1","2","1","0"
"19667","81767301","19667","22","1","1","7","6","0","1","1","1","0"
"19668","81767301","19668","81","3","1","7","6","0","1","0","1","0"
"19669","81767301","19669","17","1","3","1","2","0","1","0","3","0"
"19670","81767302","19670","21","3","1","7","8","0","4","2","1","0"
"19671","81767304","19671","16","1","1","7","6","0","3","1","1","0"
"19672","81767304","19672","41","5","1","7","6","0","1","1","1","0"
"19673","81767305","19673","17","2","1","7","2","1","0","1","2","0"
"19674","81767305","19674","17","3","1","7","2","0","1","1","1","0"
"19675","81767305","16588","71","2","1","7","6","0","1","1","1","0"
"19676","81767308","19676","71","2","1","7","6","0","1","1","1","0"
"19677","81767308","19174","64","1","1","7","6","1","0","1","2","0"
"19678","81767308","19678","72","1","1","7","6","0","1","1","1","0"
"19679","81767308","19679","71","1","1","7","6","0","1","1","1","0"
"19680","81767402","19680","14","1","1","7","6","0","1","1","1","0"
"19681","81767402","19681","14","1","1","7","6","0","2","0","1","0"
"19682","81767403","19682","21","1","1","7","6","0","2","0","1","0"
"19683","81771301","19683","16","1","1","7","6","0","1","1","1","0"
"19684","81771302","19684","52","3","1","7","0","1","0","0","3","0"
"19685","81771509","19685","41","1","1","1","6","0","1","1","1","0"
"19686","81771509","19686","72","1","1","7","9","1","0","1","2","0"
"19687","81772104","19687","11","3","1","7","6","0","1","2","1","0"
"19688","81772104","19688","11","1","1","7","6","0","1","1","1","0"
"19689","81772105","19689","63","5","1","7","4","0","2","1","1","0"
"19690","81772105","19690","35","1","1","7","3","1","0","1","2","0"
"19691","81772304","19691","17","1","3","2","1","0","1","1","1","0"
"19692","81772304","19692","51","1","1","7","6","1","0","1","2","0"
"19693","81772402","19693","16","3","1","7","6","1","0","0","2","0"
"19694","81772402","19694","17","1","1","2","2","0","1","1","1","0"
"19695","81772501","19695","18","4","1","7","6","0","2","1","1","0"
"19696","81772501","19696","11","3","1","7","6","0","1","1","1","0"
"19697","81772501","19697","11","1","1","7","6","0","2","2","1","0"
"19698","81773102","19698","19","1","1","7","6","0","2","1","1","0"
"19699","81773102","19699","19","1","3","2","6","0","3","1","1","0"
"19700","81773102","19700","19","1","1","7","6","0","1","1","1","0"
"19701","81773102","19701","19","1","1","7","6","0","1","1","1","0"
"19702","81773102","15199","19","1","1","7","6","1","0","1","2","0"
"19703","81773103","19703","13","1","1","7","6","0","1","1","1","0"
"19704","81773103","19704","13","1","1","1","6","0","2","1","1","0"
"19705","81773103","19705","13","3","1","2","4","1","1","0","2","0"
"19706","81773103","19706","13","3","1","7","6","0","4","0","1","0"
"19707","81773103","19707","13","1","1","7","8","1","1","1","2","0"
"19708","81773103","19708","13","1","1","7","3","0","2","0","1","0"
"19709","81773103","19709","13","1","1","7","6","0","2","1","1","0"
"19710","81773104","19710","41","1","1","7","3","0","1","1","1","0"
"19711","81773201","19711","16","1","1","7","6","0","1","1","1","0"
"19712","81773202","19712","11","1","1","7","6","0","1","1","1","0"
"19713","81773203","19713","11","3","1","7","6","0","1","1","1","0"
"19714","81773203","19714","21","1","1","7","6","0","1","2","1","0"
"19715","81773203","19715","17","1","1","7","2","0","1","1","1","0"
"19716","81773203","19716","11","2","1","7","6","0","2","1","1","0"
"19717","81773204","19717","16","3","1","7","6","0","1","2","1","0"
"19718","81773204","19718","17","1","1","2","2","1","1","0","2","0"
"19719","81774104","19719","17","1","1","7","2","0","2","1","1","0"
"19720","81774202","19720","51","1","1","7","6","0","1","1","1","0"
"19721","81774202","19721","11","3","1","7","6","0","1","0","1","0"
"19722","81774202","19722","11","1","3","2","6","0","1","1","1","0"
"19723","81774202","19723","41","1","1","7","2","0","1","1","1","0"
"19724","81774202","19724","11","1","1","7","6","0","1","1","1","0"
"19725","81774202","19725","16","1","3","2","6","0","3","0","1","0"
"19726","81774202","19726","11","3","1","2","6","0","2","1","1","0"
"19727","81774202","19727","11","5","1","7","4","0","1","1","1","0"
"19728","81774202","17873","17","1","1","7","1","0","1","1","1","0"
"19729","81774202","19729","11","3","1","7","6","0","1","1","1","0"
"19730","81774202","19730","11","3","1","7","2","0","2","1","1","0"
"19731","81774203","19731","19","1","2","2","4","0","1","1","1","0"
"19732","81774203","19732","21","3","3","2","5","0","1","1","1","0"
"19733","81774203","19733","19","1","1","7","4","0","1","1","1","0"
"19734","81774203","19734","19","1","1","7","5","0","1","1","1","0"
"19735","81774203","19735","19","5","1","7","4","0","1","2","1","0"
"19736","81774203","19736","61","1","1","7","3","0","0","2","3","0"
"19737","81774401","19737","36","3","1","7","3","0","1","1","1","0"
"19738","81774402","19738","41","1","1","7","6","0","1","1","1","0"
"19739","81774402","19739","11","3","3","2","6","0","1","3","1","0"
"19740","81774505","19740","14","3","1","7","6","0","1","1","1","0"
"19741","81774505","19741","17","1","1","7","2","0","1","1","1","0"
"19742","81774505","19742","20","1","1","7","6","0","1","1","1","0"
"19743","81775301","19743","52","1","1","4","4","0","1","1","1","0"
"19744","81775303","19744","16","1","1","7","4","0","1","1","1","0"
"19745","81776102","19745","52","1","1","7","6","0","1","1","1","0"
"19746","81776110","19746","52","1","1","1","6","1","0","1","2","0"
"19747","81776203","19747","51","3","1","2","6","0","1","1","1","0"
"19748","81776203","19748","17","1","3","2","2","0","1","1","1","0"
"19749","81776204","19749","51","1","1","7","6","0","3","1","1","0"
"19750","81776204","19750","51","3","1","7","6","0","1","1","1","0"
"19751","81776204","19751","51","1","1","7","6","0","3","1","1","0"
"19752","81776402","19752","14","1","6","7","6","0","1","2","1","0"
"19753","81776501","19753","13","1","7","2","4","0","1","1","1","0"
"19754","81776502","19754","13","1","1","7","6","0","1","1","1","0"
"19755","81776505","19755","21","1","1","7","6","0","1","1","1","0"
"19756","81777108","19756","16","1","1","7","4","0","1","1","1","0"
"19757","81777204","19757","71","1","1","7","6","1","1","1","2","0"
"19758","81777204","19758","15","1","1","2","6","0","1","1","1","0"
"19759","81777205","19759","53","1","1","7","6","0","2","2","1","0"
"19760","81777205","19760","11","2","1","7","6","0","1","1","1","0"
"19761","81777504","19761","21","1","1","7","6","0","1","1","1","0"
"19762","81777517","19762","81","3","7","7","0","0","0","0","3","0"
"19763","81781101","19763","17","1","1","7","1","0","1","1","1","0"
"19764","81781105","19764","12","3","1","1","7","0","1","8","1","0"
"19765","81781105","19765","11","1","1","7","9","0","1","0","1","0"
"19766","81781105","19766","11","3","1","1","6","1","0","4","2","0"
"19767","81781108","19767","11","1","1","7","6","0","1","1","1","0"
"19768","81781110","19768","11","1","1","7","6","0","1","1","1","0"
"19769","81781110","19769","41","2","3","1","5","0","2","2","1","0"
"19770","81781110","19770","11","3","1","7","4","0","1","1","1","0"
"19771","81781112","19771","11","3","1","7","9","0","0","1","3","0"
"19772","81781113","19772","14","1","7","7","6","0","2","4","1","0"
"19773","81781207","19773","14","3","1","7","6","0","4","0","1","0"
"19774","81781207","19774","14","1","1","7","6","0","1","3","1","0"
"19775","81781302","19775","17","1","3","2","2","1","0","1","2","0"
"19776","81781302","19776","41","3","1","1","6","0","1","1","1","0"
"19777","81781302","19777","51","3","1","7","6","0","1","2","1","0"
"19778","81781303","19778","14","1","3","1","6","0","2","1","1","0"
"19779","81781303","19779","17","1","1","7","2","0","1","1","1","0"
"19780","81781402","19780","21","3","1","7","4","0","1","1","1","0"
"19781","81781504","19781","21","2","1","7","6","1","0","1","2","0"
"19782","81782206","19782","15","1","1","1","6","0","1","1","1","0"
"19783","81782206","19783","35","1","1","1","4","1","0","1","2","0"
"19784","81782206","19784","19","1","3","1","6","0","1","2","1","0"
"19785","81782211","19785","43","1","1","7","6","0","1","3","1","0"
"19786","81782213","19786","11","2","1","7","6","0","1","2","1","0"
"19787","81782213","19787","16","1","1","7","3","0","1","1","1","0"
"19788","81782213","19788","11","1","3","2","9","0","0","2","3","0"
"19789","81782213","19789","11","1","1","7","6","0","1","1","1","0"
"19790","81782213","19790","19","1","1","7","6","0","1","1","1","0"
"19791","81782213","19791","32","1","1","7","7","1","0","1","2","0"
"19792","81782213","19792","51","1","1","1","6","0","1","1","1","0"
"19793","81782213","19793","71","1","1","7","4","0","1","1","1","0"
"19794","81782302","19794","52","1","3","2","6","0","3","0","1","0"
"19795","81782302","19795","14","3","1","7","6","0","1","1","1","0"
"19796","81783101","19796","13","1","1","7","6","0","1","1","1","0"
"19797","81783201","19797","51","1","1","7","6","0","1","1","1","0"
"19798","81783201","19798","14","1","1","2","6","1","0","1","2","0"
"19799","81783212","19799","17","3","1","7","2","0","1","1","1","0"
"19800","81784101","19800","52","1","3","2","0","0","1","0","1","0"
"19801","81784101","19801","16","1","1","7","6","0","1","1","1","0"
"19802","81784103","19802","17","3","1","7","2","1","0","1","2","0"
"19803","81784104","19803","16","5","1","7","6","0","1","3","1","0"
"19804","81784504","19804","11","1","3","1","6","0","1","1","1","0"
"19805","81784504","19805","11","1","1","7","6","0","1","1","1","0"
"19806","81784504","19806","52","1","1","7","0","0","1","0","1","0"
"19807","81784504","19807","11","1","1","7","6","0","1","1","1","0"
"19808","81784513","19808","11","1","1","7","6","0","1","1","1","0"
"19809","81784513","19809","11","2","2","2","6","1","0","1","2","0"
"19810","81784513","19810","11","1","6","2","6","0","1","0","1","0"
"19811","81784513","19811","17","3","1","7","2","0","1","1","1","0"
"19812","81784513","19812","11","1","1","7","6","0","1","1","1","0"
"19813","81784513","19813","11","1","1","7","6","1","0","1","2","0"
"19814","81784513","19814","11","1","1","7","6","0","1","1","1","0"
"19815","81784514","19815","11","1","3","2","6","0","1","1","1","0"
"19816","81785103","19816","21","1","1","7","3","0","1","1","1","0"
"19817","81785202","19817","71","1","1","7","6","0","1","1","1","0"
"19818","81785304","19818","99","3","1","7","6","0","1","2","1","0"
"19819","81785307","19819","14","1","1","7","6","0","1","0","1","0"
"19820","81785502","19820","14","5","1","7","6","0","2","2","1","0"
"19821","81785502","19821","14","1","1","7","6","0","1","1","1","0"
"19822","81785502","19822","14","3","1","7","6","0","2","1","1","0"
"19823","81785502","19823","14","1","1","7","6","0","1","2","1","0"
"19824","81785502","19824","14","1","1","7","6","0","1","1","1","0"
"19825","81785508","19825","16","1","1","7","3","0","1","1","1","0"
"19826","81785514","19826","51","1","1","7","6","1","0","0","2","0"
"19827","81785514","19827","11","1","1","7","6","0","1","1","1","0"
"19828","81785514","19828","15","3","4","3","6","0","1","0","1","0"
"19829","81785514","19829","73","1","1","7","6","0","1","1","1","0"
"19830","81785514","13468","43","1","1","1","4","0","1","1","1","0"
"19831","81785515","19831","51","1","1","7","6","0","1","1","1","0"
"19832","81786103","19832","71","1","3","1","6","0","1","1","1","0"
"19833","81786202","19833","14","1","1","7","6","1","0","1","2","0"
"19834","81786202","19834","14","1","1","7","6","0","2","2","1","0"
"19835","81786202","19835","14","1","1","7","6","0","1","2","1","0"
"19836","81786202","19836","14","1","1","7","6","0","1","1","1","0"
"19837","81786302","19837","21","2","1","7","6","0","1","1","1","0"
"19838","81786305","19838","14","1","1","7","5","0","3","1","1","0"
"19839","81786401","19839","14","1","1","7","3","0","1","1","1","0"
"19840","81787203","19840","13","1","1","7","6","0","1","2","1","0"
"19841","81787203","19841","13","3","1","7","4","0","1","1","1","0"
"19842","81787203","19842","13","1","1","7","6","0","1","1","1","0"
"19843","81787203","19843","13","1","1","7","6","0","1","1","1","0"
"19844","81787203","19844","13","1","1","7","4","0","1","1","1","0"
"19845","81787203","19845","13","3","1","1","7","0","1","1","1","0"
"19846","81787203","19846","13","1","1","1","6","0","3","0","1","0"
"19847","81787203","19847","21","1","1","7","4","0","1","1","1","0"
"19848","81787203","19848","81","3","1","7","6","0","1","2","1","0"
"19849","81787203","19849","13","3","3","1","6","0","2","1","1","0"
"19850","81787203","19850","13","1","1","2","6","0","1","1","1","0"
"19851","81787203","19851","13","1","3","2","6","0","1","1","1","0"
"19852","81787208","19852","31","1","1","7","6","0","1","1","1","0"
"19853","81787307","19853","14","1","1","7","4","0","1","1","1","0"
"19854","81787415","19854","14","1","1","7","6","0","1","3","1","0"
"19855","81787415","19855","16","1","1","7","6","0","1","2","1","0"
"19856","81787415","19856","14","1","1","7","6","0","1","0","1","0"
"19857","81787415","19857","14","1","1","7","6","0","1","1","1","0"
"19858","81787415","19858","51","3","3","2","0","0","1","0","1","0"
"19859","81787415","19859","14","3","1","7","6","0","1","0","1","0"
"19860","81787503","19860","52","1","1","1","6","0","1","1","1","0"
"19861","81787503","19861","16","1","1","7","4","0","1","1","1","0"
"19862","81791409","19862","72","1","1","7","6","1","0","1","2","0"
"19863","81791503","19863","18","1","1","7","6","1","0","1","2","0"
"19864","81791503","19864","81","3","3","2","6","0","2","0","1","0"
"19865","81791503","19865","13","1","1","7","6","0","1","1","1","0"
"19866","81791503","19866","71","1","1","7","6","0","2","1","1","0"
"19867","81791503","19867","16","1","1","7","6","0","1","2","1","0"
"19868","81791503","19868","16","1","1","7","8","0","2","0","1","0"
"19869","81791503","19869","13","1","1","7","4","0","1","1","1","0"
"19870","81791503","19870","13","3","3","1","6","0","1","0","1","0"
"19871","81791503","19871","13","1","3","1","5","0","1","1","1","0"
"19872","81791503","19872","11","1","1","7","6","0","1","2","1","0"
"19873","81791506","19873","41","1","1","7","2","0","1","0","1","0"
"19874","81791507","19874","51","1","1","7","3","0","1","1","1","0"
"19875","81793407","19875","11","1","1","7","6","1","0","1","2","0"
"19876","81793407","19876","52","1","1","2","0","0","1","0","1","0"
"19877","81793407","19877","52","3","1","7","0","3","0","0","2","0"
"19878","81793407","19878","11","3","1","7","6","0","1","1","1","0"
"19879","81793407","19879","52","3","1","1","0","0","1","0","1","0"
"19880","81793407","19880","17","3","4","3","2","0","1","1","1","0"
"19881","81793407","19881","16","5","1","7","6","0","2","2","1","0"
"19882","81793407","19882","11","1","1","7","6","1","2","0","2","0"
"19883","81793407","19883","16","1","1","7","5","0","1","1","1","0"
"19884","81793407","19884","11","1","1","7","6","0","2","1","1","0"
"19885","81793407","19885","18","1","1","7","3","0","1","2","1","0"
"19886","81793407","19886","16","1","1","7","6","0","1","1","1","0"
"19887","81793407","19887","11","3","1","7","6","1","0","1","2","0"
"19888","81793407","19888","11","3","3","1","6","0","2","1","1","0"
"19889","81793407","19889","16","3","1","7","4","0","1","1","1","0"
"19890","81793502","19890","31","1","3","1","3","0","1","1","1","0"
"19891","81793504","19891","14","1","1","7","6","0","1","1","1","0"
"19892","81794305","19892","13","1","1","7","4","0","1","1","1","0"
"19893","81794504","19893","71","1","3","2","6","1","0","1","2","0"
"19894","81794504","19894","13","1","1","7","4","1","0","1","2","0"
"19895","81794504","19895","13","1","1","7","4","1","0","1","2","0"
"19896","81794504","19896","13","1","1","7","6","0","1","1","1","0"
"19897","81794504","19897","13","3","3","1","6","0","2","1","1","0"
"19898","81794504","19898","13","1","1","1","4","0","1","1","1","0"
"19899","81794504","19899","14","1","1","7","3","0","1","1","1","0"
"19900","81794504","19900","71","1","1","7","6","0","1","1","1","0"
"19901","81794504","19901","14","2","3","2","6","0","1","0","1","0"
"19902","81794504","19902","86","1","1","7","4","1","0","1","2","0"
"19903","81794504","19903","13","1","1","7","4","0","1","1","1","0"
"19904","81794504","19904","13","1","1","7","4","0","1","1","1","0"
"19905","81794504","19905","51","1","1","7","6","0","2","2","1","0"
"19906","81794504","19906","13","1","1","7","4","0","1","1","1","0"
"19907","81794504","19907","16","3","3","1","4","0","1","1","1","0"
"19908","81794504","19908","13","1","1","7","6","0","2","0","1","0"
"19909","81794504","19909","76","3","1","2","6","0","1","1","1","0"
"19910","81794504","19910","13","3","1","2","4","0","1","1","1","0"
"19911","81794504","19911","17","1","1","7","2","1","0","1","2","0"
"19912","81795205","19912","72","1","1","7","6","1","0","1","2","0"
"19913","81795305","19913","14","1","1","7","3","0","1","1","1","0"
"19914","81795402","19914","14","1","1","7","6","0","1","1","1","0"
"19915","81795404","19915","14","1","1","7","5","0","1","1","1","0"
"19916","81795404","19916","16","1","1","7","6","0","1","0","1","0"
"19917","81795404","19917","14","1","1","7","6","0","1","1","1","0"
"19918","81795404","19918","16","1","3","1","6","0","1","1","1","0"
"19919","81795404","19919","16","1","1","7","3","1","0","1","2","0"
"19920","81795404","19920","11","1","1","7","6","0","1","3","1","0"
"19921","81795404","19921","16","1","1","7","6","0","1","2","1","0"
"19922","81795404","19922","11","1","1","7","6","0","1","1","1","0"
"19923","81795404","19923","11","3","1","7","6","0","1","2","1","0"
"19924","81796103","19924","14","1","1","7","6","0","1","0","1","0"
"19925","81796201","19925","72","3","1","7","6","1","0","1","2","0"
"19926","81796204","19926","11","3","1","1","6","0","1","3","1","0"
"19927","81796204","19927","11","1","1","7","6","0","1","1","1","0"
"19928","81796204","19928","11","1","1","7","6","1","0","1","2","0"
"19929","81796204","19929","11","1","1","7","6","0","1","1","1","0"
"19930","81796204","19930","11","1","1","7","6","0","0","1","3","0"
"19931","81796204","19931","11","1","1","1","6","1","0","2","2","0"
"19932","81796204","19932","11","2","3","2","6","1","0","1","2","0"
"19933","81796210","19933","15","3","1","1","6","0","1","1","1","0"
"19934","81796210","19934","11","1","1","7","5","0","1","1","1","0"
"19935","81796212","19935","11","3","1","7","6","0","1","1","1","0"
"19936","81796214","19936","11","1","1","7","6","0","1","1","1","0"
"19937","81796214","19937","11","3","1","7","6","0","1","0","1","0"
"19938","81796214","19938","11","1","6","1","6","1","0","1","2","0"
"19939","81797303","19939","52","3","1","2","0","0","1","0","1","0"
"19940","81797303","19940","11","1","1","7","9","0","1","0","1","0"
"19941","81797303","19941","11","2","1","1","6","1","0","1","2","0"
"19942","81797303","19942","11","1","1","7","6","0","1","1","1","0"
"19943","81797303","19943","72","1","3","2","6","1","0","1","2","0"
"19944","81797303","19944","15","1","1","7","4","0","1","1","1","0"
"19945","81797303","19945","12","1","1","7","6","1","0","1","2","0"
"19946","81797303","19946","11","1","1","7","6","0","1","1","1","0"
"19947","81797303","19947","11","1","2","1","7","0","1","1","1","0"
"19948","81797303","19948","12","3","1","7","6","0","4","0","1","0"
"19949","81797303","19949","11","1","3","2","6","1","0","1","2","0"
"19950","81797303","19950","51","3","3","1","6","0","1","0","1","0"
"19951","81797303","19951","17","1","3","1","2","0","1","1","1","0"
"19952","81797303","19952","11","1","1","7","6","0","1","1","1","0"
"19953","81797303","19953","11","1","1","7","6","0","1","1","1","0"
"19954","81797303","19954","71","1","1","7","6","0","1","1","1","0"
"19955","81797303","19955","11","3","1","7","6","0","4","4","1","0"
"19956","81797303","19956","16","1","1","7","6","0","1","1","1","0"
"19957","81797305","19957","11","3","1","7","6","1","0","1","2","0"
"19958","81797306","19958","16","1","3","1","4","0","1","1","1","0"
"19959","81797309","19959","11","3","1","7","6","0","1","1","1","0"
"19960","81797309","19960","51","1","3","2","6","0","1","3","1","0"
"19961","81801104","19961","16","4","1","7","5","0","1","1","1","0"
"19962","81802101","19962","14","1","1","7","6","0","2","0","1","0"
"19963","81802101","19963","14","1","2","2","6","0","2","1","1","0"
"19964","81802105","19964","64","1","1","7","6","0","1","1","1","0"
"19965","81802105","19965","21","3","1","7","6","1","1","0","2","0"
"19966","81802108","19966","16","3","1","7","6","0","1","1","1","0"
"19967","81802108","19967","14","1","1","7","6","0","1","1","1","0"
"19968","81802108","19968","14","4","1","7","6","1","0","1","2","0"
"19969","81802108","19969","14","1","1","7","6","0","1","1","1","0"
"19970","81803104","19970","17","1","1","7","1","0","1","1","1","0"
"19971","81803105","19971","51","1","1","1","1","0","1","1","1","0"
"19972","81803305","19972","14","1","1","7","3","0","1","1","1","0"
"19973","81803504","19973","14","3","1","7","4","0","1","1","1","0"
"19974","81803504","19974","14","1","1","7","6","0","1","0","1","0"
"19975","81803504","19975","51","3","1","7","6","0","1","3","1","0"
"19976","81804106","19976","16","1","3","2","6","2","1","6","2","0"
"19977","81804106","19977","16","1","1","7","4","0","1","1","1","0"
"19978","81804511","19978","64","1","1","7","6","0","1","1","1","0"
"19979","81805309","19979","17","2","1","7","2","0","1","1","1","0"
"19980","81805311","19980","17","1","1","7","2","1","0","1","2","0"
"19981","81805311","19981","21","3","1","7","6","0","2","0","1","0"
"19982","81806405","19982","13","1","1","7","6","0","1","2","1","0"
"19983","81806405","19983","17","3","3","1","2","0","1","1","1","0"
"19984","81806405","19984","71","1","1","7","6","0","1","1","1","0"
"19985","81806405","19985","16","1","1","7","6","0","1","0","1","0"
"19986","81806405","19986","17","1","1","7","2","0","1","1","1","0"
"19987","81806405","19987","13","1","1","7","4","1","0","1","2","0"
"19988","81806405","19988","13","1","1","7","4","0","1","1","1","0"
"19989","81806409","19989","67","1","1","7","4","0","1","1","1","0"
"19990","81806509","19990","16","3","1","7","6","1","1","0","2","0"
"19991","81806509","19991","16","1","1","7","6","0","2","2","1","0"
"19992","81806509","19992","16","1","1","7","6","3","1","0","2","0"
"19993","81806509","19993","16","1","1","1","6","1","0","1","2","0"
"19994","81806509","19994","16","3","1","7","6","0","2","2","1","0"
"19995","81806509","19995","35","1","1","7","3","0","1","1","1","0"
"19996","81806509","19996","16","1","1","7","6","1","0","1","2","0"
"19997","81806509","19997","16","3","1","7","6","0","3","2","1","0"
"19998","81806509","19998","11","1","1","7","6","1","0","1","2","0"
"19999","81807405","19999","13","3","1","7","4","1","0","2","2","0"
"20000","81807405","20000","13","1","1","7","4","0","1","2","1","0"
"20001","81807405","20001","13","2","1","7","4","1","0","1","2","0"
"20002","81807405","20002","17","1","1","7","1","1","0","1","2","0"
"20003","81807405","20003","16","3","2","2","4","0","1","1","1","0"
"20004","81807501","20004","52","1","1","1","6","0","1","1","1","0"
"20005","81807507","20005","14","1","3","2","6","1","0","1","2","0"
"20006","81812101","20006","16","1","1","7","4","0","1","1","1","0"
"20007","81812101","20007","51","1","1","7","6","1","0","1","2","0"
"20008","81812102","20008","51","1","1","7","6","0","1","1","1","0"
"20009","81812102","20009","32","1","3","2","7","0","1","1","1","0"
"20010","81812301","20010","51","1","1","7","6","0","1","2","1","0"
"20011","81812301","20011","17","1","1","7","2","0","1","1","1","0"
"20012","81812302","20012","52","3","1","1","0","0","2","0","1","0"
"20013","81812302","20013","52","1","3","1","0","1","0","0","3","0"
"20014","81813205","20014","14","1","1","7","6","1","0","1","2","0"
"20015","81813301","20015","14","1","1","7","7","1","0","1","2","0"
"20016","81813403","20016","16","1","1","7","6","1","3","0","2","0"
"20017","81813403","6990","16","2","1","7","4","0","1","1","1","0"
"20018","81813403","20018","51","1","1","7","6","0","1","5","1","0"
"20019","81813403","20019","16","1","1","7","5","1","0","1","2","0"
"20020","81813510","20020","52","5","1","7","0","0","1","0","1","0"
"20021","81813510","20021","52","1","1","7","0","1","0","0","2","0"
"20022","81814304","10116","16","3","1","7","4","0","1","1","1","0"
"20023","81815108","20023","14","1","1","7","2","0","0","3","0","0"
"20024","81815108","20024","11","1","1","7","6","0","1","0","1","0"
"20025","81815108","20025","11","1","1","7","6","0","1","1","1","0"
"20026","81815112","20026","11","4","1","2","6","1","0","1","2","0"
"20027","81815112","20027","11","1","1","7","4","1","0","1","2","0"
"20028","81815112","20028","11","1","3","2","7","1","0","1","2","0"
"20029","81815112","20029","16","1","1","2","6","0","1","1","1","0"
"20030","81815112","20030","11","1","1","7","6","0","1","1","1","0"
"20031","81815113","20031","11","1","1","7","7","1","0","1","2","0"
"20032","81815201","20032","85","2","1","7","6","0","1","1","1","0"
"20033","81815201","20033","14","1","1","7","3","0","1","1","1","0"
"20034","81816301","20034","13","1","1","7","6","0","1","0","1","0"
"20035","81816402","20035","21","1","1","1","6","0","2","0","1","0"
"20036","81817303","20036","52","3","1","7","0","0","3","0","1","0"
"20037","81823210","20037","51","3","1","7","3","1","0","1","2","0"
"20038","81823210","20038","16","1","1","7","4","0","1","1","1","0"
"20039","81823210","20039","18","1","1","7","6","1","0","1","2","0"
"20040","81824401","20040","51","1","1","7","3","1","0","1","2","0"
"20041","81824401","20041","16","1","1","7","4","0","1","1","1","0"
"20042","81826203","20042","13","3","3","2","6","1","0","1","2","0"
"20043","81826203","20043","13","1","1","7","6","0","4","0","1","0"
"20044","81826203","20044","19","2","1","7","6","0","2","1","1","0"
"20045","81826203","20045","19","1","1","7","3","1","1","0","2","0"
"20046","81826203","20046","52","3","1","1","0","1","0","0","2","0"
"20047","81831403","20047","21","1","3","1","6","0","3","0","1","0"
"20048","81833505","20048","13","1","1","7","6","0","3","1","1","0"
"20049","81833505","20049","13","2","1","7","4","0","1","1","1","0"
"20050","81833505","20050","13","1","3","1","3","1","0","1","2","0"
"20051","81834113","20051","13","1","1","7","6","0","1","2","1","0"
"20052","81834113","20052","13","1","2","2","6","0","1","1","1","0"
"20053","81834114","20053","52","1","3","1","6","0","1","0","1","0"
"20054","81834504","20054","86","1","1","7","3","1","0","1","2","0"
"20055","81835506","20055","36","1","1","7","6","0","1","1","1","0"
"20056","81836405","20056","16","1","1","7","6","0","1","1","1","0"
"20057","81836405","20057","16","3","1","7","6","0","2","1","1","0"