"accident_id","lieu_id","date_id","cause_id","lum_id","intemp_id","etat_surface_id","impliq_id","nb_blesses_graves","nb_blesses_legers","nb_indemnes","gravite","nb_morts"
"20058","81836405","20058","16","1","1","7","6","0","3","0","1","0"
"20059","81836405","20059","17","1","1","7","1","0","3","1","1","0"
"20060","81836405","20060","16","3","1","7","4","0","1","1","1","0"
"20061","81836405","20061","11","1","1","7","6","0","1","1","1","0"
"20062","81836405","20062","81","3","3","1","6","0","1","1","1","0"
"20063","81836405","20063","71","1","1","7","6","0","1","1","1","0"
"20064","81836405","20064","16","1","1","7","6","1","0","1","2","0"
"20065","81836405","20065","16","3","1","7","4","1","0","1","2","0"
"20066","81836405","20066","16","3","1","1","4","0","1","1","1","0"
"20067","81836405","20067","72","1","1","7","9","0","1","1","1","0"
"20068","81837503","20068","17","1","1","7","1","1","0","1","2","0"
"20069","81842105","20069","13","1","3","2","6","0","1","1","1","0"
"20070","81842105","20070","13","3","1","7","3","0","1","1","1","0"
"20071","81842105","20071","13","3","1","7","6","0","1","1","1","0"
"20072","81842105","20072","13","1","1","7","5","1","0","1","2","0"
"20073","81842105","20073","13","3","1","7","6","0","1","1","1","0"
"20074","81842105","20074","13","1","1","7","4","1","0","1","2","0"
"20075","81842105","20075","13","1","1","7","3","1","0","1","2","0"
"20076","81843207","20076","14","1","1","7","6","1","0","1","2","0"
"20077","81845206","20077","31","1","1","7","3","0","1","1","1","0"
"20078","81845303","20078","16","3","1","7","6","0","2","0","1","0"
"20079","81845303","20079","11","1","3","2","6","0","2","0","1","0"
"20080","81845303","20080","16","3","4","2","6","0","3","0","1","0"
"20081","81845303","20081","51","1","1","7","3","0","1","1","1","0"
"20082","81845303","20082","51","1","1","7","6","0","1","3","1","0"
"20083","81845303","20083","16","3","1","7","6","0","1","1","1","0"
"20084","81845303","20084","11","1","1","7","6","0","1","1","1","0"
"20085","81845303","20085","11","3","1","7","0","0","1","0","1","0"
"20086","81845303","20086","11","1","1","7","6","0","3","0","1","0"
"20087","81845304","20087","72","1","1","7","6","0","1","1","1","0"
"20088","81871201","20088","18","2","1","7","6","1","0","1","2","0"
"20089","81871404","20089","81","3","1","1","6","0","1","1","1","0"
"20090","81871506","20090","35","1","1","7","4","0","1","1","1","0"
"20091","81872403","20091","16","1","1","7","4","0","1","1","1","0"
"20092","81872413","20092","23","1","1","7","6","0","1","1","1","0"
"20093","81872413","20093","13","1","1","7","5","1","0","1","2","0"
"20094","81872413","20094","71","3","3","1","6","0","1","1","1","0"
"20095","81872414","20095","14","1","1","7","3","1","0","1","2","0"
"20096","81872503","20096","71","1","1","7","6","0","1","1","1","0"
"20097","81874202","20097","52","3","1","7","0","0","1","0","1","0"
"20098","81874202","20098","51","1","1","7","5","0","3","0","1","0"
"20099","81874306","20099","16","1","3","2","6","0","2","0","1","0"
"20100","81874306","20100","16","1","1","7","6","0","1","1","1","0"
"20101","81874306","20101","13","1","1","7","3","0","1","1","1","0"
"20102","81874306","20102","16","1","1","7","4","0","1","1","1","0"
"20103","81876102","20103","52","5","1","7","0","0","2","0","1","0"
"20104","81881110","20104","14","1","1","7","3","0","1","1","1","0"
"20105","81881110","20105","17","1","1","7","2","0","1","1","1","0"
"20106","81881201","20106","86","1","3","1","2","0","3","0","1","0"
"20107","81881205","20107","13","1","1","7","6","0","2","2","1","0"
"20108","81881205","20108","13","3","1","7","6","0","1","1","1","0"
"20109","81881205","20109","16","1","3","2","6","0","1","1","1","0"
"20110","81881205","20110","16","1","1","7","3","0","1","1","1","0"
"20111","81881502","20111","13","1","1","7","6","0","3","1","1","0"
"20112","81882206","20112","13","1","1","7","4","0","1","1","1","0"
"20113","81882206","20113","16","1","1","7","6","0","1","2","1","0"
"20114","81882206","20114","13","1","2","2","6","0","1","1","1","0"
"20115","81882206","20115","11","3","3","1","6","0","2","0","1","0"
"20116","81882206","20116","16","1","1","7","4","1","0","1","2","0"
"20117","81882316","20117","13","3","1","7","6","0","1","0","1","0"
"20118","81882316","20118","13","3","3","2","6","0","1","1","1","0"
"20119","81882316","20119","13","1","1","7","3","0","1","1","1","0"
"20120","81882407","20120","73","1","1","7","6","0","1","1","1","0"
"20121","81883104","9579","13","1","1","7","5","0","1","1","1","0"
"20122","81883305","20122","13","1","1","7","6","0","1","1","1","0"
"20123","81884506","20123","67","1","1","7","6","0","2","0","1","0"
"20124","81885403","20124","18","1","1","7","6","1","0","1","2","0"
"20125","81893501","20125","13","1","1","7","6","1","0","1","2","0"
"20126","81893501","20126","52","3","1","7","0","3","0","0","2","0"
"20127","81893501","20127","16","1","1","7","6","0","1","2","1","0"
"20128","81893501","20128","13","1","1","7","6","0","4","0","1","0"
"20129","81893501","20129","13","1","2","2","6","2","1","0","2","0"
"20130","81893501","20130","13","1","2","1","6","0","8","1","1","0"
"20131","81893501","20131","16","1","1","7","6","0","2","0","1","0"
"20132","81893501","20132","13","1","1","7","6","1","0","1","2","0"
"20133","81893501","20133","13","1","1","7","6","2","0","1","2","0"
"20134","81893501","20134","13","1","1","7","5","3","0","0","2","0"
"20135","81893501","20135","13","1","1","7","6","0","1","1","1","0"
"20136","81893501","20136","13","1","1","7","6","0","2","0","1","0"
"20137","81893501","20137","13","1","1","7","6","1","2","0","2","0"
"20138","81893501","20138","13","3","3","1","6","0","5","0","1","0"
"20139","81893501","20139","81","1","3","1","6","2","2","0","2","0"
"20140","81893501","20140","13","1","3","1","6","0","2","0","1","0"
"20141","81893501","20141","13","3","1","1","5","0","2","0","1","0"
"20142","81893501","20142","16","1","1","7","6","0","1","1","1","0"
"20143","81893501","20143","13","3","1","1","6","0","3","1","1","0"
"20144","81893501","20144","31","2","1","7","6","0","1","1","1","0"
"20145","81906305","20145","51","1","1","7","4","0","1","1","1","0"
"20146","81907301","5705","13","1","3","2","6","1","1","0","2","0"
"20147","81907301","20147","51","3","1","7","2","1","0","1","3","0"
"20148","81907301","20148","13","1","3","1","6","0","1","1","1","0"
"20149","81907301","20149","13","1","1","7","6","0","2","0","1","0"
"20150","81907301","20150","13","1","1","7","6","1","0","4","2","0"
"20151","81907301","20151","13","2","1","7","6","0","1","1","1","0"
"20152","81907301","20152","13","3","1","7","6","0","3","0","1","0"
"20153","81907301","20153","13","1","1","7","6","1","1","0","2","0"
"20154","81907301","20154","13","1","1","7","3","0","1","1","1","0"
"20155","81907301","20155","13","1","7","7","3","0","1","1","1","0"
"20156","81907301","20156","13","1","1","7","3","0","1","1","1","0"
"20157","81907301","20157","16","1","2","1","6","0","1","1","1","0"
"20158","81907301","20158","13","1","1","7","6","0","1","1","1","0"
"20159","81907301","20159","13","1","3","1","7","0","3","1","1","0"
"20160","81907301","20160","13","1","1","7","6","1","0","2","2","0"
"20161","81907301","20161","52","1","1","7","0","0","2","0","1","0"
"20162","81907301","20162","13","1","3","1","6","0","1","0","1","0"
"20163","81907301","20163","13","1","1","7","6","0","3","0","1","0"
"20164","81907301","20164","13","1","1","7","6","0","4","0","1","0"
"20165","81907301","20165","13","1","1","7","6","0","1","0","1","0"
"20166","81911403","20166","36","1","1","7","6","0","1","1","1","0"
"20167","81911403","20167","41","1","1","7","6","0","1","1","1","0"
"20168","81911403","20168","13","1","1","7","5","0","1","1","1","0"
"20169","81912308","20169","32","1","1","7","6","0","1","1","1","0"
"20170","81912308","20170","13","1","1","7","5","1","0","1","2","0"
"20171","81912404","20171","85","3","3","2","6","1","0","1","2","0"
"20172","81927202","20172","51","1","1","7","6","0","2","1","1","0"
"20173","82697503","20173","13","1","2","2","3","0","1","1","1","0"
"20174","82703502","20174","51","1","1","7","6","0","1","3","1","0"
"20175","82705303","20175","14","1","1","7","6","1","1","1","2","0"
"20176","82705304","20176","13","1","1","7","6","0","1","1","1","0"
"20177","82706101","20177","16","1","1","7","6","0","1","2","1","0"
"20178","82706101","20178","13","1","1","7","6","0","1","1","1","0"
"20179","82706201","20179","81","3","3","1","6","0","2","0","1","0"
"20180","82706304","20180","16","1","3","2","6","1","0","1","2","0"
"20181","82706304","20181","72","1","1","7","6","1","0","1","2","0"
"20182","82706304","20182","14","1","1","7","6","0","1","1","1","0"
"20183","82706304","20183","16","1","1","7","5","0","1","1","1","0"
"20184","82706304","20184","16","1","1","7","6","0","3","0","1","0"
"20185","82706401","20185","85","3","1","7","6","1","0","1","2","0"
"20186","82706508","20186","35","1","1","7","4","0","1","0","1","0"
"20187","82707102","20187","13","1","1","7","7","0","1","1","1","0"
"20188","82707301","20188","13","1","1","7","7","0","3","0","1","0"
"20189","82707301","20189","13","2","4","4","7","1","0","1","2","0"
"20190","82707301","20190","16","1","1","7","6","1","0","1","2","0"
"20191","82707401","20191","14","1","1","7","7","0","1","1","1","0"
"20192","82712201","20192","16","3","3","2","4","1","0","1","2","0"
"20193","82712201","20193","13","3","1","1","6","0","1","3","1","0"
"20194","82712203","20194","13","1","1","7","6","0","1","0","1","0"
"20195","82712203","20195","16","1","1","7","6","0","1","2","1","0"
"20196","82712407","20196","52","3","1","7","0","1","0","0","2","0"
"20197","82713203","20197","17","1","3","1","1","1","0","1","2","0"
"20198","82713207","20198","52","1","1","7","0","0","1","0","1","0"
"20199","82713207","20199","16","1","1","7","5","0","2","0","1","0"
"20200","82713207","20200","13","1","3","1","3","1","1","0","2","0"
"20201","82713207","20201","51","1","1","7","3","1","0","1","2","0"
"20202","82713301","20202","13","3","1","7","6","0","3","0","1","0"
"20203","82713301","20203","13","3","3","1","6","1","1","1","2","0"
"20204","82713404","20204","14","1","1","7","6","0","1","1","1","0"
"20205","82713502","20205","14","1","1","7","5","0","1","0","1","0"
"20206","82714101","20206","11","3","1","7","6","1","1","0","2","0"
"20207","82714101","20207","11","1","1","7","6","0","7","0","1","0"
"20208","82714101","20208","16","3","1","7","4","0","1","1","1","0"
"20209","82714101","20209","11","2","1","7","7","1","0","1","2","0"
"20210","82714101","20210","11","1","1","7","6","0","1","1","1","0"
"20211","82714101","20211","15","1","1","7","6","1","0","0","3","0"
"20212","82714301","7872","14","1","1","7","3","0","1","1","1","0"
"20213","82714508","20213","14","2","1","7","6","0","1","1","1","0"
"20214","82715202","20214","11","1","1","7","6","0","1","2","1","0"
"20215","82715403","20215","81","1","1","7","6","0","2","1","1","0"
"20216","82715503","20216","16","1","1","7","5","1","0","0","2","0"
"20217","82716202","20217","11","1","1","7","6","0","1","4","1","0"
"20218","82716202","20218","11","3","1","7","6","0","3","0","1","0"
"20219","82716202","20219","11","1","1","7","6","1","0","1","2","0"
"20220","82716202","20220","16","1","1","7","6","0","2","1","1","0"
"20221","82717309","20221","11","1","1","7","6","1","1","2","2","0"
"20222","82717309","20222","16","1","1","7","4","0","1","1","1","0"
"20223","82717309","20223","11","1","1","7","4","0","1","1","1","0"
"20224","82721204","20224","31","1","1","7","3","1","0","1","2","0"
"20225","82721204","20225","16","4","3","1","4","0","1","1","1","0"
"20226","82721204","20226","16","1","1","7","6","0","1","1","1","0"
"20227","82721206","20227","36","1","1","7","4","1","0","1","2","0"
"20228","82721206","20228","16","3","1","7","4","1","0","1","2","0"
"20229","82721206","20229","52","1","1","7","4","1","0","2","2","0"
"20230","82721206","20230","13","1","1","7","6","0","2","1","1","0"
"20231","82721402","20231","11","1","1","7","8","1","0","1","2","0"
"20232","82722501","9584","12","1","1","7","6","0","1","2","1","0"
"20233","82722503","20233","52","3","1","7","6","3","0","1","2","0"
"20234","82733110","20234","51","2","1","7","6","3","0","0","2","0"
"20235","82733110","20235","85","2","1","7","6","1","0","1","2","0"
"20236","82733201","20236","13","1","1","7","3","0","1","1","1","0"
"20237","82735406","20237","19","1","1","7","3","0","1","1","1","0"
"20238","82741401","20238","14","1","1","7","6","0","1","1","1","0"
"20239","82741401","20239","19","1","6","1","6","0","1","2","1","0"
"20240","82741401","20240","51","1","3","1","6","0","1","2","1","0"
"20241","82741401","20241","71","1","1","7","6","0","1","1","1","0"
"20242","82741505","20242","42","3","1","2","6","0","3","2","1","0"
"20243","82742506","20243","52","3","2","2","0","0","1","0","1","0"
"20244","82742506","20244","52","3","1","7","0","1","0","0","2","0"
"20245","82743411","20245","18","1","3","2","6","0","1","1","1","0"
"20246","82743411","20246","81","1","1","7","2","0","1","1","1","0"
"20247","82743411","20247","52","1","1","7","2","1","0","1","2","0"
"20248","82743418","20248","52","2","1","7","0","0","1","0","1","0"
"20249","82743422","20249","81","3","6","2","6","0","2","2","1","0"
"20250","82743422","20250","17","3","1","7","2","0","1","1","1","0"
"20251","82743422","20251","17","1","1","7","2","0","1","1","1","0"
"20252","82743423","20252","13","3","1","2","6","0","1","1","1","0"
"20253","82743423","20253","13","1","1","1","4","0","1","1","1","0"
"20254","82743423","20254","13","1","1","7","4","0","1","1","1","0"
"20255","82743423","18158","13","1","1","7","6","0","1","1","1","0"
"20256","82743423","20256","18","3","1","7","6","0","1","2","1","0"
"20257","82743423","20257","13","2","1","7","6","0","1","1","1","0"
"20258","82743423","20258","13","1","1","7","6","0","1","1","1","0"
"20259","82743423","20259","52","1","1","7","0","0","1","0","1","0"
"20260","82743423","20260","52","1","3","2","0","0","1","0","1","0"
"20261","82743505","20261","14","1","1","7","6","0","1","1","1","0"
"20262","82743508","20262","71","1","1","7","6","0","2","1","1","0"
"20263","82744514","20263","51","1","1","7","6","1","0","1","2","0"
"20264","82745401","20264","18","1","1","7","6","0","2","1","1","0"
"20265","82745401","20265","51","1","3","2","6","0","1","2","1","0"
"20266","82746102","20266","14","2","1","7","6","0","1","0","1","0"
"20267","82747202","20267","31","1","1","7","4","1","0","1","2","0"
"20268","82747202","20268","11","2","1","1","8","0","1","0","1","0"
"20269","82747202","20269","11","1","1","7","6","0","3","2","1","0"
"20270","82747401","20270","11","1","1","7","6","0","1","1","1","0"
"20271","82747401","20271","19","1","1","2","6","0","2","0","1","0"
"20272","82747401","20272","11","3","1","7","6","0","1","1","1","0"
"20273","82751201","20273","64","1","1","7","6","1","0","1","2","0"
"20274","82751202","20274","51","1","1","7","6","0","1","1","1","0"
"20275","82751203","20275","11","1","1","7","6","1","0","1","2","0"
"20276","82751203","20276","15","1","1","7","6","0","1","3","1","0"
"20277","82751203","20277","52","1","3","1","6","0","1","1","1","0"
"20278","82751203","20278","17","1","1","7","1","0","1","1","1","0"
"20279","82751203","20279","11","1","1","7","6","0","1","1","1","0"
"20280","82751203","20280","11","1","1","7","6","0","1","2","1","0"
"20281","82751207","20281","41","1","1","7","6","0","1","1","1","0"
"20282","82751209","20282","17","1","1","7","2","0","1","1","1","0"
"20283","82751209","20283","14","1","1","7","6","0","1","1","1","0"
"20284","82751209","20284","14","1","1","2","8","0","1","1","1","0"
"20285","82751209","20285","14","1","1","7","6","0","2","1","1","0"
"20286","82751209","20286","14","1","1","7","6","0","3","1","1","0"
"20287","82751209","20287","14","1","1","7","6","0","3","0","1","0"
"20288","82751209","20288","19","5","1","7","6","0","3","0","1","0"
"20289","82751209","20289","19","5","3","1","3","0","1","1","1","0"
"20290","82751305","20290","19","1","1","7","3","0","1","1","1","0"
"20291","82751408","20291","19","1","1","7","5","1","0","1","2","0"
"20292","82751501","20292","41","1","1","7","6","0","1","1","1","0"
"20293","82751503","20293","16","1","1","7","4","1","1","2","2","0"
"20294","82751503","20294","51","1","1","7","6","0","1","1","1","0"
"20295","82751504","20295","17","1","1","7","1","0","1","1","1","0"
"20296","82751504","20296","17","1","1","7","2","0","1","1","1","0"
"20297","82751507","20297","72","3","1","7","6","0","1","1","1","0"
"20298","82751507","20298","16","1","1","7","6","0","1","1","1","0"
"20299","82751511","20299","21","3","1","2","6","0","2","1","1","0"
"20300","82752301","876","13","3","1","7","3","0","1","1","1","0"
"20301","82752301","20301","18","2","1","7","6","0","1","1","1","0"
"20302","82752301","20302","71","3","1","7","6","1","0","1","2","0"
"20303","82752302","20303","41","3","1","7","5","1","0","1","2","0"
"20304","82752502","20304","11","1","1","7","6","0","1","1","1","0"
"20305","82752502","20305","17","1","2","2","2","0","1","1","1","0"
"20306","82752502","20306","17","1","1","7","2","0","1","1","1","0"
"20307","82752502","20307","18","1","1","7","6","0","1","1","1","0"
"20308","82752502","20308","22","5","1","7","6","0","1","1","1","0"
"20309","82752502","20309","16","1","1","7","6","0","1","1","1","0"
"20310","82752502","20310","17","3","1","7","2","0","1","1","1","0"
"20311","82752502","20311","16","2","1","7","6","0","1","2","1","0"
"20312","82752502","20312","64","1","3","2","6","0","1","1","1","0"
"20313","82752502","20313","16","3","3","2","6","0","2","0","1","0"
"20314","82752502","20314","51","1","1","7","4","0","1","3","1","0"
"20315","82752502","20315","11","1","1","2","6","0","1","1","1","0"
"20316","82753307","20316","52","1","1","7","2","0","2","2","1","0"
"20317","82753307","20317","52","1","1","7","0","0","2","0","1","0"
"20318","82753407","20318","33","1","1","7","3","0","1","1","1","0"
"20319","82753407","20319","21","1","1","7","4","0","1","1","1","0"
"20320","82753411","20320","13","1","1","7","6","0","1","1","1","0"
"20321","82753501","20321","19","3","1","7","6","0","1","1","1","0"
"20322","82753503","20322","17","2","2","2","2","0","1","1","1","0"
"20323","82753503","20323","19","1","1","2","6","0","1","2","1","0"
"20324","82754305","20324","31","1","1","7","6","0","2","1","1","0"
"20325","82754305","20325","11","1","1","7","6","0","1","1","1","0"
"20326","82754305","20326","31","3","1","7","6","0","1","1","1","0"
"20327","82754402","20327","17","1","1","7","1","0","1","1","1","0"
"20328","82754408","20328","71","1","3","1","6","0","1","1","1","0"
"20329","82754408","20329","86","1","1","7","2","0","2","1","1","0"
"20330","82754411","20330","72","1","3","2","6","1","0","1","2","0"
"20331","82755312","20331","81","3","1","7","6","0","3","0","1","0"
"20332","82755312","20332","17","1","1","7","2","0","1","1","1","0"
"20333","82755312","20333","11","1","1","7","6","0","1","1","1","0"
"20334","82755312","20334","11","1","1","7","6","0","1","1","1","0"
"20335","82755312","20335","11","1","1","7","6","0","1","1","1","0"
"20336","82755402","20336","16","1","1","7","4","0","1","1","1","0"
"20337","82755402","20337","71","3","1","7","4","0","1","1","1","0"
"20338","82755402","14594","16","1","1","7","5","1","1","0","2","0"
"20339","82755402","20339","11","1","3","2","6","0","1","1","1","0"
"20340","82755402","20340","16","1","1","7","6","0","2","1","1","0"
"20341","82755402","20341","11","1","1","7","2","0","1","1","1","0"
"20342","82755402","20342","81","3","1","7","2","0","1","1","1","0"
"20343","82755402","20343","16","3","1","7","6","0","3","0","1","0"
"20344","82755404","20344","72","1","1","7","6","0","1","1","1","0"
"20345","82755404","6716","11","1","1","7","2","0","2","1","1","0"
"20346","82755503","20346","51","1","1","7","6","0","1","1","1","0"
"20347","82755504","20347","19","1","1","7","6","0","1","2","1","0"
"20348","82755504","20348","19","1","1","7","6","0","1","1","1","0"
"20349","82755504","20349","19","3","1","7","6","0","2","0","1","0"
"20350","82755504","20350","19","3","1","7","6","0","1","1","1","0"
"20351","82755504","20351","19","1","1","7","6","0","1","3","1","0"
"20352","82755504","20352","19","1","1","7","5","0","1","1","1","0"
"20353","82755504","20353","19","1","1","7","6","0","3","1","1","0"
"20354","82755504","20354","19","3","1","7","4","1","1","1","2","0"
"20355","82755504","20355","19","3","1","7","8","0","4","0","1","0"
"20356","82755504","20356","13","1","2","2","6","0","1","2","1","0"
"20357","82756302","20357","19","1","1","7","4","0","2","1","1","0"
"20358","82756302","20358","71","1","3","1","6","0","1","1","1","0"
"20359","82756302","20359","42","1","1","7","5","0","1","2","1","0"
"20360","82756304","20360","17","1","1","7","2","1","0","1","2","0"
"20361","82756306","20361","19","1","1","2","5","0","1","1","1","0"
"20362","82756306","20362","17","1","1","7","2","0","1","0","1","0"
"20363","82756307","20363","52","1","1","7","0","0","1","0","1","0"
"20364","82756308","20364","17","1","1","7","2","0","1","1","1","0"
"20365","82756309","20365","51","1","1","7","6","0","1","1","1","0"
"20366","82756309","20366","19","1","3","1","6","0","5","0","1","0"
"20367","82756320","20367","17","3","1","7","2","0","1","1","1","0"
"20368","82756320","20368","16","1","1","7","4","0","1","1","1","0"
"20369","82756320","20369","51","1","1","2","5","0","1","1","1","0"
"20370","82756320","20370","21","1","3","2","6","0","1","1","1","0"
"20371","82756412","20371","13","1","1","7","6","0","4","0","1","0"
"20372","82756412","20372","13","2","2","2","6","0","1","1","1","0"
"20373","82756412","20373","13","2","1","7","6","0","1","1","1","0"
"20374","82756412","20374","13","1","3","1","6","0","1","1","1","0"
"20375","82756412","20375","13","1","1","7","6","0","2","0","1","0"
"20376","82756412","20376","13","1","3","2","6","0","2","1","1","0"
"20377","82756504","20377","41","1","1","7","4","0","1","1","1","0"
"20378","82756505","20378","16","1","1","7","6","0","1","1","1","0"
"20379","82756506","20379","71","1","1","7","6","0","1","1","1","0"
"20380","82756506","20380","72","1","1","7","4","0","2","0","1","0"
"20381","82756507","20381","86","1","1","7","1","0","2","1","1","0"
"20382","82757302","20382","11","1","1","7","6","0","1","1","1","0"
"20383","82757302","20383","17","1","1","7","2","0","1","1","1","0"
"20384","82757303","20384","52","1","1","7","0","0","4","0","1","0"
"20385","82757306","20385","17","1","1","7","2","0","1","1","1","0"
"20386","82757306","20386","52","3","1","7","6","1","0","0","3","0"
"20387","82757306","20387","52","1","1","7","6","0","2","2","1","0"
"20388","82757402","20388","17","1","1","7","2","1","0","1","2","0"
"20389","82757402","20389","19","1","1","7","6","0","1","1","1","0"
"20390","82757506","20390","41","1","1","7","6","0","1","1","1","0"
"20391","82761101","20391","71","3","1","2","6","1","0","1","2","0"
"20392","82761101","20392","19","1","1","7","3","0","1","1","1","0"
"20393","82761101","20393","17","2","1","7","2","0","1","1","1","0"
"20394","82761101","20394","64","1","1","7","6","0","1","1","1","0"
"20395","82761101","20395","16","1","1","7","5","0","1","2","1","0"
"20396","82761101","20396","17","2","1","7","2","0","1","1","1","0"
"20397","82761201","20397","13","1","1","7","4","0","1","1","1","0"
"20398","82761202","20398","31","3","1","7","3","0","1","1","1","0"
"20399","82761202","20399","72","3","1","7","5","0","2","0","1","0"
"20400","82761203","20400","19","1","1","7","4","0","1","1","1","0"
"20401","82761203","20401","19","3","1","7","6","0","1","1","1","0"
"20402","82761203","20402","19","1","2","1","6","0","2","1","1","0"
"20403","82761203","20403","19","1","1","7","6","0","1","1","1","0"
"20404","82761203","8130","41","1","1","7","6","0","1","1","1","0"
"20405","82761301","20405","11","1","3","2","6","1","0","1","2","0"
"20406","82761301","20406","81","3","3","2","5","0","1","1","1","0"
"20407","82761303","20407","11","5","1","7","6","0","2","2","1","0"
"20408","82761303","20408","11","3","1","7","6","1","0","1","2","0"
"20409","82761303","20409","18","3","1","7","6","0","1","2","1","0"
"20410","82761303","20410","11","3","1","7","6","0","2","1","1","0"
"20411","82761303","20411","11","2","1","7","2","0","1","0","1","0"
"20412","82761305","20412","21","3","1","2","6","0","1","2","1","0"
"20413","82761404","20413","16","2","1","2","4","0","1","1","1","0"
"20414","82761404","20414","19","1","1","7","6","0","1","1","1","0"
"20415","82762101","20415","71","1","1","7","6","0","1","1","1","0"
"20416","82762102","20416","14","1","1","7","6","0","2","0","1","0"
"20417","82762102","20417","14","1","1","7","5","0","2","1","1","0"
"20418","82762209","20418","19","1","1","7","6","0","1","1","1","0"
"20419","82762210","20419","14","1","1","2","6","0","1","2","1","0"
"20420","82762210","20420","19","5","1","7","6","1","0","2","2","0"
"20421","82762210","20421","41","3","3","2","6","1","0","1","2","0"
"20422","82762301","20422","81","3","1","7","5","0","1","1","1","0"
"20423","82762301","20423","51","1","1","2","6","0","1","2","1","0"
"20424","82762303","20424","71","1","1","7","6","0","0","1","3","0"
"20425","82762303","20425","18","1","1","7","6","1","0","1","2","0"
"20426","82762303","20426","17","1","1","7","2","0","1","1","1","0"
"20427","82762303","20427","41","1","1","7","2","0","1","0","1","0"
"20428","82762303","20428","71","1","1","2","6","0","1","1","1","0"
"20429","82762309","20429","19","5","1","7","6","0","1","1","1","0"
"20430","82762322","20430","13","1","1","7","4","0","1","1","1","0"
"20431","82762403","20431","16","3","3","1","4","1","0","1","2","0"
"20432","82762403","20432","31","2","1","7","6","0","2","0","1","0"
"20433","82762405","20433","28","2","1","7","0","0","1","0","1","0"
"20434","82762405","20434","11","1","1","7","6","0","3","1","1","0"
"20435","82762509","11982","31","1","1","7","6","0","1","1","1","0"
"20436","82763101","20436","71","1","1","7","6","0","1","1","1","0"
"20437","82763102","20437","51","2","1","7","6","0","1","2","1","0"
"20438","82763312","20438","17","2","3","2","2","0","1","1","1","0"
"20439","82763313","20439","71","1","1","7","6","1","0","1","2","0"
"20440","82763313","20440","19","1","1","7","5","0","1","1","1","0"
"20441","82763313","20441","22","3","1","7","6","0","1","3","1","0"
"20442","82763313","20442","19","1","3","2","6","1","0","1","2","0"
"20443","82763313","20443","17","1","1","7","2","0","1","1","1","0"
"20444","82763313","20444","17","2","1","7","2","1","0","1","2","0"
"20445","82763313","20445","71","2","1","7","7","0","1","1","1","0"
"20446","82763313","20446","31","3","1","7","6","0","2","1","1","0"
"20447","82763314","20447","17","1","1","7","2","1","0","1","2","0"
"20448","82763511","20448","52","1","3","1","0","0","1","1","1","0"
"20449","82764105","20449","73","1","1","7","2","0","1","1","1","0"
"20450","82764201","20450","11","1","1","2","6","0","1","1","1","0"
"20451","82764201","20451","81","3","1","7","6","0","1","1","1","0"
"20452","82764304","20452","17","1","1","1","2","0","1","1","1","0"
"20453","82764304","20453","73","5","1","7","6","1","0","1","2","0"
"20454","82764304","20454","51","1","1","7","6","0","2","1","1","0"
"20455","82764304","20455","17","1","1","7","2","1","0","1","2","0"
"20456","82764305","20456","19","1","1","7","6","0","1","1","1","0"
"20457","82764305","20457","19","1","1","7","4","0","1","1","1","0"
"20458","82764305","20458","19","1","3","2","6","0","1","2","1","0"
"20459","82764305","20459","71","3","1","7","6","0","1","1","1","0"
"20460","82764305","20460","19","1","1","7","6","0","2","1","1","0"
"20461","82764305","20461","16","3","1","7","6","0","6","0","1","0"
"20462","82764305","20462","19","3","1","7","4","0","1","1","1","0"
"20463","82764306","20463","21","5","1","7","6","0","2","1","1","0"
"20464","82764405","20464","11","3","1","7","6","1","1","0","2","0"
"20465","82764412","20465","81","3","1","7","0","0","1","0","1","0"
"20466","82764412","20466","72","1","1","7","6","0","1","0","1","0"
"20467","82764412","20467","19","3","3","2","3","0","1","1","1","0"
"20468","82764503","7357","52","1","1","1","2","0","1","1","1","0"
"20469","82765208","20469","21","3","1","7","4","1","0","1","2","0"
"20470","82765304","20470","17","1","1","7","1","0","0","1","3","0"
"20471","82765404","20471","99","3","1","1","3","0","1","0","1","0"
"20472","82765404","20472","51","1","3","1","6","0","1","2","1","0"
"20473","82766102","20473","21","1","1","7","6","1","0","1","2","0"
"20474","82766105","20474","31","1","1","7","6","0","1","1","1","0"
"20475","82766208","20475","19","1","3","2","5","0","1","1","1","0"
"20476","82766209","20476","52","1","1","7","2","0","1","2","1","0"
"20477","82766301","20477","16","1","1","7","6","0","1","1","1","0"
"20478","82766301","20478","85","3","1","7","6","0","1","1","1","0"
"20479","82766301","20479","17","1","1","7","1","0","1","1","1","0"
"20480","82766301","20480","21","3","3","1","6","0","3","1","1","0"
"20481","82766301","20481","19","3","1","1","6","0","1","1","1","0"