"accident_id","lieu_id","date_id","cause_id","lum_id","intemp_id","etat_surface_id","impliq_id","nb_blesses_graves","nb_blesses_legers","nb_indemnes","gravite","nb_morts"
"20482","82766301","20482","71","1","1","7","6","0","1","1","1","0"
"20483","82766301","20483","16","1","3","2","6","0","1","2","1","0"
"20484","82766301","20484","19","1","4","3","6","0","2","1","1","0"
"20485","82766301","20485","17","1","1","7","2","0","0","1","3","0"
"20486","82766301","20486","19","3","1","7","5","0","1","1","1","0"
"20487","82766303","20487","85","3","1","1","6","0","1","1","1","0"
"20488","82766306","20488","21","1","1","7","6","0","1","2","1","0"
"20489","82766502","20489","16","3","1","7","4","1","0","1","2","0"
"20490","82767202","20490","11","1","2","2","6","0","1","1","1","0"
"20491","82767301","20491","63","1","3","2","3","0","1","1","1","0"
"20492","82767303","20492","11","1","1","7","6","0","1","1","1","0"
"20493","82767402","20493","14","1","1","7","6","0","1","1","1","0"
"20494","82767402","20494","14","1","3","1","6","1","0","1","2","0"
"20495","82767402","20495","21","1","1","7","6","0","1","1","1","0"
"20496","82767409","20496","31","1","1","7","5","0","1","1","1","0"
"20497","82771203","20497","41","1","1","7","6","0","3","0","1","0"
"20498","82771204","20498","11","1","1","7","6","0","1","2","1","0"
"20499","82771204","20499","16","1","1","7","8","0","1","1","1","0"
"20500","82771204","20500","16","1","1","7","6","0","2","2","1","0"
"20501","82771204","20501","16","1","1","7","6","0","1","3","1","0"
"20502","82771204","20502","51","1","1","7","6","0","1","1","1","0"
"20503","82771204","20503","11","1","1","7","6","0","1","1","1","0"
"20504","82771204","20504","11","1","3","2","6","0","2","0","1","0"
"20505","82771303","20505","16","1","1","7","6","2","0","1","2","0"
"20506","82771303","20506","16","1","3","1","4","0","1","0","1","0"
"20507","82771303","20507","17","1","1","2","2","1","0","1","2","0"
"20508","82771303","20508","16","1","3","1","4","0","2","1","1","0"
"20509","82771303","20509","16","2","1","7","4","0","2","1","1","0"
"20510","82772102","20510","19","1","1","7","4","1","0","1","2","0"
"20511","82772204","20511","14","1","1","7","4","1","0","0","2","0"
"20512","82772204","20512","11","1","1","7","6","0","1","1","1","0"
"20513","82772302","20513","13","1","1","7","6","0","1","1","1","0"
"20514","82772404","20514","71","1","1","1","6","1","0","1","2","0"
"20515","82772408","20515","17","1","1","7","2","0","0","1","3","0"
"20516","82773206","20516","23","1","1","1","6","1","2","0","2","0"
"20517","82773206","12223","11","2","1","7","6","1","1","1","2","0"
"20518","82773206","20518","11","3","1","7","6","1","2","4","2","0"
"20519","82773206","20519","81","2","1","7","6","0","2","5","1","0"
"20520","82773206","20520","11","1","1","7","3","0","1","1","1","0"
"20521","82773206","20521","11","3","1","7","6","0","0","1","3","0"
"20522","82773206","20522","41","5","3","1","6","1","0","1","2","0"
"20523","82773206","20523","15","1","1","7","6","0","1","1","1","0"
"20524","82773206","20524","12","1","1","2","6","0","1","2","1","0"
"20525","82773206","20525","11","1","3","2","6","1","0","1","2","0"
"20526","82773402","20526","17","1","1","7","2","1","0","1","2","0"
"20527","82773404","20527","14","3","3","2","6","0","1","1","1","0"
"20528","82773404","20528","14","1","1","7","6","0","1","1","1","0"
"20529","82773404","20529","17","2","3","1","2","0","3","1","1","0"
"20530","82774103","20530","14","1","1","7","3","0","1","1","1","0"
"20531","82774202","20531","16","1","1","7","4","1","0","1","2","0"
"20532","82774202","20532","71","1","3","2","6","1","0","1","2","0"
"20533","82774302","20533","41","1","1","7","6","0","1","1","1","0"
"20534","82774401","20534","17","1","3","2","2","0","1","1","1","0"
"20535","82774407","20535","52","3","2","2","6","0","1","0","1","0"
"20536","82775505","20536","11","5","3","2","6","0","1","1","1","0"
"20537","82776202","20537","51","1","1","4","6","1","0","2","2","0"
"20538","82776202","20538","14","1","1","7","6","0","1","1","1","0"
"20539","82776202","20539","52","3","1","7","0","0","1","2","1","0"
"20540","82776202","20540","51","3","3","1","6","0","1","2","1","0"
"20541","82776202","20541","11","1","1","7","2","0","1","0","1","0"
"20542","82776211","20542","11","1","1","7","2","1","0","1","2","0"
"20543","82776211","20543","12","1","1","7","6","0","2","0","1","0"
"20544","82776211","20544","11","1","1","7","6","0","1","3","1","0"
"20545","82776211","20545","16","2","1","7","6","0","1","1","1","0"
"20546","82776211","20546","11","1","1","7","6","0","1","1","1","0"
"20547","82776211","20547","51","2","2","1","6","1","1","1","2","0"
"20548","82776401","20548","22","1","1","7","4","1","0","1","2","0"
"20549","82776401","20549","81","1","1","7","6","1","0","1","2","0"
"20550","82776401","20550","16","1","1","7","6","0","2","1","1","0"
"20551","82776401","20551","17","3","3","1","2","0","2","1","1","0"
"20552","82776401","20552","11","2","1","7","6","0","2","1","1","0"
"20553","82776401","20553","11","1","1","7","5","0","1","1","1","0"
"20554","82776401","20554","11","1","1","7","6","0","1","1","1","0"
"20555","82776402","20555","16","3","3","2","4","0","1","1","1","0"
"20556","82776402","20556","14","1","1","7","5","0","1","0","1","0"
"20557","82776406","20557","71","1","1","7","6","0","1","1","1","0"
"20558","82776407","20558","14","1","3","2","6","0","2","1","1","0"
"20559","82776510","20559","19","1","1","7","6","0","2","0","1","0"
"20560","82776516","20560","35","1","1","7","3","0","1","1","1","0"
"20561","82777101","20561","17","3","1","4","2","1","0","1","2","0"
"20562","82777101","20562","17","1","1","7","2","0","1","1","1","0"
"20563","82777101","20563","16","1","1","7","6","0","2","0","1","0"
"20564","82777202","20564","72","1","1","7","6","1","0","1","2","0"
"20565","82777202","20565","14","1","1","7","4","1","0","1","2","0"
"20566","82777202","20566","17","2","3","2","2","0","1","1","1","0"
"20567","82777202","20567","14","1","1","7","6","2","0","1","2","0"
"20568","82777202","20568","17","1","1","7","2","1","0","1","2","0"
"20569","82781503","20569","14","1","1","7","6","0","1","1","1","0"
"20570","82784104","20570","14","1","1","7","6","0","2","0","1","0"
"20571","82784410","20571","35","1","1","7","4","0","1","1","1","0"
"20572","82784410","20572","11","1","3","2","6","0","1","1","1","0"
"20573","82785209","20573","19","1","3","1","6","0","1","1","1","0"
"20574","82785309","20574","13","1","1","7","6","0","1","1","1","0"
"20575","82785309","20575","16","1","1","7","4","0","1","1","1","0"
"20576","82785309","20576","16","1","1","7","6","0","1","1","1","0"
"20577","82785309","20577","19","2","1","7","6","2","4","0","2","0"
"20578","82785309","20578","51","3","7","7","7","1","0","1","2","0"
"20579","82785309","20579","51","1","1","7","6","1","0","2","2","0"
"20580","82785401","20580","35","1","1","7","3","0","1","1","1","0"
"20581","82787302","2467","16","1","1","7","6","0","1","1","1","0"
"20582","82787302","20582","13","1","1","7","6","0","1","1","1","0"
"20583","82787302","20583","11","1","2","1","7","0","1","1","1","0"
"20584","82791104","20584","14","1","1","1","6","0","1","1","1","0"
"20585","82791207","20585","20","4","1","7","6","0","1","1","1","0"
"20586","82791304","20586","14","1","1","7","6","0","1","1","1","0"
"20587","82791403","20587","32","1","1","7","6","0","1","1","1","0"
"20588","82791409","20588","32","1","1","7","7","0","0","1","3","0"
"20589","82792104","20589","17","1","1","7","4","0","1","2","1","0"
"20590","82792107","20590","14","3","3","2","6","0","1","1","1","0"
"20591","82792110","20591","16","1","1","7","6","0","1","1","1","0"
"20592","82792110","20592","16","1","1","7","6","0","2","0","1","0"
"20593","82792304","20593","52","3","1","7","0","0","1","0","1","0"
"20594","82792304","20594","21","1","1","7","3","0","1","1","1","0"
"20595","82792504","20595","12","1","1","2","9","0","1","0","1","0"
"20596","82792504","20596","11","3","1","7","6","0","1","2","1","0"
"20597","82792504","20597","11","1","1","7","6","1","0","1","2","0"
"20598","82792504","20598","11","1","1","7","6","0","1","1","1","0"
"20599","82792504","20599","11","1","1","7","6","0","1","1","1","0"
"20600","82792504","20600","42","1","1","7","6","0","1","1","1","0"
"20601","82792504","20601","15","3","1","7","6","1","0","4","2","0"
"20602","82792504","20602","71","1","3","2","6","1","0","1","2","0"
"20603","82792504","20603","11","1","1","7","6","0","1","1","1","0"
"20604","82792504","20604","11","3","1","1","6","0","1","1","1","0"
"20605","82792504","20605","51","1","1","7","6","0","1","2","1","0"
"20606","82792504","20606","81","3","1","7","0","0","1","0","1","0"
"20607","82792504","20607","11","1","3","2","6","0","1","1","1","0"
"20608","82792504","12208","17","1","1","7","2","0","1","1","1","0"
"20609","82792504","20609","42","1","1","7","6","0","1","0","1","0"
"20610","82792504","20610","11","1","3","1","6","0","1","0","1","0"
"20611","82792504","20611","12","3","1","7","4","0","2","0","1","0"
"20612","82792509","20612","42","1","1","7","6","0","1","1","1","0"
"20613","82792509","20613","42","1","1","7","6","0","1","1","1","0"
"20614","82792510","20614","11","3","1","7","6","1","3","0","2","0"
"20615","82792510","20615","11","1","1","7","6","0","1","1","1","0"
"20616","82792510","20616","42","3","3","1","6","0","1","1","1","0"
"20617","82792510","20617","81","1","1","7","9","1","0","0","2","0"
"20618","82792510","20618","51","1","1","7","6","0","1","1","1","0"
"20619","82793103","20619","41","1","1","7","6","0","1","1","1","0"
"20620","82793203","20620","51","1","3","1","6","0","1","5","1","0"
"20621","82793203","20621","14","1","1","7","6","0","2","0","1","0"
"20622","82793203","20622","14","1","3","2","6","0","1","1","1","0"
"20623","82793203","20623","14","1","1","7","6","0","1","3","1","0"
"20624","82793203","20624","14","2","3","2","4","0","1","1","1","0"
"20625","82793203","20625","14","1","1","1","7","0","1","2","1","0"
"20626","82793203","20626","14","3","1","7","6","0","1","2","1","0"
"20627","82793203","20627","14","1","1","7","6","0","1","1","1","0"
"20628","82793203","20628","71","5","1","7","6","1","0","0","2","0"
"20629","82793203","20629","17","1","3","1","2","1","0","1","2","0"
"20630","82793405","20630","72","3","1","7","6","0","1","1","1","0"
"20631","82793505","20631","42","1","1","7","6","0","1","1","1","0"
"20632","82793505","20632","52","3","3","2","6","1","0","1","2","0"
"20633","82794208","20633","21","1","3","2","6","0","1","0","1","0"
"20634","82795503","20634","11","1","1","7","6","0","1","1","1","0"
"20635","82795503","20635","51","3","1","4","6","0","2","0","1","0"
"20636","82795503","20636","11","1","1","7","6","0","1","1","1","0"
"20637","82795503","20637","51","1","1","7","6","0","3","1","1","0"
"20638","82795503","20638","17","1","1","7","4","0","1","1","1","0"
"20639","82795503","20639","71","3","3","1","6","0","1","1","1","0"
"20640","82795503","20640","51","1","3","2","6","0","1","2","1","0"
"20641","82795503","20641","42","1","1","7","6","0","1","1","1","0"
"20642","82795503","20642","71","1","1","7","6","0","1","1","1","0"
"20643","82795503","20643","11","3","1","7","6","1","0","1","2","0"
"20644","82795503","20644","51","1","1","1","6","0","1","1","1","0"
"20645","82795503","20645","51","1","3","2","6","0","1","1","1","0"
"20646","82795503","20646","11","1","1","7","6","0","1","1","1","0"
"20647","82795503","20647","11","1","3","2","6","0","1","1","1","0"
"20648","82795503","20648","11","3","1","7","6","1","0","1","2","0"
"20649","82795503","20649","11","3","1","1","2","1","0","0","2","0"
"20650","82795503","20650","11","1","1","7","6","0","1","2","1","0"
"20651","82795503","20651","11","1","3","1","6","1","1","0","2","0"
"20652","82795503","20652","11","3","1","1","6","0","1","1","1","0"
"20653","82795503","20653","43","1","1","7","4","0","1","1","1","0"
"20654","82795503","20654","11","1","3","1","6","0","2","0","1","0"
"20655","82797504","20655","51","3","3","2","6","0","1","2","1","0"
"20656","82797504","20656","41","1","7","2","3","1","0","1","2","0"
"20657","82797504","20657","52","1","1","7","6","1","1","0","2","0"
"20658","82797504","20658","11","3","3","2","2","1","2","0","2","0"
"20659","82797504","20659","72","3","1","7","9","0","1","0","3","0"
"20660","82797504","20660","18","1","1","7","6","0","1","1","1","0"
"20661","82797504","20661","72","3","4","2","9","1","0","0","2","0"
"20662","82797504","20662","51","3","3","1","6","0","3","3","1","0"
"20663","82797504","20663","51","3","1","7","6","0","4","2","1","0"
"20664","82797504","20664","51","1","2","2","6","0","1","1","1","0"
"20665","82797504","20665","51","1","1","2","6","1","1","1","2","0"
"20666","82797504","20666","11","1","1","7","6","0","1","1","1","0"
"20667","82797504","20667","11","1","1","7","6","1","0","1","2","0"
"20668","82797504","20668","51","3","3","1","6","0","1","0","1","0"
"20669","82797504","20669","41","1","1","7","6","0","1","1","1","0"
"20670","82797504","20670","42","1","2","1","6","0","2","0","3","0"
"20671","82797504","20671","51","3","3","1","6","0","2","1","1","0"
"20672","82797504","20672","11","1","3","1","6","0","1","1","1","0"
"20673","82797504","20673","16","2","1","1","6","1","0","1","2","0"
"20674","82797504","20674","51","1","1","7","6","0","1","6","1","0"
"20675","82797504","20675","51","3","3","1","6","0","1","1","1","0"
"20676","82797504","20676","51","3","3","1","6","0","4","4","1","0"
"20677","82797504","20677","51","1","3","1","6","0","2","2","1","0"
"20678","82797504","20678","51","2","3","1","6","0","1","7","1","0"
"20679","82797504","20679","51","3","1","7","6","0","3","1","1","0"
"20680","82797504","20680","51","1","3","1","6","0","2","1","1","0"
"20681","82797504","20681","51","1","1","7","6","0","1","2","1","0"
"20682","82797504","20682","11","3","3","1","6","0","1","1","1","0"
"20683","82797504","20683","81","3","1","7","6","0","0","1","3","0"
"20684","82797506","20684","15","1","1","7","6","0","1","1","1","0"
"20685","82797507","20685","14","1","1","7","6","0","2","0","1","0"
"20686","82797507","20686","18","1","1","7","5","0","1","1","1","0"
"20687","82801207","20687","14","1","1","7","6","0","1","1","1","0"
"20688","82801207","20688","13","1","1","2","4","1","0","1","2","0"
"20689","82801207","20689","13","1","1","7","4","0","1","1","1","0"
"20690","82801405","20690","22","1","1","7","6","0","1","1","1","0"
"20691","82801407","20691","17","1","1","7","2","0","1","1","1","0"
"20692","82801407","20692","86","1","1","7","3","0","1","1","1","0"
"20693","82801502","20693","14","1","1","7","6","0","1","0","1","0"
"20694","82802201","20694","13","3","1","7","6","0","1","1","1","0"
"20695","82802201","20695","13","1","3","2","6","0","1","1","1","0"
"20696","82802201","20696","13","1","1","7","4","0","1","1","1","0"
"20697","82802201","20697","13","1","1","7","6","0","1","3","1","0"
"20698","82802201","20698","13","1","1","7","6","0","5","0","1","0"
"20699","82802201","20699","13","1","1","7","6","0","1","0","1","0"
"20700","82802201","20700","13","1","1","7","6","1","0","2","2","0"
"20701","82802201","20701","52","3","3","1","7","1","0","1","2","0"
"20702","82802201","20702","13","1","3","1","6","0","4","0","1","0"
"20703","82802201","20703","13","5","3","1","6","0","2","1","1","0"
"20704","82802201","20704","13","1","1","7","6","0","2","0","1","0"
"20705","82802201","20705","13","1","1","7","6","0","2","0","1","0"
"20706","82802201","20706","13","1","1","7","8","0","1","2","1","0"
"20707","82802201","20707","51","2","1","7","6","1","1","1","2","0"
"20708","82802201","20708","13","3","1","2","3","0","1","1","1","0"
"20709","82803101","20709","41","1","1","7","6","1","0","1","2","0"
"20710","82803101","20710","17","1","1","7","2","0","1","1","3","0"
"20711","82804104","20711","13","1","1","1","6","0","2","0","1","0"
"20712","82804104","20712","13","1","3","2","6","0","2","1","1","0"
"20713","82804402","20713","43","1","1","1","6","0","4","0","1","0"
"20714","82804402","20714","43","1","1","7","6","0","1","1","1","0"
"20715","82804402","20715","41","1","1","7","4","0","2","0","1","0"
"20716","82804402","20716","14","3","1","7","9","2","0","0","2","0"
"20717","82804402","20717","51","3","3","1","6","0","1","3","1","0"
"20718","82804402","20718","11","3","1","7","6","1","0","1","2","0"
"20719","82804402","20719","21","1","1","7","6","0","1","2","1","0"
"20720","82804402","20720","11","1","1","1","6","0","3","0","1","0"
"20721","82804402","20721","15","1","1","7","6","0","1","1","1","0"
"20722","82804402","20722","52","1","1","7","7","0","1","1","1","0"
"20723","82804402","20723","11","1","3","1","6","1","0","1","2","0"
"20724","82804402","20724","15","2","1","7","6","0","2","0","1","0"
"20725","82804402","19943","42","1","1","1","6","0","1","0","1","0"
"20726","82804402","20726","43","1","1","7","6","1","1","1","2","0"
"20727","82804402","20727","11","1","1","7","6","0","2","0","1","0"
"20728","82804402","20728","12","1","1","7","9","1","0","0","2","0"
"20729","82804402","20729","15","1","3","2","6","0","1","1","1","0"
"20730","82804402","20730","51","3","1","7","6","0","1","1","1","0"
"20731","82804402","20731","86","1","4","1","2","0","1","1","1","0"
"20732","82804402","20732","23","3","1","7","6","0","1","1","1","0"
"20733","82804402","20733","43","1","1","7","4","0","1","1","1","0"
"20734","82804402","20734","15","1","1","7","7","0","1","1","1","0"
"20735","82804402","20735","11","4","1","7","6","0","1","0","1","0"
"20736","82804402","20736","17","3","3","2","2","0","1","1","1","0"
"20737","82804402","20737","52","3","3","2","0","0","2","0","3","0"
"20738","82804402","20738","43","1","1","7","6","0","1","0","1","0"
"20739","82804402","20739","51","1","1","7","6","0","3","0","1","0"
"20740","82804402","20740","43","3","1","1","4","0","1","1","1","0"
"20741","82804402","20741","11","1","1","7","6","0","1","1","1","0"
"20742","82804402","20742","11","3","1","7","6","0","2","0","1","0"
"20743","82804402","20743","11","1","1","7","6","0","1","1","1","0"
"20744","82804402","20744","43","1","1","7","6","2","0","0","2","0"
"20745","82804402","20745","43","1","1","7","6","0","1","1","1","0"
"20746","82804402","20746","12","3","1","7","9","1","0","0","2","0"
"20747","82804402","20747","43","3","1","7","4","0","1","1","1","0"
"20748","82804402","20748","11","3","1","7","6","0","0","1","3","0"
"20749","82804402","20749","16","1","1","1","6","0","3","0","1","0"
"20750","82804402","20750","11","1","1","7","6","0","1","1","1","0"
"20751","82804402","20751","11","3","3","1","6","1","0","1","2","0"
"20752","82804402","20752","11","1","1","7","6","0","2","0","1","0"
"20753","82804402","20753","42","1","1","7","6","0","1","1","1","0"
"20754","82804402","20754","11","1","1","7","6","1","0","1","2","0"
"20755","82804402","20755","16","2","1","7","6","1","0","1","2","0"
"20756","82804402","20756","11","1","1","2","6","0","1","1","1","0"
"20757","82804402","20757","11","2","6","7","6","0","1","0","1","0"
"20758","82804410","20758","43","1","1","7","4","1","0","1","2","0"
"20759","82804410","20759","11","1","1","7","6","0","2","0","1","0"
"20760","82805402","20760","14","1","3","2","6","0","2","0","1","0"
"20761","82805402","20761","14","1","3","1","6","0","1","1","1","0"
"20762","82805402","20762","14","1","2","2","4","0","1","1","1","0"
"20763","82805402","20763","14","1","1","7","4","0","1","1","1","0"
"20764","82805413","20764","14","1","1","7","6","0","1","1","1","0"
"20765","82807503","20765","13","1","2","1","6","0","2","1","1","0"
"20766","82812403","20766","17","1","1","7","3","0","1","1","1","0"
"20767","82812403","20767","17","1","1","7","3","0","1","1","1","0"
"20768","82812403","20768","17","1","1","7","3","0","1","1","1","0"
"20769","82812506","20769","14","1","3","2","6","0","1","1","1","0"
"20770","82813501","20770","13","3","1","7","3","0","1","1","1","0"
"20771","82813502","20771","16","2","1","7","6","0","1","1","1","0"
"20772","82815213","20772","41","1","3","2","6","0","1","1","1","0"
"20773","82815213","20773","11","3","1","7","6","0","1","1","1","0"
"20774","82815213","20774","11","3","3","1","6","0","1","2","1","0"
"20775","82816303","20775","16","1","2","2","4","0","1","1","1","0"
"20776","82816303","20776","72","1","2","2","9","1","0","0","2","0"
"20777","82816303","20777","11","3","1","7","6","1","0","1","2","0"
"20778","82816303","20778","11","1","1","7","6","0","1","1","1","0"
"20779","82816303","20779","41","1","1","7","6","1","3","0","2","0"
"20780","82816303","20780","11","1","1","7","6","0","1","1","1","0"
"20781","82816303","20781","71","1","1","7","6","0","1","1","1","0"
"20782","82816303","20782","51","3","1","1","6","1","4","0","2","0"
"20783","82816303","20783","51","1","1","7","6","0","1","2","1","0"
"20784","82816303","20784","11","1","1","7","6","0","1","1","1","0"
"20785","82816303","20785","52","1","1","7","0","0","1","0","1","0"
"20786","82816303","20786","42","1","1","7","6","0","3","0","1","0"
"20787","82816303","20787","19","1","7","7","6","0","1","1","1","0"
"20788","82816303","20788","19","1","1","7","6","0","2","0","1","0"
"20789","82816303","20789","19","3","1","7","6","2","0","0","2","0"
"20790","82816303","20790","41","4","2","1","9","1","0","0","2","0"
"20791","82816303","20791","11","4","1","7","6","0","2","3","1","0"
"20792","82816303","20792","11","1","1","7","5","0","1","0","3","0"
"20793","82816303","20793","11","1","3","1","6","0","1","1","1","0"
"20794","82816303","20794","51","1","1","7","6","0","2","1","1","0"
"20795","82816303","20795","11","1","1","7","5","0","2","0","1","0"
"20796","82816303","20796","42","3","3","2","6","0","1","1","1","0"
"20797","82816308","20797","41","1","1","7","6","0","1","1","1","0"
"20798","82816308","20798","11","3","2","1","6","1","0","1","2","0"
"20799","82816308","20799","51","1","1","7","6","1","0","1","2","0"
"20800","82816308","20800","11","1","1","7","6","0","1","1","1","0"
"20801","82816308","20801","11","1","1","7","6","0","1","1","1","0"
"20802","82816310","20802","11","1","1","7","6","0","1","4","1","0"
"20803","82816310","20803","11","3","1","2","6","0","6","0","1","0"
"20804","82822207","20804","13","4","1","2","6","0","2","4","1","0"
"20805","82822207","20805","51","5","3","2","6","0","1","1","1","0"
"20806","82822207","20806","52","3","6","1","0","0","1","0","1","0"
"20807","82822207","20807","13","1","1","7","6","0","1","1","1","0"
"20808","82822207","20808","31","1","1","7","4","1","0","1","2","0"
"20809","82822207","20809","13","1","1","7","4","0","1","1","1","0"
"20810","82822207","20810","13","1","1","7","6","0","3","0","1","0"
"20811","82822207","20811","13","1","1","7","5","0","1","1","1","0"
"20812","82826304","20812","17","1","1","7","2","0","1","1","1","0"
"20813","82826307","20813","13","3","1","1","6","0","1","1","1","0"
"20814","82826307","20814","36","1","3","1","6","0","2","1","1","0"
"20815","82827205","20815","13","3","2","2","6","0","1","0","1","0"
"20816","82827304","20816","16","1","1","7","6","0","2","1","1","0"
"20817","82827304","20817","13","1","1","7","6","0","1","1","1","0"
"20818","82827304","20818","16","1","1","7","6","0","1","1","1","0"
"20819","82827304","20819","19","1","1","7","3","0","1","2","1","0"
"20820","82827304","20820","52","1","1","7","0","0","1","2","1","0"
"20821","82841104","4910","17","1","1","7","2","0","1","1","1","0"
"20822","82841104","20822","11","1","1","7","6","0","1","1","1","0"
"20823","82841104","20823","13","1","1","7","4","0","1","1","1","0"
"20824","82841212","20824","13","1","3","1","4","0","1","1","1","0"
"20825","82843406","20825","52","1","1","6","0","3","0","0","2","0"
"20826","82843406","20826","23","1","1","7","4","0","1","1","1","0"
"20827","82843406","10155","16","1","1","7","6","0","3","0","1","0"
"20828","82843406","20828","16","3","1","7","4","0","1","1","1","0"
"20829","82843406","20829","51","1","1","7","6","0","3","1","1","0"
"20830","82843507","20830","71","1","1","7","6","0","1","1","1","0"
"20831","82844502","20831","11","1","1","2","6","1","2","0","2","0"
"20832","82844502","20832","16","1","1","7","6","1","0","2","2","0"
"20833","82844502","20833","16","3","1","7","6","0","4","0","1","0"
"20834","82844502","20834","16","1","1","7","4","1","0","1","2","0"
"20835","82844504","20835","31","1","1","7","7","0","0","1","3","0"
"20836","82844504","20836","19","1","1","7","5","1","0","1","2","0"
"20837","82854205","20837","51","1","1","7","6","0","1","1","1","0"
"20838","82854508","20838","13","3","1","7","4","0","1","1","1","0"
"20839","82854512","20839","16","1","1","7","6","0","1","2","1","0"
"20840","82854512","20840","11","1","1","7","4","1","0","1","2","0"
"20841","82854512","20841","16","1","1","7","6","0","1","1","1","0"
"20842","82854512","20842","16","3","3","2","6","0","1","2","1","0"
"20843","82854512","20843","81","3","1","7","0","0","1","0","1","0"
"20844","82854512","20844","81","3","1","7","6","0","2","0","1","0"
"20845","82854512","20845","11","1","1","7","6","2","1","0","2","0"
"20846","82854512","20846","11","3","1","7","6","0","1","1","1","0"
"20847","82854512","20847","52","3","1","7","0","1","3","0","2","0"
"20848","82854512","20848","11","1","1","7","6","2","3","0","2","0"
"20849","82861302","20849","31","1","1","7","6","1","0","1","2","0"
"20850","82862203","20850","13","3","2","2","6","0","2","0","1","0"
"20851","82862203","20851","71","3","3","1","6","2","0","1","2","0"
"20852","82865202","20852","13","3","1","1","3","0","1","1","1","0"
"20853","82865202","20853","13","1","3","2","6","0","3","1","1","0"
"20854","82865202","20854","52","5","1","7","0","1","0","0","2","0"
"20855","82865211","12433","32","1","1","7","6","0","1","1","1","0"
"20856","82876303","20856","52","1","1","7","0","0","1","0","1","0"
"20857","82876410","20857","16","1","1","7","6","1","2","0","2","0"
"20858","82877502","20858","63","3","1","1","6","0","5","1","1","0"
"20859","82877502","20859","17","1","1","7","1","0","1","1","1","0"
"20860","82877502","20860","71","1","1","7","6","0","1","1","1","0"
"20861","82877503","20861","19","1","3","1","6","0","1","1","1","0"
"20862","82887102","20862","52","3","1","1","0","1","0","1","2","0"
"20863","82887102","20863","31","2","3","1","6","0","1","1","1","0"
"20864","82887105","20864","52","3","1","7","0","0","2","0","1","0"
"20865","82887105","20865","11","3","1","7","6","0","1","2","1","0"
"20866","82887105","5556","35","1","1","7","3","1","0","1","2","0"
"20867","82887105","20867","16","1","1","6","6","0","3","1","1","0"
"20868","82887105","20868","11","1","1","7","6","0","2","4","1","0"
"20869","82887105","20869","17","1","3","2","2","0","1","1","1","0"
"20870","82887105","20870","81","3","1","1","6","0","1","1","1","0"
"20871","82887105","20871","51","2","1","7","6","0","1","1","1","0"
"20872","82887105","20872","11","1","1","7","6","0","1","1","1","0"
"20873","82887105","20873","11","3","1","7","6","0","1","1","1","0"
"20874","82887105","20874","11","1","1","1","6","0","3","1","1","0"
"20875","82887105","20875","81","3","1","7","5","1","1","0","2","0"
"20876","82887105","20876","11","1","1","1","6","0","2","3","1","0"
"20877","82887105","20877","11","2","1","7","6","0","2","0","1","0"
"20878","82887105","20878","11","3","1","7","7","0","3","0","1","0"
"20879","82887105","20879","41","3","3","1","6","0","1","4","1","0"
"20880","82887105","20880","11","3","1","1","9","0","1","6","1","0"
"20881","82896405","20881","14","1","3","7","4","0","1","1","1","0"
"20882","82897501","20882","35","1","1","7","4","1","0","1","2","0"
"20883","82903302","20883","13","1","1","1","3","0","2","2","1","0"
"20884","82906113","20884","41","1","1","7","6","0","1","2","1","0"
"20885","82907110","20885","14","1","1","6","6","0","1","1","1","0"
"20886","82907110","20886","19","1","1","1","6","0","1","1","1","0"
"20887","82907110","20887","19","1","1","7","6","0","1","1","1","0"
"20888","82912202","20888","31","1","1","7","4","0","2","0","1","0"
"20889","82923403","20889","82","1","1","7","0","0","1","0","1","0"
"20890","82923403","20890","16","1","1","7","6","0","1","0","1","0"
"20891","82923403","20891","16","3","1","7","6","0","1","1","1","0"
"20892","82923403","20892","51","1","1","1","7","0","1","1","1","0"
"20893","82925401","13763","13","1","1","1","6","0","1","1","1","0"
"20894","82925411","20894","14","1","1","7","4","1","0","1","2","0"
"20895","82925411","20895","14","1","1","7","3","0","1","1","1","0"
"20896","82926302","20896","11","1","1","7","6","0","1","2","1","0"
"20897","82926302","20897","35","2","1","7","5","1","0","1","2","0"
"20898","82926307","20898","13","3","7","2","3","0","1","1","1","0"
"20899","82926307","20899","52","1","1","7","6","0","2","0","1","0"
"20900","82926307","20900","16","1","1","7","6","0","1","2","1","0"
"20901","82926307","20901","16","1","1","7","6","0","0","2","0","0"
"20902","82926307","20902","16","1","1","7","6","0","3","0","1","0"
"20903","82926307","20903","41","1","1","7","6","0","1","1","1","0"
"20904","82926307","20904","11","1","1","7","4","0","1","1","1","0"
"20905","82926307","20905","11","1","1","7","7","0","1","1","1","0"