"accident_id","lieu_id","date_id","cause_id","lum_id","intemp_id","etat_surface_id","impliq_id","nb_blesses_graves","nb_blesses_legers","nb_indemnes","gravite","nb_morts"
"20906","82926307","20906","11","3","1","1","6","0","8","0","1","0"
"20907","82927403","20907","16","3","1","7","6","1","1","2","2","0"
"20908","82927403","20908","11","1","1","2","6","0","1","1","1","0"
"20909","82927403","20909","15","1","1","7","6","0","2","1","1","0"
"20910","82927403","20910","11","3","3","2","6","1","0","1","2","0"
"20911","82927403","20911","16","1","1","7","6","0","1","1","1","0"
"20912","82927403","20912","11","1","1","7","6","0","3","0","1","0"
"20913","82927403","2359","11","1","1","7","6","0","1","1","1","0"
"20914","82935102","20914","17","1","1","7","1","0","1","1","1","0"
"20915","82935102","20915","71","1","1","7","6","0","1","1","1","0"
"20916","82935102","20916","71","3","2","2","6","0","1","1","1","0"
"20917","82936204","20917","25","3","1","7","6","1","0","1","2","0"
"20918","82936204","20918","52","3","1","7","0","0","1","0","1","0"
"20919","82936204","20919","52","3","1","1","0","0","0","0","3","0"
"20920","83674303","20920","52","1","1","7","6","0","0","1","3","0"
"20921","83686102","20921","21","1","1","7","6","0","1","1","1","0"
"20922","83687205","20922","13","1","1","7","5","1","0","1","2","0"
"20923","83704102","20923","31","1","1","7","7","0","1","1","1","0"
"20924","83706403","20924","14","1","1","7","6","0","1","1","1","0"
"20925","83706403","20925","14","1","1","7","6","0","2","0","1","0"
"20926","83711302","20926","13","3","1","7","5","0","1","1","1","0"
"20927","83711406","20927","13","1","1","7","4","0","1","1","1","0"
"20928","83725205","20928","16","1","1","7","4","0","0","1","3","0"
"20929","83725205","20929","18","1","1","7","5","0","2","0","1","0"
"20930","83733502","13681","16","1","1","7","6","0","1","1","1","0"
"20931","83733502","20931","51","1","1","7","6","0","2","1","1","0"
"20932","83734306","20932","81","3","1","7","6","0","2","0","1","0"
"20933","83735208","20933","16","1","1","7","6","0","1","1","1","0"
"20934","83736107","20934","13","3","1","7","5","1","0","1","2","0"
"20935","83736107","20935","16","1","7","1","6","0","1","1","1","0"
"20936","83736107","20936","51","1","1","7","6","0","2","2","1","0"
"20937","83736107","20937","13","3","1","7","6","0","1","2","1","0"
"20938","83736107","20938","13","1","1","7","3","0","1","1","1","0"
"20939","83736107","20939","13","1","1","7","4","0","1","2","1","0"
"20940","83741210","20940","64","1","1","7","6","0","1","1","1","0"
"20941","83741301","20941","71","5","1","7","6","0","1","1","1","0"
"20942","83741304","20942","16","1","1","7","6","1","0","1","2","0"
"20943","83741304","20943","16","1","1","7","6","1","0","1","2","0"
"20944","83741304","20944","52","4","1","7","0","1","0","0","2","0"
"20945","83741304","20945","22","1","1","7","6","1","0","1","2","0"
"20946","83741304","20946","15","5","1","1","6","0","3","0","1","0"
"20947","83741304","20947","16","4","1","1","6","0","2","0","1","0"
"20948","83741304","20948","16","5","2","2","5","1","0","1","2","0"
"20949","83741304","20949","11","2","1","7","6","0","3","0","1","0"
"20950","83741304","20950","16","2","2","2","6","0","2","0","1","0"
"20951","83741304","20951","42","1","3","2","6","0","1","1","1","0"
"20952","83741304","20952","11","1","1","7","6","0","1","1","1","0"
"20953","83741304","20953","42","2","1","2","6","0","3","0","1","0"
"20954","83741304","20954","12","1","1","7","6","1","2","0","2","0"
"20955","83741304","20955","12","1","1","7","6","0","4","4","1","0"
"20956","83741304","20956","51","1","1","7","6","0","3","0","1","0"
"20957","83741304","20957","81","2","1","7","6","0","1","1","1","0"
"20958","83741304","4216","11","3","3","1","6","0","2","1","1","0"
"20959","83741304","20959","51","1","1","7","6","0","1","3","1","0"
"20960","83741304","20960","16","1","3","2","6","0","1","1","1","0"
"20961","83742101","20961","14","1","3","2","3","0","1","1","1","0"
"20962","83742202","20962","11","1","1","7","6","1","0","2","2","0"
"20963","83742202","20963","16","2","3","2","6","0","1","1","1","0"
"20964","83742202","20964","51","1","1","7","6","0","1","1","1","0"
"20965","83743109","20965","13","2","1","7","6","0","1","2","1","0"
"20966","83743109","20966","13","1","6","2","6","0","1","1","1","0"
"20967","83743109","20967","52","3","1","7","0","0","1","1","1","0"
"20968","83743109","20968","41","1","1","7","6","1","0","2","2","0"
"20969","83743109","20969","71","1","1","7","6","0","1","1","1","0"
"20970","83744304","20970","16","1","1","7","5","1","0","1","2","0"
"20971","83744502","20971","19","1","2","2","4","1","0","1","2","0"
"20972","83745102","20972","51","1","3","2","6","1","0","1","2","0"
"20973","83745102","20973","13","2","1","7","6","2","0","0","2","0"
"20974","83745102","20974","18","1","1","7","6","0","1","1","1","0"
"20975","83745102","20975","15","1","1","7","6","0","2","1","1","0"
"20976","83745306","20976","17","5","3","2","2","0","1","1","1","0"
"20977","83745408","20977","13","1","1","7","6","0","2","0","1","0"
"20978","83746304","20978","71","1","1","1","6","1","1","1","2","0"
"20979","83746411","20979","19","1","1","7","5","1","0","2","2","0"
"20980","83747210","20980","16","3","1","7","6","0","2","0","1","0"
"20981","83747210","20981","16","1","3","1","6","0","2","1","3","2"
"20982","83747210","20982","16","1","1","7","6","0","4","0","1","0"
"20983","83747213","20983","51","1","1","1","6","1","0","1","2","0"
"20984","83747213","20984","23","1","1","7","7","1","0","1","2","0"
"20985","83747213","20985","42","1","1","7","7","0","1","1","1","0"
"20986","83747213","20986","81","3","1","7","6","1","1","0","2","0"
"20987","83747213","20987","16","1","1","1","6","0","3","0","1","0"
"20988","83747213","20988","52","1","2","1","5","0","2","1","1","0"
"20989","83747213","20989","11","3","3","2","6","0","1","1","1","0"
"20990","83747304","20990","19","1","3","1","4","0","1","1","1","0"
"20991","83747310","20991","51","1","1","2","5","2","0","1","2","0"
"20992","83747310","20992","11","1","1","7","6","0","2","1","1","0"
"20993","83747310","20993","32","1","1","7","7","0","1","1","1","0"
"20994","83747311","20994","11","1","1","7","6","0","1","3","1","0"
"20995","83747311","20995","11","1","1","7","6","0","1","2","1","0"
"20996","83747311","20996","11","3","3","1","6","0","2","1","1","0"
"20997","83747311","20997","11","3","1","2","6","0","1","2","1","0"
"20998","83747311","20998","11","3","1","7","6","0","2","1","1","0"
"20999","83747311","20999","11","1","1","7","3","0","1","1","1","0"
"21000","83747312","6868","17","2","1","7","1","0","0","1","3","0"
"21001","83747312","21001","19","1","1","3","6","0","2","3","1","0"
"21002","83747312","21002","11","1","1","7","6","0","3","1","1","0"
"21003","83747312","21003","11","1","1","1","6","1","1","0","2","0"
"21004","83747312","21004","11","1","1","7","6","1","0","1","2","0"
"21005","83747312","21005","14","1","1","2","6","0","1","1","1","0"
"21006","83747312","21006","19","1","1","7","6","0","2","2","1","0"
"21007","83747312","21007","19","2","1","7","6","0","3","0","1","0"
"21008","83747312","21008","81","1","3","2","6","1","1","1","2","0"
"21009","83747312","21009","11","1","1","7","6","0","1","1","1","0"
"21010","83747312","21010","11","3","1","7","6","0","1","2","1","0"
"21011","83747312","21011","11","1","1","7","8","0","6","9","1","0"
"21012","83747312","21012","18","1","1","7","6","0","4","0","1","0"
"21013","83747312","21013","18","2","1","7","6","0","1","2","1","0"
"21014","83747312","21014","11","1","1","7","6","0","2","1","1","0"
"21015","83747312","21015","41","3","1","7","6","1","0","1","2","0"
"21016","83747312","21016","11","1","3","2","6","0","1","1","1","0"
"21017","83747313","21017","11","2","1","7","6","0","0","3","3","1"
"21018","83747313","21018","11","1","1","7","6","0","1","2","1","0"
"21019","83747313","21019","11","1","1","7","6","0","1","1","1","0"
"21020","83747507","21020","17","1","1","7","2","1","0","1","2","0"
"21021","83747520","21021","11","3","1","7","6","0","1","1","1","0"
"21022","83747520","21022","18","1","1","7","5","1","0","1","2","0"
"21023","83747520","21023","16","1","1","7","5","0","1","1","1","0"
"21024","83747520","21024","16","1","1","7","5","0","2","1","1","0"
"21025","83747520","21025","11","3","1","2","6","0","1","1","1","0"
"21026","83747521","21026","81","1","1","7","6","0","1","1","1","0"
"21027","83747521","21027","18","1","1","7","6","0","1","1","1","0"
"21028","83747521","21028","11","1","1","1","6","0","5","3","1","0"
"21029","83747521","21029","11","1","3","1","6","1","1","1","2","0"
"21030","83747521","2467","11","1","1","7","6","2","2","2","2","0"
"21031","83747521","21031","17","1","1","7","2","0","1","1","1","0"
"21032","83747521","21032","17","3","1","7","2","0","1","1","1","0"
"21033","83747521","21033","12","1","1","7","6","0","2","3","1","0"
"21034","83747521","21034","81","3","3","1","6","0","0","1","3","0"
"21035","83751204","21035","19","1","3","2","6","0","1","1","1","0"
"21036","83751204","21036","19","5","2","1","6","0","1","1","1","0"
"21037","83751403","21037","52","1","1","7","1","1","1","1","2","0"
"21038","83751403","21038","17","1","1","7","2","1","0","1","2","0"
"21039","83751404","21039","35","3","3","1","3","0","1","1","1","0"
"21040","83752205","21040","17","1","1","7","4","0","1","1","1","0"
"21041","83752210","21041","72","1","1","7","6","0","1","1","1","0"
"21042","83752210","21042","52","1","1","7","7","1","0","1","2","0"
"21043","83752406","21043","16","1","2","1","6","0","1","1","1","0"
"21044","83752406","21044","52","1","1","7","0","1","0","0","2","0"
"21045","83752406","21045","16","5","1","7","3","0","1","1","1","0"
"21046","83752406","21046","16","1","1","7","6","0","1","2","1","0"
"21047","83752406","21047","16","1","1","7","6","0","2","0","1","0"
"21048","83752406","21048","16","1","1","7","4","0","1","1","1","0"
"21049","83753205","21049","51","4","1","7","6","0","1","1","1","0"
"21050","83753205","21050","35","1","1","7","3","1","0","1","2","0"
"21051","83753324","21051","14","1","1","7","6","0","1","1","1","0"
"21052","83753324","21052","19","3","1","2","6","1","1","1","2","0"
"21053","83753324","21053","19","1","1","7","6","0","1","1","1","0"
"21054","83753324","21054","19","3","1","7","3","0","1","1","1","0"
"21055","83753324","21055","19","1","1","7","6","0","1","1","1","0"
"21056","83753326","21056","19","1","1","7","5","0","1","1","1","0"
"21057","83754202","21057","14","1","1","7","4","0","1","1","1","0"
"21058","83754202","21058","42","1","1","7","5","0","1","1","1","0"
"21059","83754202","21059","51","1","1","7","6","0","1","1","1","0"
"21060","83754305","21060","71","1","1","7","6","1","0","1","2","0"
"21061","83754309","21061","13","1","1","7","5","0","1","1","1","0"
"21062","83754309","21062","13","1","1","7","4","0","1","1","1","0"
"21063","83754309","21063","13","3","2","1","6","0","1","3","1","0"
"21064","83754309","21064","14","1","1","7","5","0","1","1","1","0"
"21065","83754309","21065","14","1","1","1","4","1","0","1","2","0"
"21066","83754309","21066","13","1","1","7","4","0","1","1","3","0"
"21067","83755102","21067","19","1","1","7","6","0","1","1","1","0"
"21068","83755105","21068","71","1","1","7","6","1","0","1","2","0"
"21069","83755105","21069","71","2","1","7","6","0","1","1","1","0"
"21070","83755105","21070","19","1","1","7","3","1","0","1","2","0"
"21071","83755105","21071","19","3","1","7","4","1","0","1","2","0"
"21072","83755105","21072","19","1","1","7","3","0","1","1","1","0"
"21073","83756101","21073","13","3","1","7","6","0","4","1","1","0"
"21074","83756203","21074","19","1","1","7","6","0","2","1","1","0"
"21075","83756203","21075","14","4","1","1","6","1","0","1","2","0"
"21076","83756407","21076","52","2","1","7","0","0","1","0","1","0"
"21077","83756407","21077","11","1","1","7","6","1","1","1","2","0"
"21078","83756407","21078","52","2","1","7","0","0","1","0","1","0"
"21079","83756414","21079","19","2","1","7","6","0","2","3","1","0"
"21080","83756414","21080","19","1","1","7","6","2","0","1","2","0"
"21081","83756414","21081","19","1","1","7","6","0","1","1","1","0"
"21082","83756414","21082","19","1","1","7","6","0","1","1","1","0"
"21083","83756414","21083","19","3","3","2","6","0","1","2","1","0"
"21084","83756414","21084","19","2","1","7","6","0","2","0","1","0"
"21085","83756414","21085","17","2","1","7","2","0","2","1","1","0"
"21086","83756507","21086","72","1","1","7","6","0","1","1","1","0"
"21087","83757407","21087","12","3","7","1","6","0","2","1","1","0"
"21088","83757407","21088","16","1","1","7","3","0","1","1","1","0"
"21089","83757501","21089","71","1","1","1","6","0","1","1","1","0"
"21090","83761213","21090","71","3","3","1","6","1","0","1","2","0"
"21091","83761213","21091","19","4","3","1","4","0","1","1","1","0"
"21092","83761402","21092","17","1","1","7","2","0","2","0","1","0"
"21093","83761402","21093","16","1","1","7","6","0","1","1","1","0"
"21094","83761402","21094","16","2","1","1","6","0","1","1","1","0"
"21095","83761402","21095","16","3","1","7","4","0","1","0","1","0"
"21096","83762208","21096","16","1","1","7","6","1","2","0","2","0"
"21097","83762208","21097","11","3","1","2","6","0","2","2","1","0"
"21098","83762208","21098","16","3","1","7","3","0","1","1","1","0"
"21099","83762208","21099","16","1","1","7","6","1","2","1","2","0"
"21100","83762208","21100","16","2","2","2","6","1","2","2","2","0"
"21101","83762208","9857","16","1","1","7","6","2","2","1","2","0"
"21102","83762208","21102","81","1","1","7","6","0","1","1","1","0"
"21103","83762208","21103","16","1","1","7","6","1","1","1","2","0"
"21104","83762208","21104","11","1","1","7","6","0","1","1","1","0"
"21105","83762208","21105","16","1","1","7","4","1","0","1","2","0"
"21106","83762208","21106","11","3","1","7","6","0","2","0","1","0"
"21107","83762208","21107","16","3","1","7","6","1","2","1","2","0"
"21108","83762208","21108","16","1","1","1","6","0","1","2","1","0"
"21109","83762208","21109","11","1","1","1","6","0","2","0","1","0"
"21110","83762208","21110","16","1","1","7","4","0","1","1","1","0"
"21111","83762208","14242","16","1","1","7","6","0","1","1","1","0"
"21112","83762208","21112","15","1","1","7","6","0","1","1","1","0"
"21113","83762208","21113","16","2","1","7","4","0","1","1","1","0"
"21114","83762208","21114","11","1","2","2","6","1","3","0","2","0"
"21115","83762208","21115","51","1","1","7","6","0","4","4","1","0"
"21116","83762208","21116","16","1","1","7","6","0","1","1","1","0"
"21117","83762208","21117","11","1","3","2","6","0","1","0","1","0"
"21118","83762208","21118","16","1","1","7","4","0","1","0","1","0"
"21119","83762208","21119","81","1","1","7","6","0","1","2","1","0"
"21120","83762208","21120","16","1","1","7","6","0","1","1","1","0"
"21121","83762304","21121","81","2","1","1","6","1","1","2","2","0"
"21122","83762304","21122","11","1","1","7","6","0","3","0","1","0"
"21123","83762304","21123","51","1","1","7","6","0","2","0","1","0"
"21124","83762304","21124","51","1","1","7","6","0","1","0","1","0"
"21125","83762411","21125","11","1","3","2","6","0","1","1","1","0"
"21126","83762411","21126","16","1","1","7","6","0","1","1","1","0"
"21127","83762411","21127","26","1","1","7","1","1","0","1","2","0"
"21128","83762411","21128","16","3","1","7","5","1","0","1","2","0"
"21129","83762411","21129","51","1","1","7","6","0","2","1","1","0"
"21130","83762412","21130","11","1","1","7","5","1","0","1","2","0"
"21131","83762412","21131","11","1","1","7","6","1","0","3","2","0"
"21132","83762412","21132","81","2","1","7","6","0","1","3","1","0"
"21133","83762412","21133","31","1","1","7","6","1","0","1","2","0"
"21134","83762412","21134","23","2","1","7","6","1","1","0","2","0"
"21135","83762412","21135","11","1","1","7","6","0","2","0","1","0"
"21136","83762412","21136","16","3","1","7","4","1","0","0","2","0"
"21137","83762412","21137","16","1","1","7","6","0","1","3","1","0"
"21138","83762412","21138","11","1","1","7","6","0","4","0","1","0"
"21139","83762412","21139","16","1","1","7","4","0","1","1","1","0"
"21140","83762412","21140","16","1","1","7","5","0","1","1","1","0"
"21141","83762412","21141","11","1","1","7","6","0","4","1","1","0"
"21142","83762412","21142","11","1","1","7","6","0","1","1","1","0"
"21143","83762412","21143","16","1","1","7","6","0","3","0","1","0"
"21144","83762412","21144","17","1","1","7","4","0","1","1","1","0"
"21145","83762412","21145","11","1","1","7","6","0","3","0","1","0"
"21146","83763302","21146","71","1","1","7","6","0","1","1","1","0"
"21147","83764106","21147","16","3","1","7","6","1","1","1","2","0"
"21148","83764106","21148","71","1","1","7","6","0","1","2","1","0"
"21149","83764211","21149","51","1","1","7","6","0","1","1","1","0"
"21150","83764405","21150","19","3","1","2","5","1","0","1","2","0"
"21151","83764405","21151","19","1","1","1","3","1","0","1","2","0"
"21152","83764406","21152","13","1","1","7","6","0","1","1","1","0"
"21153","83764503","18499","17","3","1","7","1","0","1","1","1","0"
"21154","83765105","21154","19","1","3","1","4","1","0","1","2","0"
"21155","83765105","21155","64","1","1","7","6","0","1","1","1","0"
"21156","83765207","21156","13","1","1","7","6","0","1","2","1","0"
"21157","83766111","21157","14","1","1","7","6","2","2","2","3","1"
"21158","83766111","21158","14","1","3","1","4","1","0","1","2","0"
"21159","83766111","21159","16","2","1","7","4","0","1","1","1","0"
"21160","83766111","21160","21","3","3","1","6","0","1","1","1","0"
"21161","83766111","21161","52","1","1","1","6","0","2","1","1","0"
"21162","83766507","10010","16","1","1","7","6","0","2","1","1","0"
"21163","83767305","21163","41","3","1","1","6","0","1","1","1","0"
"21164","83767305","21164","17","1","1","7","2","0","1","0","1","0"
"21165","83767402","21165","13","1","3","2","4","1","0","1","2","0"
"21166","83767402","21166","17","1","1","7","2","1","0","1","2","0"
"21167","83767402","21167","19","1","1","7","3","0","1","1","1","0"
"21168","83767402","21168","19","1","1","7","5","0","1","1","1","0"
"21169","83771307","20976","17","3","3","2","2","0","1","1","1","0"
"21170","83771307","21170","21","1","1","7","6","0","1","1","1","0"
"21171","83771310","21171","19","1","1","7","6","1","1","2","2","0"
"21172","83771403","21172","52","1","1","7","0","0","1","0","1","0"
"21173","83771403","21173","81","3","1","7","6","0","1","0","1","0"
"21174","83772201","21174","19","1","1","7","6","0","1","1","1","0"
"21175","83772201","21175","19","1","1","7","6","0","1","1","1","0"
"21176","83772201","21176","14","1","1","7","4","0","1","0","1","0"
"21177","83772201","21177","19","1","1","2","6","0","1","1","1","0"
"21178","83772201","21178","19","1","3","1","6","0","1","1","1","0"
"21179","83772205","21179","81","3","1","7","2","1","0","1","2","0"
"21180","83772206","21180","19","1","1","1","6","1","1","2","2","0"
"21181","83773101","21181","19","1","3","2","3","1","0","1","2","0"
"21182","83773101","21182","14","1","1","7","6","0","2","1","1","0"
"21183","83773101","21183","19","1","1","7","6","0","2","1","1","0"
"21184","83773101","21184","81","3","6","1","7","0","1","1","1","0"
"21185","83773101","21185","16","1","1","1","6","0","3","1","1","0"
"21186","83773101","21186","19","3","1","1","6","0","1","2","1","0"
"21187","83773101","21187","16","1","1","7","3","0","1","1","1","0"
"21188","83773101","3237","19","2","1","2","5","0","1","1","1","0"
"21189","83773301","21189","17","1","1","7","4","0","0","1","3","0"
"21190","83773301","21190","81","3","3","2","6","1","0","0","3","0"
"21191","83773301","21191","11","1","1","7","8","0","1","0","1","0"
"21192","83773301","21192","11","1","1","1","6","0","1","1","1","0"
"21193","83773301","21193","11","1","1","7","6","0","2","0","1","0"
"21194","83773301","21194","11","3","1","7","6","0","2","1","1","0"
"21195","83773301","21195","52","3","3","2","0","0","1","0","1","0"
"21196","83773504","21196","15","1","1","7","4","2","0","3","2","0"
"21197","83773504","21197","51","3","1","7","6","0","1","1","1","0"
"21198","83773504","21198","11","1","1","7","6","0","1","1","1","0"
"21199","83773504","21199","11","1","1","7","6","0","1","1","1","0"
"21200","83773504","4583","16","5","1","7","6","1","1","2","2","0"
"21201","83773504","21201","11","1","1","7","6","0","1","2","1","0"
"21202","83773504","21202","11","3","1","7","6","0","2","1","1","0"
"21203","83773504","21203","16","1","2","2","6","1","1","1","2","0"
"21204","83773504","21204","52","1","3","2","6","1","1","1","2","0"
"21205","83774101","21205","17","1","1","7","1","0","1","1","1","0"
"21206","83774301","21206","19","2","3","2","6","0","1","1","1","0"
"21207","83774301","21207","16","1","1","7","6","0","1","1","1","0"
"21208","83776104","21208","21","3","1","2","6","0","2","0","1","0"
"21209","83776104","21209","16","2","1","7","5","1","0","1","2","0"
"21210","83776104","21210","19","1","1","7","3","0","1","1","1","0"
"21211","83776104","21211","19","1","1","7","3","0","1","1","1","0"
"21212","83777103","21212","19","1","1","7","3","0","1","1","1","0"
"21213","83777307","21213","19","3","1","7","6","0","1","1","1","0"
"21214","83777307","21214","16","1","1","7","4","0","1","1","1","0"
"21215","83777307","21215","19","1","1","7","3","0","1","1","1","0"
"21216","83777402","21216","16","1","1","7","4","0","1","1","1","0"
"21217","83777402","21217","16","1","1","7","6","0","2","0","1","0"
"21218","83777502","21218","31","1","1","2","6","0","2","1","1","0"
"21219","83777502","21219","18","2","1","7","4","0","2","0","1","0"
"21220","83777502","21220","19","1","1","7","6","0","1","2","1","0"
"21221","83777502","21221","17","1","1","7","2","0","1","1","1","0"
"21222","83777502","21222","19","3","3","1","4","0","1","1","1","0"
"21223","83781404","21223","16","1","1","7","5","0","1","1","1","0"
"21224","83781404","21224","23","1","1","7","5","0","1","1","1","0"
"21225","83782303","21225","14","1","1","7","7","0","2","0","1","0"
"21226","83782303","18272","14","1","1","7","6","0","1","1","1","0"
"21227","83782405","21227","16","1","1","7","6","0","2","1","1","0"
"21228","83782405","21228","13","3","1","7","6","0","1","1","1","0"
"21229","83783305","21229","31","3","1","7","6","0","1","1","1","0"
"21230","83783305","21230","13","3","1","7","3","0","1","1","1","0"
"21231","83783305","21231","16","5","1","7","4","0","1","1","1","0"
"21232","83783305","21232","11","1","1","7","6","0","1","1","1","0"
"21233","83783305","21233","51","1","1","7","6","0","1","1","1","0"
"21234","83783305","21234","16","1","1","7","6","0","1","1","1","0"
"21235","83784204","21235","51","1","1","1","6","0","1","2","1","0"
"21236","83784204","21236","52","1","3","1","0","0","1","0","1","0"
"21237","83784204","21237","18","1","1","7","3","0","1","1","1","0"
"21238","83784206","21238","51","1","1","7","6","1","1","1","2","0"
"21239","83784206","21239","36","1","1","1","3","0","0","1","3","0"
"21240","83784206","21240","35","1","1","7","4","0","1","1","1","0"
"21241","83784402","21241","14","2","3","2","6","0","2","0","1","0"
"21242","83785201","21242","19","1","1","7","6","0","1","1","1","0"
"21243","83785201","21243","35","1","1","7","3","1","0","1","2","0"
"21244","83785405","21244","51","1","1","7","6","0","1","2","1","0"
"21245","83786410","21245","13","1","1","7","6","1","1","2","2","0"
"21246","83786410","21246","11","3","1","7","6","0","1","1","1","0"
"21247","83786410","21247","11","1","1","7","6","0","1","1","1","0"
"21248","83786410","21248","51","1","1","7","6","0","2","1","1","0"
"21249","83786410","21249","11","1","1","7","6","0","1","1","1","0"
"21250","83786503","21250","23","3","1","7","5","0","1","1","1","0"
"21251","83786504","21251","13","3","3","2","6","0","1","1","1","0"
"21252","83786504","21252","13","3","3","2","6","1","0","1","2","0"
"21253","83786504","21253","13","1","1","7","6","0","1","1","1","0"
"21254","83786504","21254","13","1","1","7","6","0","1","1","1","0"
"21255","83786504","21255","51","1","1","7","6","0","2","1","1","0"
"21256","83786504","21256","13","4","1","7","5","0","1","1","1","0"
"21257","83786504","21257","13","1","1","1","6","0","2","0","1","0"
"21258","83786504","21258","17","1","1","7","2","0","1","1","1","0"
"21259","83786504","21259","13","1","1","7","3","0","1","1","1","0"
"21260","83791308","21260","21","1","1","7","6","0","1","1","1","0"
"21261","83791308","21261","21","1","7","1","6","0","1","1","1","0"
"21262","83791309","21262","14","1","1","7","6","0","1","1","1","0"
"21263","83791503","21263","52","3","3","2","0","0","3","0","1","0"
"21264","83791503","21264","11","3","3","2","6","0","1","1","1","0"
"21265","83791503","21265","52","3","1","7","0","0","1","0","1","0"
"21266","83791503","21266","21","1","3","2","6","1","0","1","2","0"
"21267","83791503","21267","72","1","1","7","6","0","1","1","1","0"
"21268","83791505","21268","11","1","1","1","6","0","1","2","1","0"
"21269","83791505","21269","11","3","1","7","4","0","1","1","1","0"
"21270","83791505","21270","51","1","1","7","0","0","1","0","1","0"
"21271","83791505","21271","11","1","1","7","6","0","1","1","1","0"
"21272","83791511","21272","15","1","1","7","6","0","1","2","1","0"
"21273","83792505","21273","13","1","1","7","6","0","2","2","1","0"
"21274","83793402","21274","14","3","1","7","6","0","1","1","1","0"
"21275","83794305","21275","16","3","1","7","7","0","1","4","1","0"
"21276","83794402","21276","12","1","1","7","6","0","1","1","1","0"
"21277","83794402","21277","11","1","1","7","6","0","1","1","1","0"
"21278","83794402","21278","11","1","3","1","2","0","2","1","1","0"
"21279","83794402","21279","16","3","3","2","4","0","1","1","1","0"
"21280","83794402","21280","71","1","1","7","6","0","1","1","1","0"
"21281","83794402","21281","11","1","1","7","6","1","2","0","2","0"
"21282","83794402","21282","11","1","1","7","6","0","1","1","1","0"
"21283","83794402","21283","11","1","1","1","6","0","1","1","1","0"
"21284","83794402","21284","11","1","1","7","6","0","1","1","1","0"
"21285","83794402","21285","11","1","1","7","6","0","1","1","1","0"
"21286","83794402","21286","11","1","1","7","6","1","0","1","2","0"
"21287","83794402","21287","53","1","6","1","6","0","1","1","1","0"
"21288","83794402","21288","11","3","3","2","6","0","0","1","3","0"
"21289","83794402","21289","16","1","3","1","4","1","0","1","2","0"
"21290","83794402","21290","52","1","1","7","0","1","0","1","2","0"
"21291","83794402","21291","71","1","2","1","6","1","0","1","2","0"
"21292","83794402","21292","51","3","3","1","6","0","2","1","1","0"
"21293","83794402","21293","52","3","3","1","0","0","1","0","1","0"
"21294","83794402","21294","51","1","1","7","6","0","1","1","1","0"
"21295","83794402","21295","11","1","1","7","6","0","1","1","1","0"
"21296","83794402","21296","51","1","1","1","6","0","1","3","1","0"
"21297","83794402","21297","52","3","1","7","0","0","1","0","1","0"
"21298","83794402","21298","51","1","2","1","6","0","2","3","1","0"
"21299","83794402","21299","51","3","3","1","6","0","2","0","1","0"
"21300","83794402","21300","52","1","1","7","0","0","1","0","1","0"
"21301","83794402","21301","51","3","3","1","6","0","1","2","1","0"
"21302","83794402","21302","19","3","2","1","6","0","1","2","1","0"
"21303","83794505","21303","74","1","3","2","4","0","1","1","1","0"
"21304","83794505","21304","14","1","3","1","6","0","1","1","1","0"
"21305","83795404","21305","51","1","7","7","6","0","1","3","1","0"
"21306","83795404","21306","71","1","1","7","6","1","0","3","2","0"
"21307","83795404","21307","81","3","1","7","6","0","1","2","1","0"
"21308","83795404","21308","14","1","1","7","6","1","0","1","2","0"
"21309","83795404","21309","11","1","1","7","6","1","1","1","2","0"
"21310","83795404","21310","11","3","1","7","6","0","1","1","1","0"
"21311","83795404","21311","16","3","4","2","6","0","3","1","1","0"
"21312","83795404","21312","51","1","1","7","6","0","1","3","1","0"
"21313","83795404","21313","11","1","1","7","6","0","1","1","1","0"
"21314","83795404","21314","11","1","3","2","6","1","1","1","2","0"
"21315","83795404","21315","71","3","1","7","6","0","0","1","3","0"
"21316","83795404","21316","11","1","3","2","6","0","1","1","1","0"
"21317","83795404","20731","18","1","2","2","6","0","2","1","1","0"
"21318","83795404","21318","11","1","3","2","7","0","0","1","3","0"
"21319","83795404","21319","12","1","1","7","7","0","1","1","1","0"
"21320","83795404","21320","42","1","1","7","6","0","2","1","1","0"
"21321","83795404","21321","51","1","1","7","6","0","1","3","1","0"
"21322","83795404","21322","51","1","1","7","6","0","1","2","1","0"
"21323","83795404","21323","11","1","1","7","6","0","1","1","1","0"
"21324","83795404","21324","51","3","3","2","6","0","2","3","1","0"
"21325","83795404","21325","11","3","1","7","6","0","1","2","1","0"
"21326","83795404","21326","43","1","1","7","6","0","1","1","1","0"
"21327","83795404","21327","42","1","1","7","6","0","1","1","1","0"
"21328","83795404","21328","43","1","2","1","6","0","2","3","1","0"
"21329","83795404","21329","16","1","1","7","6","0","1","1","1","0"