"accident_id","lieu_id","date_id","cause_id","lum_id","intemp_id","etat_surface_id","impliq_id","nb_blesses_graves","nb_blesses_legers","nb_indemnes","gravite","nb_morts"
"21330","83795404","21330","71","1","1","7","6","0","1","1","1","0"
"21331","83795404","21331","11","2","1","7","6","0","1","1","1","0"
"21332","83795404","21332","19","3","3","1","6","0","2","1","1","0"
"21333","83795404","21333","11","1","2","1","6","0","2","1","1","0"
"21334","83795404","21334","11","1","1","7","6","0","1","0","1","0"
"21335","83795404","21335","71","1","1","7","6","0","1","1","1","0"
"21336","83795404","21336","11","1","3","1","6","0","2","4","1","0"
"21337","83795404","21337","51","1","1","7","0","0","1","0","1","0"
"21338","83795404","21338","17","3","1","7","2","0","1","1","1","0"
"21339","83795404","21339","11","3","1","7","6","0","2","1","1","0"
"21340","83795405","21340","43","1","1","7","6","0","1","1","1","0"
"21341","83795405","21341","43","3","1","7","6","0","2","1","1","0"
"21342","83795405","21342","43","1","1","7","6","0","1","1","1","0"
"21343","83795504","21343","14","3","1","7","6","0","1","1","1","0"
"21344","83797205","21344","16","1","1","7","4","0","1","1","1","0"
"21345","83797306","21345","18","1","1","7","6","0","1","1","1","0"
"21346","83797510","21346","14","1","1","7","6","0","2","1","1","0"
"21347","83797510","21347","14","1","1","7","6","0","1","2","1","0"
"21348","83802304","21348","19","1","3","1","6","0","1","1","1","0"
"21349","83803206","21349","21","1","1","7","6","1","1","1","2","0"
"21350","83803208","21350","13","1","1","7","6","0","4","2","1","0"
"21351","83804102","21351","71","1","1","7","6","1","0","1","2","0"
"21352","83804104","21352","14","1","1","7","6","0","1","1","1","0"
"21353","83804208","21353","71","1","1","7","6","0","1","1","1","0"
"21354","83804212","21354","21","1","4","3","6","0","1","1","1","0"
"21355","83804212","21355","21","1","3","2","6","0","1","1","1","0"
"21356","83804212","21356","14","1","1","7","3","0","1","1","1","0"
"21357","83804215","21357","51","1","1","7","6","0","1","1","1","0"
"21358","83804313","21358","16","1","1","7","5","0","1","1","1","0"
"21359","83805201","21359","20","1","1","7","2","0","1","1","1","0"
"21360","83805205","21360","17","1","1","7","2","0","1","1","1","0"
"21361","83805506","21361","72","1","1","2","6","0","1","1","1","0"
"21362","83805506","21362","51","1","1","7","6","0","1","1","1","0"
"21363","83805506","7526","72","1","1","7","6","0","1","1","1","0"
"21364","83805506","21364","16","3","2","2","4","0","1","1","1","0"
"21365","83805506","21365","16","2","1","7","6","0","1","1","1","0"
"21366","83805506","21366","16","3","1","7","6","0","1","1","1","0"
"21367","83805506","21367","16","1","1","7","4","0","1","1","1","0"
"21368","83805507","21368","16","2","3","2","6","0","1","1","1","0"
"21369","83806101","17387","21","1","3","1","6","0","1","2","1","0"
"21370","83806211","21370","14","1","1","7","6","0","2","2","1","0"
"21371","83806211","21371","51","1","1","7","6","1","0","1","2","0"
"21372","83806211","21372","19","1","1","7","7","0","1","1","1","0"
"21373","83806211","21373","14","1","1","7","6","0","1","1","1","0"
"21374","83806211","21374","19","1","4","2","6","0","1","1","1","0"
"21375","83806211","21375","19","1","1","7","4","0","1","1","1","0"
"21376","83806211","21376","19","1","1","7","6","0","1","4","1","0"
"21377","83806211","21377","51","1","1","7","6","0","2","2","1","0"
"21378","83806211","21378","19","1","1","7","6","0","1","2","1","0"
"21379","83806211","21379","18","1","1","7","4","1","0","1","2","0"
"21380","83806211","21380","14","1","1","7","5","0","2","2","1","0"
"21381","83806211","21381","51","1","1","7","6","0","1","1","1","0"
"21382","83806211","21382","14","3","1","7","6","0","1","2","1","0"
"21383","83806211","21383","19","1","1","7","6","0","1","3","1","0"
"21384","83806309","21384","72","1","1","7","6","0","1","2","1","0"
"21385","83807202","21385","13","1","1","7","6","0","1","1","1","0"
"21386","83807202","21386","13","1","1","7","6","0","1","1","1","0"
"21387","83807202","21387","13","1","1","7","4","0","1","1","1","0"
"21388","83807402","21388","16","1","1","7","4","0","1","1","1","0"
"21389","83811503","21389","16","1","1","7","3","0","1","1","1","0"
"21390","83811503","21390","52","1","1","7","0","0","0","0","3","0"
"21391","83811503","21391","19","1","1","7","5","1","0","1","2","0"
"21392","83811503","21392","11","1","1","7","6","0","3","1","1","0"
"21393","83811503","21393","19","1","1","7","6","0","1","1","1","0"
"21394","83811503","21394","11","1","3","2","6","1","0","2","2","0"
"21395","83811503","21395","51","3","2","2","6","0","5","1","1","0"
"21396","83811503","21396","11","1","1","7","6","0","1","4","1","0"
"21397","83811503","21397","43","1","1","2","6","0","2","0","1","0"
"21398","83811503","21398","11","1","1","7","6","1","0","2","2","0"
"21399","83811503","21399","42","1","1","7","6","2","0","1","2","0"
"21400","83811503","21400","11","3","1","7","4","0","1","1","1","0"
"21401","83811503","21401","18","1","1","7","6","0","1","1","1","0"
"21402","83811503","21402","99","1","1","7","3","0","1","1","1","0"
"21403","83811503","21403","16","3","1","7","6","0","2","2","1","0"
"21404","83811503","21404","12","1","1","7","6","0","1","1","1","0"
"21405","83811503","21405","11","1","1","7","6","0","3","1","1","0"
"21406","83811503","21406","16","3","3","2","6","0","2","2","1","0"
"21407","83811503","21407","43","2","1","7","6","0","1","1","1","0"
"21408","83811503","21408","14","1","1","7","6","0","2","1","1","0"
"21409","83811503","21409","11","2","1","7","6","0","1","1","1","0"
"21410","83811503","21410","51","1","1","7","6","0","1","1","1","0"
"21411","83811503","21411","11","1","1","7","6","0","4","1","1","0"
"21412","83811503","21412","11","1","1","7","6","0","2","2","1","0"
"21413","83811503","21413","16","1","1","7","6","0","1","1","1","0"
"21414","83811503","21414","42","1","1","7","6","0","2","1","1","0"
"21415","83811503","21415","11","1","1","7","5","0","1","1","1","0"
"21416","83811503","21416","11","3","3","2","6","5","1","0","3","1"
"21417","83811503","14527","43","1","3","2","7","1","0","1","2","0"
"21418","83811503","21418","17","3","1","7","2","0","1","0","1","0"
"21419","83811503","21419","51","1","1","7","6","0","1","1","1","0"
"21420","83811503","21420","11","1","1","7","6","0","1","2","1","0"
"21421","83811503","21421","43","1","1","7","6","0","1","1","1","0"
"21422","83811503","21422","42","3","1","7","6","1","1","0","2","0"
"21423","83811503","21423","42","1","1","7","6","0","2","1","1","0"
"21424","83811503","21424","43","3","1","7","6","0","1","3","1","0"
"21425","83811503","21425","52","1","1","7","0","0","1","0","1","0"
"21426","83811503","21426","11","3","1","7","9","0","1","0","1","0"
"21427","83811503","21427","11","1","1","7","5","1","1","0","2","0"
"21428","83811503","21428","11","1","1","7","6","0","2","1","1","0"
"21429","83811503","21429","11","1","1","7","5","0","1","1","1","0"
"21430","83811503","21430","12","1","2","1","7","0","1","1","1","0"
"21431","83811503","21431","19","1","1","7","6","0","1","1","1","0"
"21432","83811503","21432","11","1","3","1","2","0","1","1","1","0"
"21433","83811503","21433","11","1","1","7","6","0","3","3","1","0"
"21434","83811503","21434","11","3","3","1","6","0","2","0","1","0"
"21435","83811503","21435","43","1","1","7","6","0","1","1","1","0"
"21436","83811503","21436","42","1","1","1","6","0","1","1","1","0"
"21437","83811503","21437","19","1","1","1","6","0","2","0","1","0"
"21438","83811503","21438","71","1","1","7","6","0","1","1","1","0"
"21439","83811503","21439","43","1","1","7","6","0","2","3","1","0"
"21440","83811503","21440","11","3","1","1","6","0","1","2","1","0"
"21441","83811503","21441","42","1","1","7","6","0","2","1","1","0"
"21442","83811509","21442","17","1","3","1","2","0","2","1","1","0"
"21443","83811509","21443","11","1","1","7","6","0","2","1","1","0"
"21444","83811509","21444","11","1","1","7","6","0","2","0","1","0"
"21445","83811509","21445","16","1","1","7","3","0","1","1","1","0"
"21446","83811509","21446","52","1","3","1","0","0","1","0","1","0"
"21447","83811509","21447","14","1","3","1","6","0","1","1","1","0"
"21448","83811509","21448","43","1","3","1","6","0","1","2","1","0"
"21449","83811509","21449","11","3","1","1","5","0","2","2","1","0"
"21450","83811509","21450","43","3","1","7","6","0","1","2","1","0"
"21451","83811510","21451","71","3","6","1","6","0","1","4","1","0"
"21452","83811510","21452","42","1","1","7","2","0","1","2","1","0"
"21453","83811510","21453","11","1","1","7","6","0","1","1","1","0"
"21454","83811510","21454","16","1","1","7","6","0","1","1","1","0"
"21455","83811510","21455","11","3","3","1","6","0","1","2","1","0"
"21456","83813209","21456","52","1","3","1","0","0","3","0","1","0"
"21457","83813505","21457","16","1","1","7","6","0","2","2","1","0"
"21458","83813505","21458","51","1","1","7","6","0","1","3","1","0"
"21459","83813505","21459","52","1","3","1","6","1","0","1","2","0"
"21460","83813505","21460","16","1","1","7","6","0","1","1","1","0"
"21461","83813505","21461","16","1","3","1","4","0","1","1","1","0"
"21462","83813505","21462","16","1","1","7","6","0","1","1","1","0"
"21463","83814509","21463","13","2","1","7","4","0","1","1","1","0"
"21464","83814509","21464","81","3","1","7","6","0","1","1","1","0"
"21465","83814509","21465","16","1","1","7","5","0","1","1","1","0"
"21466","83814509","21466","13","1","2","1","4","0","1","1","1","0"
"21467","83814510","21467","16","2","1","7","6","0","1","1","1","0"
"21468","83814510","21468","16","3","1","7","6","0","2","0","1","0"
"21469","83814510","21469","16","1","1","7","4","0","1","1","1","0"
"21470","83815103","21470","51","1","1","7","0","0","2","0","1","0"
"21471","83815403","21471","11","1","1","7","6","0","2","0","1","0"
"21472","83815403","21472","16","3","1","7","4","0","1","1","1","0"
"21473","83815403","21473","51","1","1","7","6","0","2","1","1","0"
"21474","83815403","21474","16","1","1","7","5","0","1","1","1","0"
"21475","83815403","21475","51","1","1","7","6","0","1","2","1","0"
"21476","83815403","21476","11","3","1","7","6","0","1","2","1","0"
"21477","83816101","21477","14","1","1","7","3","0","1","1","1","0"
"21478","83816403","21478","14","1","1","7","6","0","1","1","1","0"
"21479","83816403","21479","72","1","1","7","6","0","1","1","1","0"
"21480","83817205","21480","16","2","1","7","4","1","0","1","2","0"
"21481","83817205","21481","18","1","3","1","6","0","4","1","1","0"
"21482","83817205","21482","51","3","3","1","6","0","1","1","1","0"
"21483","83817209","21483","16","2","1","2","4","1","0","1","2","0"
"21484","83817302","21484","14","1","2","2","6","0","1","1","1","0"
"21485","83817302","21485","51","1","1","7","3","0","1","1","1","0"
"21486","83817302","21486","16","1","1","7","6","0","1","1","1","0"
"21487","83817302","21487","16","1","1","7","6","0","1","2","1","0"
"21488","83817302","21488","16","1","1","7","6","1","0","0","2","0"
"21489","83817302","21489","16","1","7","7","4","0","1","1","1","0"
"21490","83817302","21490","51","1","1","1","4","0","1","1","1","0"
"21491","83817302","21491","16","1","1","7","4","0","1","1","1","0"
"21492","83817302","21492","16","1","1","7","6","0","1","1","1","0"
"21493","83817302","21493","19","1","1","7","6","0","1","2","1","0"
"21494","83817307","21494","13","1","1","7","4","0","1","1","1","0"
"21495","83817307","21495","17","1","1","7","4","0","1","1","1","0"
"21496","83817307","21496","17","3","1","7","4","0","1","1","1","0"
"21497","83817310","21497","71","1","1","7","6","0","1","1","1","0"
"21498","83817408","21498","51","3","1","7","0","0","0","0","3","0"
"21499","83817408","21499","21","1","3","2","6","0","3","2","1","0"
"21500","83817408","21500","19","3","3","1","4","0","1","1","1","0"
"21501","83817408","21501","52","1","1","7","6","0","1","2","1","0"
"21502","83817408","21502","19","1","1","7","7","0","1","1","1","0"
"21503","83821403","21503","13","3","1","7","6","0","2","0","1","0"
"21504","83821403","21504","13","1","3","2","5","0","1","1","1","0"
"21505","83822105","21505","11","3","1","1","6","0","2","1","1","0"
"21506","83823202","21506","11","3","1","7","6","0","1","2","1","0"
"21507","83823203","21507","12","1","1","7","6","0","1","1","1","0"
"21508","83825501","21508","51","1","1","1","6","0","1","0","1","0"
"21509","83825502","21509","15","1","1","7","3","0","1","1","1","0"
"21510","83825502","21510","11","1","1","7","6","0","1","1","1","0"
"21511","83825502","21511","11","1","1","7","6","2","0","1","2","0"
"21512","83825502","21512","11","1","1","7","6","0","2","0","1","0"
"21513","83825502","21513","11","1","1","7","6","1","0","1","2","0"
"21514","83825502","21514","71","3","1","7","6","1","0","1","2","0"
"21515","83825502","21515","11","1","1","7","6","0","1","1","1","0"
"21516","83825502","21516","42","3","3","1","6","0","3","1","1","0"
"21517","83825502","21517","11","2","3","2","6","0","1","1","1","0"
"21518","83825502","21518","11","1","1","7","6","1","0","1","2","0"
"21519","83825502","21519","11","1","1","7","6","1","0","1","2","0"
"21520","83825502","21520","11","3","3","2","6","1","0","1","2","0"
"21521","83825502","21521","11","1","1","7","6","0","1","0","1","0"
"21522","83825502","21522","11","1","1","7","6","4","0","1","2","0"
"21523","83825502","21523","12","1","1","7","9","0","2","0","1","0"
"21524","83825503","21524","11","1","1","7","6","0","1","1","1","0"
"21525","83825503","21525","81","3","1","7","4","0","2","4","1","0"
"21526","83825503","21526","11","1","1","7","6","0","1","1","1","0"
"21527","83826303","21527","13","2","3","2","6","1","0","1","2","0"
"21528","83826303","21528","13","1","1","7","6","0","1","1","1","0"
"21529","83826303","21529","13","3","2","2","6","0","2","0","1","0"
"21530","83826303","21530","13","1","1","7","5","1","0","1","2","0"
"21531","83826303","21531","13","1","1","7","6","0","1","1","1","0"
"21532","83826303","21532","13","3","1","7","6","0","3","0","1","0"
"21533","83826303","21533","85","3","1","7","6","0","1","1","1","0"
"21534","83826303","21534","13","3","1","7","6","0","1","1","1","0"
"21535","83826308","21535","19","1","1","7","6","0","1","1","1","0"
"21536","83826501","21536","21","1","1","7","6","0","3","0","1","0"
"21537","83826501","21537","14","1","1","7","6","0","1","1","1","0"
"21538","83826501","21538","14","5","1","7","6","0","1","2","1","0"
"21539","83827302","21539","14","1","1","7","3","0","1","0","1","0"
"21540","83827408","21540","16","1","1","7","6","0","1","1","1","0"
"21541","83834103","21541","31","3","3","2","4","0","1","1","1","0"
"21542","83834103","21542","14","1","1","7","6","0","1","1","1","0"
"21543","83834103","21543","14","1","1","7","6","0","1","1","1","0"
"21544","83835303","21544","17","3","1","7","2","1","0","1","2","0"
"21545","83836103","21545","11","1","1","7","6","0","2","0","1","0"
"21546","83836103","21546","11","3","1","7","6","0","2","0","1","0"
"21547","83836103","21547","43","2","3","1","6","1","1","1","2","0"
"21548","83836103","21548","19","1","1","7","6","0","2","0","1","0"
"21549","83836103","21549","11","1","1","7","6","0","1","1","1","0"
"21550","83836103","21550","22","3","1","7","4","0","1","1","1","0"
"21551","83836103","21551","43","1","1","7","6","0","1","0","1","0"
"21552","83836103","21552","15","1","1","7","6","0","2","1","1","0"
"21553","83836103","21553","19","3","6","1","6","1","0","0","3","0"
"21554","83836103","21554","11","1","1","7","6","0","2","1","1","0"
"21555","83836103","21555","11","1","3","2","6","0","1","1","1","0"
"21556","83836103","21556","11","1","1","7","6","0","2","0","1","0"
"21557","83836103","21557","11","1","1","7","6","1","1","0","2","0"
"21558","83836103","21558","11","1","1","7","6","2","1","0","2","0"
"21559","83836103","21559","11","3","1","7","6","0","1","1","1","0"
"21560","83836103","21560","42","3","1","7","9","0","3","1","1","0"
"21561","83836103","21561","11","1","1","7","6","1","1","0","2","0"
"21562","83836103","21562","11","3","1","7","6","0","1","1","1","0"
"21563","83836103","21563","11","1","1","1","6","2","3","0","3","1"
"21564","83836105","21564","11","3","1","7","6","0","2","1","1","0"
"21565","83836105","21565","81","3","1","7","6","0","2","1","1","0"
"21566","83836105","21566","51","1","1","7","6","0","1","2","1","0"
"21567","83836105","21567","51","3","1","7","8","0","6","1","1","0"
"21568","83836105","21568","11","1","1","1","6","0","2","0","1","0"
"21569","83836105","21569","11","1","1","7","6","1","0","1","2","0"
"21570","83836105","21570","64","1","1","7","9","0","0","1","3","0"
"21571","83836106","21571","52","1","3","2","6","0","1","2","1","0"
"21572","83836401","21572","19","1","1","7","4","0","1","1","1","0"
"21573","83836403","21573","31","1","1","7","6","0","1","1","1","0"
"21574","83836403","21574","17","1","3","1","1","0","1","1","1","0"
"21575","83836407","21575","16","3","1","7","4","0","1","2","1","0"
"21576","83836407","21576","21","1","1","7","2","0","1","1","1","0"
"21577","83836408","21577","72","1","1","7","6","1","0","2","2","0"
"21578","83836408","21578","14","1","1","7","4","0","1","1","1","0"
"21579","83836413","21579","14","1","1","7","4","0","1","1","1","0"
"21580","83836503","21580","17","1","1","7","2","0","2","1","1","0"
"21581","83836503","21581","35","1","1","6","3","0","0","1","3","0"
"21582","83836503","21582","51","1","1","7","6","0","1","1","1","0"
"21583","83836503","21583","16","1","1","7","6","0","1","0","1","0"
"21584","83836504","21584","51","1","1","7","6","0","2","1","1","0"
"21585","83837210","21585","72","1","1","7","6","1","0","2","2","0"
"21586","83837210","21586","52","3","2","2","0","1","0","0","2","0"
"21587","83837405","21587","14","1","1","7","6","2","0","1","2","0"
"21588","83837408","21588","17","1","1","7","2","0","1","1","1","0"
"21589","83837408","21589","17","1","1","2","2","1","0","1","2","0"
"21590","83837504","21590","19","3","1","7","6","0","2","0","1","0"
"21591","83844401","21591","16","1","1","7","6","0","1","1","1","0"
"21592","83844401","21592","16","3","1","7","6","0","2","0","1","0"
"21593","83844401","21593","16","3","3","2","6","1","0","1","2","0"
"21594","83844401","21594","16","3","1","7","3","0","1","1","1","0"
"21595","83844401","21595","52","1","1","7","0","0","1","0","1","0"
"21596","83844401","21596","19","1","1","7","4","1","0","1","2","0"
"21597","83844401","21597","16","3","1","7","5","0","1","1","1","0"
"21598","83844401","21598","16","3","1","7","6","0","1","0","1","0"
"21599","83846502","21599","52","1","2","1","6","0","1","1","1","0"
"21600","83846502","21600","63","2","3","1","6","0","3","3","1","0"
"21601","83847104","21601","13","1","2","2","6","0","2","0","1","0"
"21602","83847104","21602","16","1","1","7","6","0","1","1","1","0"
"21603","83847104","21603","13","1","1","7","6","1","2","0","2","0"
"21604","83847104","21604","13","3","6","1","6","0","1","1","1","0"
"21605","83847104","21605","13","1","2","1","3","0","1","1","1","0"
"21606","83847202","21606","19","1","1","7","6","0","1","2","1","0"
"21607","83847202","21607","16","3","1","7","4","0","1","1","1","0"
"21608","83847202","21608","31","1","1","7","3","1","1","0","2","0"
"21609","83847202","21609","17","1","1","7","2","1","0","1","2","0"
"21610","83847202","21610","19","2","1","7","4","0","1","1","1","0"
"21611","83847202","21611","19","1","1","1","6","0","5","0","1","0"
"21612","83847401","11031","16","1","1","7","5","2","0","1","2","0"
"21613","83847401","21613","16","3","1","7","4","0","1","1","1","0"
"21614","83847401","21614","16","3","3","2","3","1","0","1","2","0"
"21615","83847401","21615","31","2","1","7","6","0","3","0","1","0"
"21616","83847401","21616","16","3","1","7","3","0","1","1","1","0"
"21617","83847401","21617","19","3","1","7","4","0","1","1","1","0"
"21618","83847401","21618","51","1","3","1","6","0","1","1","1","0"
"21619","83847401","21619","16","1","1","7","4","0","1","1","1","0"
"21620","83847504","21620","51","1","1","7","6","0","1","1","1","0"
"21621","83851301","21621","14","1","1","7","6","0","1","1","1","0"
"21622","83851301","21622","14","1","1","7","6","0","1","2","1","0"
"21623","83851301","21623","21","1","1","7","6","0","3","0","1","0"
"21624","83851301","21624","13","1","1","7","4","0","1","1","1","0"
"21625","83851301","21625","13","1","1","7","4","0","1","1","1","0"
"21626","83851301","21626","14","1","1","7","6","0","2","0","1","0"
"21627","83851301","21627","24","3","1","7","6","0","2","1","1","0"
"21628","83851301","21628","14","3","1","7","6","0","3","0","1","0"
"21629","83851301","21629","13","1","1","7","6","0","1","4","1","0"
"21630","83851301","21630","14","1","1","7","6","0","1","2","1","0"
"21631","83851301","21631","14","1","1","7","3","0","0","1","3","0"
"21632","83851301","21632","14","1","1","1","6","0","1","1","1","0"
"21633","83851301","21633","16","1","1","7","6","0","3","0","1","0"
"21634","83851301","21634","16","1","1","7","6","0","1","1","1","0"
"21635","83851301","21635","13","1","1","7","4","0","1","1","1","0"
"21636","83856206","16011","14","1","1","7","4","0","1","1","1","0"
"21637","83856206","21637","14","1","1","7","6","0","1","1","1","0"
"21638","83856206","21638","14","1","1","7","4","0","1","1","1","0"
"21639","83856206","19348","14","1","2","1","6","0","1","1","1","0"
"21640","83856206","21640","14","1","1","1","6","0","1","1","1","0"
"21641","83856206","21641","14","1","1","7","8","0","3","0","1","0"
"21642","83856206","21642","14","1","1","7","4","0","1","1","1","0"
"21643","83856206","21643","52","1","3","1","6","0","3","0","1","0"
"21644","83856207","21644","19","1","1","7","4","0","1","1","1","0"
"21645","83857304","21645","51","1","1","7","6","1","0","1","2","0"
"21646","83857304","21646","72","1","1","7","6","1","0","1","2","0"
"21647","83857304","21647","13","1","6","1","4","0","1","1","1","0"
"21648","83857304","21648","71","3","3","1","6","0","1","1","1","0"
"21649","83857304","21649","17","1","1","7","2","1","0","2","2","0"
"21650","83857311","21650","33","1","1","7","4","0","1","1","1","0"
"21651","83857311","21651","16","1","1","7","4","0","1","1","1","0"
"21652","83857311","12006","16","1","1","7","4","0","1","1","1","0"
"21653","83857311","21653","19","3","1","1","4","0","1","1","1","0"
"21654","83862206","21654","52","3","1","7","6","0","1","1","1","0"
"21655","83864104","21655","71","1","1","7","6","0","1","1","1","0"
"21656","83864204","21656","41","1","1","7","6","1","0","1","2","0"
"21657","83864404","21657","13","1","1","7","6","0","1","1","1","0"
"21658","83864404","21658","13","1","1","7","4","0","2","1","1","0"
"21659","83864404","21659","13","1","1","7","6","0","1","1","1","0"
"21660","83865106","21660","13","1","1","7","5","0","1","1","1","0"
"21661","83866307","21661","18","1","1","7","6","0","1","1","1","0"
"21662","83866307","21662","17","2","3","2","2","0","1","1","1","0"
"21663","83866307","21663","13","3","1","7","4","0","1","1","1","0"
"21664","83866307","21664","19","1","1","1","6","0","1","1","1","0"
"21665","83866307","21665","17","1","3","2","2","1","0","1","2","0"
"21666","83866307","21666","17","1","6","2","2","1","0","1","2","0"
"21667","83866307","21667","17","1","1","7","2","0","1","1","1","0"
"21668","83866307","21668","51","1","1","7","3","0","1","1","1","0"
"21669","83866307","21669","18","1","1","7","5","0","1","1","1","0"
"21670","83866402","21670","11","1","1","7","7","1","0","1","2","0"
"21671","83866402","21671","41","1","1","2","6","0","1","1","1","0"
"21672","83866402","21672","11","1","1","7","2","0","1","1","1","0"
"21673","83866402","21673","52","3","6","1","0","1","0","0","2","0"
"21674","83866402","21674","81","1","6","1","6","0","2","0","1","0"
"21675","83866402","21675","81","3","3","4","6","2","3","0","2","0"
"21676","83866402","21676","11","3","1","7","4","0","0","1","3","0"
"21677","83866402","21677","20","2","3","1","3","0","1","1","1","0"
"21678","83866402","21678","19","1","1","7","6","0","1","1","1","0"
"21679","83866402","21679","23","1","1","7","5","0","2","0","1","0"
"21680","83866402","21680","11","1","1","7","5","0","1","1","1","0"
"21681","83866405","21681","65","3","3","1","7","0","1","1","1","0"
"21682","83866405","21682","13","3","1","7","3","0","1","1","1","0"
"21683","83867201","21683","22","1","1","7","7","0","1","0","1","0"
"21684","83867201","21684","16","3","1","7","4","0","1","1","1","0"
"21685","83867201","21685","16","1","1","7","3","0","1","1","1","0"
"21686","83867201","21686","16","3","3","2","6","0","4","2","1","0"
"21687","83867201","21687","16","1","1","7","6","0","1","1","1","0"
"21688","83867303","21688","21","1","1","7","6","0","1","1","1","0"
"21689","83867308","21689","14","1","1","7","6","1","0","1","2","0"
"21690","83867308","21690","14","1","1","7","6","0","1","1","1","0"
"21691","83867308","21691","14","3","1","7","6","0","2","0","1","0"
"21692","83867308","21692","14","1","1","7","4","1","0","1","2","0"
"21693","83867401","21693","14","3","1","7","6","0","1","1","1","0"
"21694","83867401","21694","14","1","1","7","6","0","1","1","1","0"
"21695","83867401","21695","14","1","1","7","6","0","1","1","1","0"
"21696","83867401","21696","14","3","1","7","4","1","0","1","2","0"
"21697","83867401","21697","14","1","1","7","6","0","3","0","1","0"
"21698","83867401","21698","21","2","1","1","6","0","2","0","1","0"
"21699","83867401","21699","14","1","1","7","3","1","0","1","2","0"
"21700","83867408","21700","52","1","1","7","6","0","1","1","1","0"
"21701","83867408","21701","14","1","1","7","6","0","1","1","1","0"
"21702","83867502","13191","31","1","1","7","6","0","1","1","1","0"
"21703","83867502","21703","31","1","1","7","6","0","1","1","1","0"
"21704","83867502","21704","31","1","1","7","6","0","1","1","1","0"
"21705","83867502","21705","17","1","1","1","2","0","1","1","1","0"
"21706","83867502","21706","51","1","1","7","6","0","1","1","1","0"
"21707","83867502","21707","31","1","1","7","6","0","1","1","1","0"
"21708","83867502","21708","17","1","1","7","2","1","0","1","2","0"
"21709","83867502","21709","16","1","1","7","5","0","1","0","1","0"
"21710","83867503","21710","18","1","1","7","6","0","1","1","1","0"
"21711","83867503","21711","13","1","1","7","6","0","1","2","1","0"
"21712","83867503","21712","18","1","1","7","6","0","1","2","1","0"
"21713","83867503","21713","13","2","3","1","5","1","0","1","2","0"
"21714","83867503","21714","52","1","1","1","6","0","1","1","1","0"
"21715","83867504","21715","11","1","3","1","6","1","0","1","2","0"
"21716","83867504","21716","11","1","1","7","6","1","0","1","2","0"
"21717","83867504","21717","11","3","1","7","7","0","1","1","1","0"
"21718","83867504","21718","16","3","1","1","6","0","3","0","1","0"
"21719","83867504","21719","11","1","1","1","2","0","1","1","1","0"
"21720","83867504","21720","18","1","1","7","6","0","1","1","1","0"
"21721","83867504","21721","15","1","1","7","6","0","1","1","1","0"
"21722","83867504","21722","11","1","1","7","6","1","0","1","2","0"
"21723","83867504","21723","16","1","1","7","6","0","1","1","1","0"
"21724","83867504","21724","64","1","1","7","6","1","0","1","2","0"
"21725","83867504","21725","16","1","2","1","6","0","1","1","1","0"
"21726","83867504","21726","16","3","1","7","6","0","3","0","1","0"
"21727","83867504","21727","16","3","1","7","6","0","3","0","1","0"
"21728","83867504","21728","81","3","1","1","6","0","2","0","3","0"
"21729","83867504","21729","35","1","1","7","3","0","1","1","1","0"
"21730","83867504","21730","11","3","3","1","6","0","3","0","1","0"
"21731","83867504","21731","81","3","1","7","6","0","1","1","1","0"
"21732","83867504","21732","16","3","1","7","6","0","3","0","1","0"
"21733","83867504","21733","11","3","1","1","6","0","1","1","1","0"
"21734","83867504","21734","15","1","1","7","6","0","1","0","1","0"
"21735","83867504","21735","11","1","1","7","6","1","0","3","2","0"
"21736","83867504","21736","51","1","3","1","6","0","2","1","1","0"
"21737","83867504","21737","51","1","1","7","6","0","2","0","1","0"
"21738","83867509","21738","11","1","1","7","2","0","1","1","1","0"
"21739","83867509","21739","16","1","1","7","6","0","1","1","1","0"
"21740","83867509","21740","16","1","1","7","4","0","1","1","1","0"
"21741","83867509","21741","53","1","1","7","0","0","1","0","1","0"
"21742","83867509","21742","11","2","3","2","6","0","1","1","1","0"
"21743","83867509","21743","81","3","1","7","6","1","1","0","2","0"
"21744","83867509","21744","11","3","3","2","4","0","1","1","1","0"
"21745","83867509","21720","18","1","1","7","6","0","1","1","1","0"
"21746","83867509","21746","51","1","1","7","7","1","0","1","2","0"
"21747","83867509","21747","11","1","3","2","6","1","0","1","2","0"
"21748","83867509","21748","71","1","1","7","6","0","1","1","1","0"
"21749","83867509","21749","51","3","3","1","6","0","1","1","1","0"
"21750","83867509","21750","82","1","1","7","6","0","1","3","1","0"
"21751","83867509","21751","11","1","1","7","6","1","0","1","2","0"
"21752","83867509","21752","11","3","1","1","6","0","2","0","1","0"
"21753","83867509","21753","11","3","1","1","6","0","1","1","1","0"