"accident_id","lieu_id","date_id","cause_id","lum_id","intemp_id","etat_surface_id","impliq_id","nb_blesses_graves","nb_blesses_legers","nb_indemnes","gravite","nb_morts"
"21754","83867509","21754","16","1","1","7","6","0","2","0","1","0"
"21755","83867509","21755","71","1","1","1","6","0","0","1","3","0"
"21756","83867509","21756","11","3","1","7","6","0","1","1","1","0"
"21757","83867509","21757","81","3","1","7","6","0","1","1","1","0"
"21758","83867509","21758","41","1","1","7","5","0","1","2","1","0"
"21759","83867509","21759","17","1","1","7","2","0","1","1","1","0"
"21760","83867512","21760","16","3","1","7","4","0","1","1","1","0"
"21761","83867512","21761","14","1","3","1","6","0","1","1","1","0"
"21762","83871108","21762","35","3","3","1","6","1","0","1","2","0"
"21763","83871406","21763","14","1","1","1","6","0","1","1","1","0"
"21764","83873501","21764","63","1","2","1","6","0","2","0","1","0"
"21765","83873501","21765","24","1","1","7","4","0","1","1","1","0"
"21766","83874409","21766","51","1","1","7","4","0","1","1","1","0"
"21767","83874409","21767","71","1","1","7","6","0","1","1","1","0"
"21768","83874409","21768","19","3","3","1","4","0","1","1","1","0"
"21769","83874503","21769","11","1","1","7","6","0","1","1","1","0"
"21770","83874503","21770","11","3","2","1","6","0","1","1","1","0"
"21771","83874503","21771","16","3","1","1","6","0","2","0","1","0"
"21772","83874503","21772","11","1","1","7","6","0","1","2","1","0"
"21773","83874503","21773","51","1","3","1","3","0","1","1","1","0"
"21774","83874503","21774","16","1","1","7","4","0","1","1","1","0"
"21775","83874503","21775","18","1","1","7","6","0","1","2","1","0"
"21776","83874503","21776","11","3","1","7","6","0","1","1","1","0"
"21777","83874503","21777","16","4","1","7","4","0","1","1","1","0"
"21778","83874503","21778","81","3","1","7","4","0","1","1","1","0"
"21779","83874503","10937","17","1","1","7","2","0","1","1","1","0"
"21780","83874503","21780","11","1","1","7","6","0","1","1","1","0"
"21781","83874503","21781","11","3","1","7","5","0","2","0","1","0"
"21782","83874503","21782","11","3","3","1","8","0","1","1","1","0"
"21783","83874503","21783","11","3","1","7","6","2","1","0","3","1"
"21784","83875102","21784","14","3","1","7","6","1","0","1","2","0"
"21785","83875105","21785","71","1","1","7","6","0","1","1","1","0"
"21786","83875203","21786","51","1","1","7","3","0","1","1","1","0"
"21787","83875205","21787","31","1","1","7","6","0","1","1","1","0"
"21788","83875205","21788","16","1","1","7","5","1","3","0","2","0"
"21789","83875205","21789","13","1","1","2","6","0","1","1","1","0"
"21790","83875205","21790","17","2","3","1","2","0","1","1","1","0"
"21791","83875205","21791","17","1","6","7","2","0","1","1","1","0"
"21792","83875301","21792","51","1","1","7","4","0","1","1","1","0"
"21793","83875301","21793","16","3","1","7","4","0","1","1","1","0"
"21794","83875301","21794","16","3","1","7","5","2","1","0","2","0"
"21795","83875303","21795","13","1","1","7","6","0","1","1","1","0"
"21796","83875504","21796","13","3","3","2","3","1","0","1","2","0"
"21797","83875504","21797","51","1","1","7","6","0","1","2","1","0"
"21798","83875504","21798","13","1","1","7","4","0","1","1","1","0"
"21799","83876101","780","11","1","3","2","6","1","0","2","2","0"
"21800","83876101","21800","71","3","7","7","6","0","1","1","1","0"
"21801","83876101","21801","16","4","1","1","6","0","1","1","1","0"
"21802","83876107","21802","14","1","1","7","6","0","1","1","1","0"
"21803","83876108","21803","17","1","1","7","2","0","1","1","1","0"
"21804","83876108","21804","17","1","3","1","2","0","1","1","1","0"
"21805","83876108","21805","11","1","1","7","6","0","1","1","1","0"
"21806","83876108","21806","17","1","1","7","2","0","1","1","1","0"
"21807","83876108","21807","17","1","1","7","2","0","1","1","1","0"
"21808","83876311","21808","11","1","1","7","6","1","0","1","2","0"
"21809","83876311","21809","51","1","1","7","6","0","1","1","1","0"
"21810","83876311","21810","11","3","1","2","6","0","0","3","0","0"
"21811","83876311","21811","16","1","1","7","4","0","1","1","1","0"
"21812","83876311","21812","11","1","1","7","6","0","1","1","1","0"
"21813","83876311","21813","11","3","1","7","6","1","0","1","2","0"
"21814","83876311","21814","11","3","1","1","6","0","2","0","1","0"
"21815","83876311","21815","11","3","1","7","6","0","2","1","1","0"
"21816","83876311","21816","16","3","1","7","4","0","1","1","1","0"
"21817","83876311","21817","11","1","1","1","6","0","2","0","1","0"
"21818","83876311","21818","16","1","1","1","4","1","0","1","2","0"
"21819","83876311","21819","11","3","1","7","6","0","1","1","1","0"
"21820","83876311","21820","81","2","1","1","5","1","0","1","2","0"
"21821","83876311","21821","16","1","1","7","6","0","1","1","1","0"
"21822","83876311","21822","16","1","1","7","6","0","3","0","1","0"
"21823","83876311","21823","11","1","1","7","6","0","4","0","1","0"
"21824","83876311","21824","11","1","1","7","6","0","1","1","1","0"
"21825","83876311","21825","11","1","1","7","4","0","1","1","1","0"
"21826","83876311","21826","11","1","1","7","6","0","3","0","1","0"
"21827","83876311","21827","17","1","1","7","2","0","1","1","1","0"
"21828","83876401","21828","16","1","1","7","6","0","2","0","1","0"
"21829","83876401","21829","64","1","1","7","6","0","1","1","1","0"
"21830","83876401","21830","13","3","3","2","6","0","1","1","1","0"
"21831","83876401","21831","16","1","1","7","6","0","1","2","1","0"
"21832","83876401","21832","51","1","1","7","6","0","1","2","1","0"
"21833","83876401","21833","72","1","1","7","4","0","1","1","1","0"
"21834","83876401","21834","13","1","1","7","3","0","1","1","1","0"
"21835","83876401","21835","13","1","1","7","6","0","3","1","1","0"
"21836","83876401","21836","16","1","1","1","6","0","3","2","1","0"
"21837","83876401","21837","13","1","3","1","6","0","1","1","1","0"
"21838","83876401","21838","13","1","3","1","5","0","1","1","1","0"
"21839","83877104","11853","72","1","1","7","5","0","1","1","1","0"
"21840","83877104","21840","71","1","1","7","6","0","1","1","1","0"
"21841","83877104","21841","52","3","1","7","0","1","1","0","2","0"
"21842","83877202","21842","14","1","3","1","6","0","1","1","1","0"
"21843","83877203","15247","71","1","3","1","6","0","1","1","1","0"
"21844","83877204","21844","17","1","1","1","2","0","1","1","1","0"
"21845","83877204","21845","71","1","1","7","6","0","1","1","1","0"
"21846","83877204","21846","17","1","1","1","1","0","1","1","1","0"
"21847","83877204","21847","85","3","1","7","6","0","1","1","1","0"
"21848","83877204","21848","11","1","1","1","6","1","0","1","2","0"
"21849","83877204","21849","71","3","1","7","6","0","1","1","1","0"
"21850","83877205","21850","11","1","1","1","6","0","2","1","1","0"
"21851","83877205","21851","71","1","1","7","6","0","0","1","3","0"
"21852","83877205","21852","81","3","1","7","0","0","0","0","3","0"
"21853","83877208","21853","21","1","1","7","4","0","1","1","1","0"
"21854","83877301","21854","31","1","1","7","5","0","1","1","1","0"
"21855","83877304","21855","14","1","3","2","6","0","1","1","1","0"
"21856","83877304","21856","21","1","1","7","4","0","1","1","1","0"
"21857","83877402","21857","72","1","1","7","6","0","1","1","1","0"
"21858","83877403","21858","17","1","1","7","2","0","1","1","1","0"
"21859","83877404","21859","21","1","1","7","6","0","1","1","1","0"
"21860","83881102","21860","71","3","1","4","6","1","0","1","2","0"
"21861","83881102","21861","17","3","1","7","2","0","1","1","1","0"
"21862","83881103","21862","18","1","1","6","5","0","1","1","1","0"
"21863","83881103","8009","16","1","1","7","4","1","0","1","2","0"
"21864","83881110","21864","52","1","1","1","6","0","2","3","1","0"
"21865","83883205","21865","14","1","1","7","3","0","1","1","1","0"
"21866","83884214","21866","14","1","1","7","6","0","1","1","1","0"
"21867","83884214","21867","14","1","1","6","6","0","1","1","1","0"
"21868","83884214","21868","14","1","1","1","6","0","3","3","1","0"
"21869","83884410","21869","17","3","1","1","2","0","1","1","1","0"
"21870","83885103","21870","36","1","1","7","3","0","1","1","1","0"
"21871","83885103","21871","17","1","1","1","2","0","2","1","1","0"
"21872","83885103","21872","13","2","1","7","6","0","1","0","1","0"
"21873","83885201","21873","21","1","1","7","6","0","1","1","1","0"
"21874","83885201","21874","99","1","1","7","0","0","1","0","1","0"
"21875","83885206","21875","21","3","6","4","6","0","1","2","1","0"
"21876","83885206","21876","23","1","1","7","5","1","0","1","2","0"
"21877","83885206","21877","71","1","1","7","6","0","1","1","1","0"
"21878","83885206","21878","52","3","1","7","6","0","1","1","1","0"
"21879","83885206","21879","16","3","1","7","6","1","0","1","2","0"
"21880","83885206","18608","51","1","3","2","6","0","1","2","1","0"
"21881","83885206","21881","11","1","1","7","6","0","1","1","1","0"
"21882","83885206","21882","11","1","1","7","5","0","2","0","1","0"
"21883","83885206","21883","16","1","1","7","6","0","1","1","1","0"
"21884","83885206","21884","11","1","1","7","5","0","1","1","1","0"
"21885","83885206","4436","42","1","3","1","6","0","1","0","1","0"
"21886","83885206","21886","16","1","1","7","6","0","3","0","1","0"
"21887","83885315","21887","19","1","1","1","6","1","0","1","2","0"
"21888","83885315","21888","51","1","3","1","6","0","1","1","1","0"
"21889","83885315","21889","11","1","1","1","6","0","1","1","1","0"
"21890","83885315","21890","51","1","1","7","6","0","1","1","1","0"
"21891","83886202","21891","11","1","1","7","5","0","1","2","1","0"
"21892","83886202","21892","51","1","1","1","6","0","1","2","1","0"
"21893","83886207","21893","13","1","1","7","6","0","1","1","1","0"
"21894","83886207","21894","13","1","1","7","4","0","1","1","1","0"
"21895","83887402","21895","51","3","4","4","2","1","0","1","2","0"
"21896","83887402","21896","52","3","6","1","0","0","1","0","1","0"
"21897","83887402","21897","14","1","1","7","6","0","1","1","1","0"
"21898","83887402","21898","14","1","1","2","6","0","1","6","1","0"
"21899","83887402","21899","52","2","6","1","0","1","0","0","2","0"
"21900","83887402","9458","16","3","3","1","6","2","2","1","2","0"
"21901","83887503","21901","51","1","6","7","6","0","2","3","1","0"
"21902","83887503","21902","18","1","1","7","6","0","1","1","1","0"
"21903","83887504","21903","51","4","1","1","4","0","2","1","1","0"
"21904","83887504","21904","14","1","1","7","6","0","2","0","1","0"
"21905","83891101","21905","16","1","1","7","4","0","1","1","1","0"
"21906","83891101","21906","18","1","7","2","6","1","0","1","2","0"
"21907","83891101","21907","13","3","1","1","6","0","1","1","1","0"
"21908","83891104","21908","18","1","1","7","6","0","1","2","1","0"
"21909","83891104","21909","16","1","1","7","6","0","1","2","1","0"
"21910","83891104","21910","16","1","1","7","4","0","1","1","1","0"
"21911","83891104","21911","16","1","1","7","5","0","1","1","1","0"
"21912","83891205","21912","71","1","1","7","6","0","1","1","1","0"
"21913","83891208","21913","71","3","1","1","6","0","1","1","1","0"
"21914","83891208","21914","16","1","1","7","6","0","2","0","1","0"
"21915","83891208","21915","16","3","3","1","4","0","1","1","1","0"
"21916","83891208","21916","16","1","1","7","4","1","0","1","2","0"
"21917","83891403","21917","52","1","1","7","6","0","1","1","1","0"
"21918","83891405","21918","17","1","1","7","2","1","0","1","2","0"
"21919","83891406","21919","16","3","1","7","5","0","1","1","1","0"
"21920","83891406","21920","17","1","1","7","2","1","0","1","2","0"
"21921","83891406","21921","13","1","1","7","4","0","1","1","1","0"
"21922","83891406","21922","17","1","1","7","2","1","0","1","2","0"
"21923","83891406","21923","17","1","1","1","2","0","1","1","1","0"
"21924","83891407","21924","71","1","1","7","6","1","0","1","2","0"
"21925","83891407","21925","16","1","1","7","6","0","1","4","1","0"
"21926","83891407","21926","17","1","1","7","1","0","1","1","1","0"
"21927","83891411","21927","71","1","1","7","6","0","2","1","1","0"
"21928","83892407","21928","52","1","1","7","0","0","2","0","1","0"
"21929","83893104","21929","81","1","1","7","6","1","0","1","2","0"
"21930","83893501","21930","31","1","1","7","6","0","1","1","1","0"
"21931","83893501","21931","11","1","1","7","2","0","0","1","3","0"
"21932","83893501","21932","31","3","1","7","6","0","1","1","1","0"
"21933","83893501","21933","51","3","1","1","6","0","1","1","1","0"
"21934","83893501","21934","16","5","1","1","6","0","3","0","1","0"
"21935","83893501","21935","16","1","1","7","6","0","1","1","1","0"
"21936","83893501","21936","35","1","1","6","3","0","1","1","1","0"
"21937","83893501","21937","17","1","1","7","2","0","1","1","1","0"
"21938","83893501","21938","11","1","1","7","6","0","3","1","1","0"
"21939","83893501","21939","11","1","1","1","6","0","1","1","1","0"
"21940","83893501","21940","11","1","1","7","6","0","1","1","1","0"
"21941","83893501","21941","11","1","1","7","6","1","1","0","2","0"
"21942","83893501","21942","16","1","2","1","6","0","1","1","1","0"
"21943","83895203","21943","16","1","3","1","6","0","3","2","1","0"
"21944","83895203","21944","13","3","3","2","6","0","3","0","1","0"
"21945","83895203","21945","17","1","1","1","4","0","1","1","1","0"
"21946","83895203","21946","17","1","2","2","4","1","0","1","2","0"
"21947","83895203","21947","26","1","1","7","4","0","1","1","1","0"
"21948","83895203","21948","16","1","1","1","6","1","1","3","2","0"
"21949","83895204","21949","51","1","3","1","6","0","1","1","1","0"
"21950","83895204","21950","81","1","3","1","0","1","2","0","2","0"
"21951","83895204","21951","52","1","1","7","0","0","2","0","1","0"
"21952","83895204","21952","17","1","1","7","3","0","1","1","1","0"
"21953","83895204","21953","16","1","1","7","6","0","2","4","1","0"
"21954","83897301","15158","14","2","1","7","6","1","2","3","2","0"
"21955","83897401","21955","81","3","1","1","7","2","0","7","3","1"
"21956","83901202","21956","11","1","1","7","6","0","2","0","1","0"
"21957","83901202","21957","52","1","1","7","6","0","3","0","1","0"
"21958","83901202","21958","11","1","1","7","7","0","1","1","1","0"
"21959","83901202","21959","11","1","1","7","1","0","2","0","1","0"
"21960","83901202","21960","81","1","1","7","6","1","1","0","2","0"
"21961","83901203","21961","13","3","1","1","6","0","2","0","1","0"
"21962","83901204","21962","51","1","1","7","6","1","0","1","2","0"
"21963","83901402","21963","13","1","3","1","6","0","2","1","1","0"
"21964","83903502","21964","51","1","1","7","6","0","1","1","1","0"
"21965","83906301","21965","51","1","1","7","6","0","4","1","1","0"
"21966","83906301","21966","81","1","1","7","6","0","3","1","1","0"
"21967","83906301","21967","16","1","1","7","4","1","0","1","2","0"
"21968","83906301","21968","16","1","3","2","6","0","1","2","1","0"
"21969","83906301","21969","15","1","3","2","6","0","1","1","1","0"
"21970","83906301","21970","11","1","1","7","6","0","1","2","1","0"
"21971","83906301","21971","81","1","1","7","5","1","0","0","3","0"
"21972","83906301","21972","51","1","6","1","6","0","1","1","1","0"
"21973","83906301","21973","11","1","1","7","6","0","0","1","3","0"
"21974","83906301","21974","51","1","3","1","6","0","4","1","1","0"
"21975","83911206","21975","51","1","3","1","6","0","2","0","1","0"
"21976","83911206","21976","52","3","1","1","0","0","1","1","1","0"
"21977","83911406","21977","14","1","1","7","6","0","1","1","1","0"
"21978","83911410","21978","52","1","1","2","6","1","2","0","2","0"
"21979","83912101","21979","19","3","1","1","6","0","1","1","1","0"
"21980","83912505","21980","85","2","3","1","6","0","1","1","1","0"
"21981","83913403","21981","13","1","1","7","6","0","2","0","1","0"
"21982","83913403","21982","13","1","1","7","6","1","1","0","2","0"
"21983","83921303","21983","21","1","1","7","3","1","0","1","2","0"
"21984","83921303","21984","14","3","1","7","6","0","2","1","1","0"
"21985","83922105","21985","51","3","3","2","6","0","1","1","1","0"
"21986","83922105","21986","16","1","1","7","6","1","2","1","2","0"
"21987","83922105","21987","81","3","1","7","6","0","0","1","3","0"
"21988","83922105","21988","11","3","3","1","2","1","0","1","2","0"
"21989","83922105","21989","17","1","1","7","2","0","1","1","1","0"
"21990","83922105","21990","11","3","1","7","6","1","0","1","2","0"
"21991","83922204","21991","51","3","1","1","6","0","2","0","1","0"
"21992","83922204","21992","64","1","2","2","7","0","1","1","1","0"
"21993","83922206","2467","13","1","1","7","6","1","0","1","2","0"
"21994","83922301","21994","51","1","1","7","3","0","1","1","1","0"
"21995","83922301","21995","17","1","1","7","2","0","1","1","1","0"
"21996","83922401","21996","25","1","1","7","6","0","1","1","1","0"
"21997","83922503","21997","14","1","3","1","6","0","1","1","1","0"
"21998","83922505","21998","14","1","1","1","6","0","1","1","1","0"
"21999","83922505","21999","14","1","1","7","6","0","1","1","1","0"
"22000","83923302","22000","19","1","1","7","3","0","1","1","1","0"
"22001","83923307","22001","16","1","3","2","6","0","3","0","1","0"
"22002","83923402","22002","19","1","1","2","3","0","1","1","1","0"
"22003","83923402","22003","23","1","1","7","4","1","0","1","2","0"
"22004","83923402","22004","51","3","2","2","6","0","2","0","1","0"
"22005","83923402","22005","17","1","1","7","2","1","0","1","2","0"
"22006","83923402","22006","72","1","1","7","5","2","0","0","2","0"
"22007","83923403","22007","14","3","1","7","6","0","4","0","1","0"
"22008","83923403","22008","17","3","1","7","2","0","0","1","3","0"
"22009","83923403","22009","71","1","1","7","6","0","1","1","1","0"
"22010","83923503","22010","31","1","1","7","6","0","1","1","1","0"
"22011","83923503","22011","31","1","1","7","6","0","1","1","1","0"
"22012","83923503","22012","71","1","3","2","4","1","1","0","2","0"
"22013","83923503","22013","25","3","1","7","6","0","2","0","1","0"
"22014","83923503","22014","17","3","1","7","2","1","0","1","2","0"
"22015","83923503","22015","71","1","1","7","6","0","1","1","1","0"
"22016","83923506","22016","11","1","1","7","1","0","1","1","1","0"
"22017","83923506","22017","26","1","1","7","2","0","1","1","1","0"
"22018","83923506","22018","16","1","1","7","3","0","1","1","1","0"
"22019","83923506","22019","71","1","1","7","6","0","1","1","1","0"
"22020","83923506","22020","11","2","1","7","6","1","0","1","2","0"
"22021","83923506","22021","17","1","1","7","2","1","0","1","2","0"
"22022","83923506","22022","17","1","1","7","2","0","1","1","1","0"
"22023","83924102","22023","52","3","3","1","2","0","1","1","1","0"
"22024","83924110","22024","13","3","1","7","6","0","1","1","1","0"
"22025","83924110","22025","13","1","1","7","6","0","1","1","1","0"
"22026","83924110","22026","13","1","1","7","6","0","1","0","1","0"
"22027","83925205","22027","31","1","1","7","6","1","0","3","2","0"
"22028","83925205","22028","13","1","1","7","6","0","2","2","1","0"
"22029","83925212","22029","64","1","1","7","6","1","0","2","2","0"
"22030","83925212","22030","11","1","1","7","6","0","1","1","1","0"
"22031","83926308","22031","16","1","1","7","3","1","0","1","2","0"
"22032","83926501","22032","71","3","3","2","6","1","0","1","2","0"
"22033","83926503","22033","13","1","1","7","6","0","2","3","1","0"
"22034","83926503","22034","13","3","1","7","6","0","2","0","1","0"
"22035","83926503","22035","13","1","2","1","6","0","5","0","1","0"
"22036","83926503","22036","13","3","3","1","6","1","0","1","2","0"
"22037","83926503","22037","13","1","1","7","4","0","1","1","1","0"
"22038","83926503","22038","13","1","1","7","6","0","1","2","1","0"
"22039","83927304","22039","13","1","1","7","7","0","1","1","1","0"
"22040","83927404","22040","15","1","1","7","6","0","1","1","1","0"
"22041","83931105","22041","13","1","1","7","4","0","1","1","1","0"
"22042","83931201","22042","31","3","1","7","6","0","1","0","1","0"
"22043","83931203","22043","13","3","7","7","6","0","1","1","1","0"
"22044","83931203","22044","13","1","1","7","6","0","2","0","1","0"
"22045","83931203","22045","13","3","1","7","6","0","2","0","1","0"
"22046","83931203","22046","23","1","1","7","6","0","1","0","1","0"
"22047","83931203","22047","21","1","1","7","6","0","1","1","1","0"
"22048","83931203","22048","13","1","4","1","8","0","2","0","1","0"
"22049","83931209","22049","86","1","1","7","3","0","1","1","1","0"
"22050","83932301","22050","36","1","1","7","6","1","0","2","2","0"
"22051","83933203","22051","19","1","1","7","6","1","1","0","2","0"
"22052","83933205","22052","19","1","1","7","4","0","1","1","1","0"
"22053","83933205","22053","19","3","3","1","4","0","1","1","1","0"
"22054","83933304","22054","24","1","1","7","2","0","1","1","1","0"
"22055","83933305","22055","16","1","1","7","4","1","0","1","2","0"
"22056","83934104","22056","41","1","1","7","6","0","1","1","1","0"
"22057","83934104","22057","17","3","3","1","2","1","0","1","2","0"
"22058","83934122","22058","14","1","1","7","6","0","1","1","1","0"
"22059","83934215","22059","72","1","1","7","6","0","1","1","1","0"
"22060","83934217","22060","14","1","1","7","6","0","1","1","1","0"
"22061","83934217","22061","13","1","1","7","6","0","1","1","1","0"
"22062","83935203","22062","14","1","1","7","4","0","1","1","1","0"
"22063","83936107","22063","13","1","2","1","6","0","6","0","1","0"
"22064","83936202","22064","72","1","1","7","6","0","1","1","1","0"
"22065","84672502","22065","72","1","1","7","6","1","0","3","2","0"
"22066","84673509","22066","21","1","2","2","6","0","2","0","1","0"
"22067","84686101","22067","20","1","1","7","6","0","1","1","1","0"
"22068","84695101","22068","51","5","1","7","6","0","1","1","1","0"
"22069","84701206","22069","14","1","1","7","6","0","2","0","1","0"
"22070","84701303","22070","13","1","3","2","6","0","2","1","1","0"
"22071","84701303","22071","11","1","1","7","6","0","1","1","1","0"
"22072","84701406","16913","16","3","3","1","6","0","2","0","1","0"
"22073","84721505","22073","16","1","1","1","6","0","2","1","1","0"
"22074","84721505","22074","51","1","6","7","6","1","1","0","2","0"
"22075","84721505","22075","11","1","1","7","3","0","1","2","1","0"
"22076","84721505","22076","51","1","1","7","6","0","2","1","1","0"
"22077","84721505","22077","16","1","1","1","6","0","2","2","1","0"
"22078","84721505","22078","16","2","1","7","4","1","0","1","2","0"
"22079","84721505","22079","11","3","1","7","6","0","2","2","1","0"
"22080","84721505","22080","16","1","1","7","6","0","1","1","1","0"
"22081","84721505","22081","11","3","1","7","6","0","2","1","1","0"
"22082","84721505","22082","11","5","1","7","6","0","2","0","1","0"
"22083","84721505","22083","19","3","1","7","6","0","2","1","1","0"
"22084","84722504","22084","72","1","1","7","5","0","1","0","3","0"
"22085","84722504","22085","16","3","1","7","5","1","0","1","2","0"
"22086","84731209","22086","19","5","3","1","6","0","1","1","1","0"
"22087","84731210","22087","36","2","1","2","3","0","1","0","1","0"
"22088","84731401","22088","13","1","1","7","6","0","1","1","1","0"
"22089","84731506","22089","16","1","1","7","5","0","0","1","3","0"
"22090","84733102","22090","16","1","1","7","7","0","1","1","1","0"
"22091","84733102","22091","81","3","3","2","6","0","2","0","1","0"
"22092","84733202","22092","16","1","6","1","6","0","2","1","1","0"
"22093","84734406","22093","72","3","1","7","2","0","1","1","1","0"
"22094","84737402","22094","52","2","1","7","0","0","1","0","1","0"
"22095","84741507","22095","11","1","1","1","6","0","1","1","1","0"
"22096","84741507","22096","51","3","3","2","4","0","1","1","1","0"
"22097","84741507","22097","31","3","1","7","6","2","2","4","2","0"
"22098","84742202","22098","81","1","1","7","5","0","2","1","1","0"
"22099","84742309","22099","17","1","1","7","2","0","1","1","1","0"
"22100","84742309","22100","17","1","1","7","2","0","2","1","1","0"
"22101","84742311","15265","71","2","1","7","6","1","0","1","2","0"
"22102","84742311","9078","17","3","3","1","1","0","1","1","1","0"
"22103","84742311","22103","64","1","1","7","6","1","0","1","2","0"
"22104","84742505","22104","81","3","3","2","6","0","1","1","1","0"
"22105","84742505","22105","16","1","1","7","4","0","1","1","1","0"
"22106","84742505","22106","17","1","1","7","2","1","0","1","2","0"
"22107","84743201","22107","11","2","1","7","2","2","0","1","2","0"
"22108","84743201","22108","11","1","1","7","6","0","2","1","1","0"
"22109","84743201","22109","16","1","1","1","6","0","2","0","1","0"
"22110","84743201","22110","16","1","1","7","6","0","1","1","1","0"
"22111","84743201","22111","11","1","1","7","6","0","1","1","1","0"
"22112","84743201","22112","11","3","1","7","6","0","1","0","1","0"
"22113","84743201","22113","16","1","1","7","6","0","1","1","1","0"
"22114","84743201","22114","11","1","1","7","6","0","1","1","1","0"
"22115","84743201","22115","16","1","1","7","4","0","1","1","1","0"
"22116","84743201","22116","11","1","1","7","6","0","1","1","1","0"
"22117","84743201","22117","16","1","6","2","6","0","1","2","1","0"
"22118","84743202","22118","19","1","1","7","6","0","1","1","1","0"
"22119","84743202","22119","19","1","1","7","6","0","2","2","1","0"
"22120","84743202","22120","16","2","1","7","6","0","1","1","1","0"
"22121","84743202","22121","19","1","3","1","6","0","2","1","1","0"
"22122","84743202","22122","19","1","1","2","6","0","1","2","1","0"
"22123","84743202","22123","19","1","1","7","5","0","1","1","1","0"
"22124","84743202","22124","51","1","1","7","6","0","1","1","1","0"
"22125","84743301","22125","52","2","1","7","0","0","1","0","1","0"
"22126","84743301","22126","14","3","1","1","3","0","1","1","1","0"
"22127","84743401","22127","16","1","1","7","4","1","0","1","2","0"
"22128","84743401","22128","11","1","1","7","6","2","3","1","2","0"
"22129","84743401","22129","11","4","1","1","6","0","1","1","1","0"
"22130","84743401","22130","16","2","1","7","4","1","0","1","2","0"
"22131","84743401","22131","16","1","3","1","6","0","1","1","1","0"
"22132","84743401","22132","16","3","1","7","4","1","0","1","2","0"
"22133","84743401","22133","17","2","1","1","4","0","1","1","1","0"
"22134","84743401","22134","16","3","1","7","4","0","1","1","1","0"
"22135","84743401","22135","52","3","1","7","0","0","1","1","1","0"
"22136","84743503","22136","11","1","1","7","6","1","0","1","2","0"
"22137","84743503","22137","11","1","1","7","6","1","0","1","2","0"
"22138","84743503","22138","16","1","1","7","4","1","0","1","2","0"
"22139","84743503","22139","16","3","1","1","6","0","1","1","1","0"
"22140","84743503","22140","71","1","1","7","6","0","1","1","1","0"
"22141","84743503","22141","16","1","1","7","4","0","1","1","1","0"
"22142","84743503","22142","11","1","1","7","3","0","1","0","1","0"
"22143","84744204","22143","52","3","1","2","0","0","2","0","1","0"
"22144","84744315","22144","51","1","1","1","6","0","2","0","1","0"
"22145","84744315","22145","11","3","1","7","6","0","1","1","1","0"
"22146","84744315","22146","11","3","1","7","6","0","1","2","1","0"
"22147","84744315","22147","11","3","3","2","6","1","0","1","2","0"
"22148","84744315","22148","16","3","1","7","3","0","1","1","1","0"
"22149","84744315","22149","17","1","1","7","2","0","1","1","1","0"
"22150","84744315","22150","11","1","1","7","6","1","0","1","2","0"
"22151","84744315","22151","16","1","1","7","6","3","0","0","2","0"
"22152","84744315","22152","81","1","1","7","6","0","1","0","1","0"
"22153","84744315","22153","52","3","1","7","0","0","1","2","1","0"
"22154","84744315","8071","11","3","1","7","6","0","2","0","1","0"
"22155","84744315","22155","51","1","1","7","6","0","2","1","1","0"
"22156","84744315","22156","11","1","1","7","6","0","1","1","1","0"
"22157","84744503","22157","13","1","1","7","4","0","1","1","1","0"
"22158","84744506","22158","35","1","1","7","4","0","1","1","1","0"
"22159","84745113","22159","53","1","1","7","6","0","1","1","1","0"
"22160","84745410","22160","11","1","1","7","6","0","2","1","1","0"
"22161","84745411","22161","17","3","7","7","2","1","0","1","2","0"
"22162","84746402","22162","31","1","1","7","6","0","1","1","1","0"
"22163","84747204","22163","11","1","1","7","6","1","0","1","2","0"
"22164","84747204","22164","16","1","1","1","6","1","0","1","2","0"
"22165","84747204","22165","11","3","1","7","3","0","1","1","1","0"
"22166","84747204","22166","12","1","2","1","2","0","1","1","1","0"
"22167","84747204","22167","11","1","1","7","6","0","1","1","1","0"
"22168","84747204","22168","16","1","1","7","3","0","1","1","1","0"
"22169","84751108","22169","17","3","3","1","2","0","1","1","1","0"
"22170","84751108","22170","64","1","1","7","6","0","1","1","1","0"
"22171","84751301","22171","23","1","1","1","4","0","1","1","1","0"
"22172","84751301","22172","21","1","1","7","6","0","1","1","1","0"
"22173","84751301","22173","14","1","1","7","6","0","1","1","1","0"
"22174","84751320","22174","18","1","1","7","6","0","1","2","1","0"
"22175","84751320","22175","11","1","1","7","6","0","2","0","1","0"
"22176","84751320","22176","11","1","1","7","6","0","2","2","1","0"
"22177","84751320","22177","11","1","1","7","6","1","1","1","2","0"