"accident_id","lieu_id","date_id","cause_id","lum_id","intemp_id","etat_surface_id","impliq_id","nb_blesses_graves","nb_blesses_legers","nb_indemnes","gravite","nb_morts"
"22178","84751320","22178","11","1","1","7","6","0","1","2","1","0"
"22179","84751320","22179","11","1","1","7","6","0","1","2","1","0"
"22180","84751320","22180","11","3","1","1","6","0","1","1","1","0"
"22181","84751320","22181","11","1","1","7","6","0","3","2","1","0"
"22182","84751320","22182","11","2","1","7","6","0","2","3","1","0"
"22183","84751320","22183","11","1","1","7","6","0","2","0","1","0"
"22184","84751421","22184","11","1","1","7","6","0","3","1","1","0"
"22185","84751421","22185","12","1","1","7","6","0","2","0","1","0"
"22186","84751421","22186","11","1","1","7","4","1","0","1","2","0"
"22187","84751421","22187","14","3","1","7","6","0","1","1","1","0"
"22188","84751421","22188","11","1","1","7","6","0","2","1","1","0"
"22189","84751421","22189","11","1","1","7","6","1","0","2","3","1"
"22190","84751421","22190","11","1","1","7","6","1","2","1","2","0"
"22191","84751422","22191","41","3","3","1","7","0","1","1","1","0"
"22192","84752213","22192","21","1","1","7","3","0","1","0","1","0"
"22193","84752402","22193","16","1","1","7","6","1","0","1","2","0"
"22194","84752403","22194","16","1","1","7","4","1","0","1","2","0"
"22195","84753213","22195","21","1","1","7","6","0","1","1","1","0"
"22196","84753301","22196","31","3","1","7","6","0","3","0","1","0"
"22197","84753301","22197","13","1","1","7","5","0","1","1","1","0"
"22198","84753301","22198","17","1","1","7","2","0","1","1","1","0"
"22199","84754102","22199","21","1","1","7","6","0","1","1","1","0"
"22200","84754105","20441","14","3","1","7","4","0","1","1","1","0"
"22201","84754105","22201","31","1","1","7","6","0","1","1","1","0"
"22202","84754302","22202","21","1","1","7","6","0","1","1","1","0"
"22203","84754302","22203","16","1","3","2","6","0","1","2","1","0"
"22204","84754305","22204","18","1","1","7","6","0","1","1","1","0"
"22205","84755307","22205","17","1","1","2","2","0","1","1","1","0"
"22206","84755307","22206","11","1","1","7","6","0","2","1","1","0"
"22207","84755307","22207","17","1","1","7","1","0","1","1","1","0"
"22208","84755307","22208","11","1","1","7","6","0","1","1","1","0"
"22209","84755404","22209","13","2","3","1","6","1","0","1","2","0"
"22210","84755413","22210","13","1","1","2","6","0","1","1","1","0"
"22211","84757403","22211","41","2","1","6","6","0","1","1","1","0"
"22212","84757404","22212","13","1","1","7","4","1","0","1","2","0"
"22213","84757502","22213","51","1","1","7","6","0","1","1","1","0"
"22214","84757502","22214","21","1","1","7","6","0","1","1","1","0"
"22215","84757502","22215","13","1","1","7","3","0","1","1","1","0"
"22216","84757502","22216","51","1","1","7","6","0","1","1","1","0"
"22217","84761513","22217","13","1","1","7","4","0","2","1","1","0"
"22218","84761513","22218","51","3","1","7","6","0","2","0","1","0"
"22219","84761513","22219","13","3","1","7","6","0","1","2","1","0"
"22220","84761513","22220","13","3","1","7","6","0","1","2","1","0"
"22221","84762108","22221","11","1","1","7","6","0","1","1","1","0"
"22222","84762108","18998","11","1","1","7","6","0","1","2","1","0"
"22223","84762108","22223","11","3","1","7","4","1","0","1","2","0"
"22224","84762210","22224","11","1","1","7","3","0","1","1","1","0"
"22225","84762210","22225","18","1","3","1","6","0","1","1","1","0"
"22226","84762210","22226","51","3","1","7","6","0","3","0","1","0"
"22227","84763420","22227","11","1","1","1","6","2","0","5","2","0"
"22228","84763420","22228","11","1","1","7","6","0","1","1","1","0"
"22229","84763420","22229","11","1","3","2","6","0","2","0","1","0"
"22230","84763420","22230","11","1","1","7","6","1","0","1","2","0"
"22231","84763420","22231","11","3","1","7","6","0","3","0","1","0"
"22232","84763420","22232","11","1","1","4","6","1","0","1","2","0"
"22233","84763420","22233","11","1","1","7","6","0","3","0","1","0"
"22234","84763420","22234","11","1","1","7","6","0","5","0","1","0"
"22235","84763420","169","11","3","1","7","6","0","1","1","1","0"
"22236","84763420","22236","14","2","1","7","6","1","1","1","2","0"
"22237","84763420","22237","11","1","1","7","6","0","1","1","1","0"
"22238","84763420","22238","11","1","1","7","6","0","3","0","1","0"
"22239","84763420","22239","11","1","1","7","6","0","1","0","1","0"
"22240","84763420","22240","11","1","1","2","6","0","1","1","1","0"
"22241","84763420","14499","11","1","1","7","6","0","1","1","1","0"
"22242","84763420","22242","11","1","1","7","7","0","2","1","1","0"
"22243","84763420","22243","11","1","1","7","6","0","1","1","1","0"
"22244","84763510","22244","11","3","1","7","6","0","1","2","1","0"
"22245","84763510","22245","14","1","1","1","6","0","1","0","1","0"
"22246","84763510","22246","35","1","1","7","3","0","1","1","1","0"
"22247","84763510","22247","52","1","2","2","0","0","3","1","1","0"
"22248","84763511","22248","11","1","1","7","6","0","1","0","1","0"
"22249","84763511","22249","11","1","1","7","8","0","2","0","1","0"
"22250","84763511","22250","24","1","1","7","6","0","1","0","1","0"
"22251","84763511","22251","11","1","1","7","6","0","1","1","1","0"
"22252","84764508","22252","51","1","3","1","7","0","1","1","1","0"
"22253","84767111","22253","16","3","1","7","6","0","2","0","1","0"
"22254","84767111","22254","16","1","1","7","4","1","0","1","2","0"
"22255","84767111","22255","16","1","1","7","6","1","0","1","2","0"
"22256","84767111","22256","17","1","1","7","4","1","1","1","2","0"
"22257","84767111","22257","71","1","1","7","6","1","0","1","2","0"
"22258","84767111","22258","16","1","1","7","4","0","1","1","1","0"
"22259","84767111","22259","13","1","1","7","6","1","0","1","2","0"
"22260","84767111","22260","16","1","1","7","4","0","1","1","1","0"
"22261","84767111","22261","13","1","1","7","6","0","1","1","1","0"
"22262","84767111","22262","16","1","3","1","5","0","1","2","1","0"
"22263","84767404","22263","19","1","1","7","6","0","1","1","1","0"
"22264","84767404","22264","51","1","3","1","6","0","1","1","1","0"
"22265","84767404","22265","17","1","1","7","4","0","1","1","1","0"
"22266","84771106","22266","14","1","3","2","6","0","2","0","1","0"
"22267","84771106","22267","14","1","1","7","6","0","1","1","1","0"
"22268","84773307","22268","11","1","1","7","6","0","3","2","1","0"
"22269","84773307","22269","11","1","1","7","6","1","2","0","2","0"
"22270","84773307","22270","11","1","1","7","6","1","4","0","2","0"
"22271","84773307","22271","11","1","1","7","4","0","1","1","1","0"
"22272","84773307","22272","11","1","1","7","6","0","1","2","1","0"
"22273","84773307","22273","11","3","1","7","6","0","2","0","1","0"
"22274","84773307","22274","11","1","1","7","6","0","3","1","1","0"
"22275","84773307","22275","11","3","1","7","6","1","0","1","3","0"
"22276","84773307","22276","51","1","1","1","6","0","1","2","1","0"
"22277","84773307","22277","51","1","1","7","6","0","1","1","1","0"
"22278","84773307","22278","11","1","1","7","7","0","1","2","1","0"
"22279","84773307","22279","11","1","3","1","6","0","1","1","1","0"
"22280","84773307","22280","11","1","1","7","6","0","0","1","3","0"
"22281","84773307","4151","11","1","1","7","6","0","1","1","1","0"
"22282","84773307","22282","11","1","1","7","6","0","1","1","1","0"
"22283","84773307","22283","51","1","3","1","6","0","2","0","1","0"
"22284","84773307","22284","18","3","1","7","6","0","2","2","1","0"
"22285","84773320","22285","11","3","1","7","6","0","1","1","1","0"
"22286","84773320","22286","11","1","1","7","6","0","2","0","1","0"
"22287","84774201","22287","11","1","1","7","6","0","4","1","1","0"
"22288","84774201","22288","13","3","1","7","6","1","0","1","2","0"
"22289","84774204","22289","13","3","1","1","5","0","1","1","1","0"
"22290","84774204","22290","13","3","1","7","4","0","1","2","1","0"
"22291","84774305","22291","31","5","1","7","3","0","1","1","1","0"
"22292","84775104","22292","13","1","1","7","4","0","1","1","1","0"
"22293","84775104","22293","13","3","2","2","8","1","2","2","2","0"
"22294","84775104","22294","13","1","1","7","6","0","3","1","1","0"
"22295","84775104","22295","13","1","1","7","6","0","1","1","1","0"
"22296","84775104","22296","13","1","1","7","6","0","3","1","1","0"
"22297","84775104","22297","13","3","1","7","4","0","1","1","1","0"
"22298","84775104","22298","16","1","1","7","4","0","1","1","1","0"
"22299","84775104","22299","13","1","1","7","6","0","1","1","1","0"
"22300","84775203","22300","31","1","1","1","6","0","1","1","1","0"
"22301","84775203","22301","21","1","1","7","6","0","1","1","1","0"
"22302","84775313","22302","14","1","1","7","6","0","1","1","1","0"
"22303","84775505","22303","17","1","1","7","2","0","1","1","1","0"
"22304","84776102","22304","51","1","1","7","6","0","1","1","1","0"
"22305","84776114","22305","64","3","3","1","4","0","1","1","1","0"
"22306","84776205","22306","16","3","1","7","5","0","1","1","1","0"
"22307","84776301","22307","16","2","1","7","5","0","1","1","1","0"
"22308","84776512","22308","13","3","3","1","6","0","1","1","1","0"
"22309","84777103","22309","16","3","1","7","5","1","0","1","2","0"
"22310","84777103","22310","16","1","1","2","6","1","0","1","2","0"
"22311","84777103","22311","17","1","1","7","4","1","0","1","2","0"
"22312","84777103","22312","16","1","1","1","3","0","1","1","1","0"
"22313","84777103","22313","51","2","1","7","6","0","1","1","1","0"
"22314","84777104","22314","11","1","1","7","6","1","0","1","2","0"
"22315","84777104","22315","11","1","1","7","6","0","1","1","1","0"
"22316","84777201","22316","19","1","3","1","6","0","1","1","1","0"
"22317","84777203","22317","36","3","1","7","6","0","1","1","1","0"
"22318","84777212","22318","11","1","1","7","6","0","1","1","1","0"
"22319","84777212","22319","51","1","1","7","4","0","1","0","1","0"
"22320","84777212","22320","15","1","1","7","4","0","1","2","1","0"
"22321","84777212","22321","17","1","1","7","4","0","1","1","1","0"
"22322","84777212","22322","64","1","1","7","6","0","1","1","1","0"
"22323","84777419","22323","13","1","1","7","6","0","3","1","1","0"
"22324","84777419","22324","16","1","1","7","4","1","0","1","2","0"
"22325","84777419","22325","13","1","3","2","6","0","4","0","1","0"
"22326","84782101","22326","52","3","7","1","6","0","1","1","1","0"
"22327","84785501","22327","81","1","1","7","6","0","1","1","1","0"
"22328","84791103","22328","14","3","1","7","6","0","1","1","1","0"
"22329","84791103","22329","14","2","1","7","6","0","1","1","1","0"
"22330","84791103","22330","14","1","1","7","6","0","1","0","1","0"
"22331","84791403","22331","11","1","1","7","6","1","0","1","2","0"
"22332","84791403","22332","23","1","1","7","3","0","1","1","1","0"
"22333","84791403","22333","72","3","3","1","9","0","1","0","1","0"
"22334","84791403","22334","73","1","1","7","9","0","1","0","1","0"
"22335","84791403","22335","11","1","1","7","6","0","3","1","1","0"
"22336","84791404","22336","11","1","1","2","6","1","0","1","2","0"
"22337","84791404","22337","11","1","3","1","6","0","1","2","1","0"
"22338","84791404","22338","15","3","1","7","4","0","1","1","1","0"
"22339","84791404","22339","16","1","1","7","6","0","2","0","1","0"
"22340","84791404","22340","13","1","1","7","7","0","1","2","1","0"
"22341","84791404","22341","11","1","1","1","6","0","1","2","1","0"
"22342","84791404","22342","11","3","1","1","6","0","3","1","1","0"
"22343","84791404","22343","11","1","1","7","6","0","1","1","1","0"
"22344","84791404","22344","11","3","1","1","6","1","0","0","2","0"
"22345","84791404","22345","11","3","1","1","3","0","1","0","1","0"
"22346","84791404","22346","51","3","1","7","6","0","2","0","1","0"
"22347","84791405","22347","11","1","1","7","6","1","0","1","2","0"
"22348","84791405","22348","61","1","1","7","4","0","1","1","1","0"
"22349","84792105","22349","13","2","1","7","4","1","0","1","2","0"
"22350","84792105","22350","17","1","1","7","2","0","1","1","1","0"
"22351","84792105","22351","13","1","1","7","6","0","1","1","1","0"
"22352","84792105","22352","13","3","1","7","6","0","1","2","1","0"
"22353","84792105","22353","41","1","1","7","6","0","1","1","1","0"
"22354","84792105","22354","19","1","1","7","6","0","1","1","1","0"
"22355","84792106","22355","13","1","1","7","6","0","1","1","1","0"
"22356","84792106","22356","13","1","1","7","5","0","1","1","1","0"
"22357","84792106","11746","13","2","3","1","6","0","3","0","1","0"
"22358","84792106","22358","13","1","1","7","6","0","4","0","1","0"
"22359","84792106","22359","13","3","1","7","5","2","0","1","2","0"
"22360","84792108","22360","13","3","1","1","5","0","1","1","1","0"
"22361","84792205","22361","17","1","1","7","2","1","0","1","2","0"
"22362","84792205","22362","13","1","1","7","6","1","0","1","2","0"
"22363","84792205","22363","13","1","1","7","6","0","3","0","1","0"
"22364","84792414","22364","73","1","1","7","6","1","0","2","2","0"
"22365","84792501","22365","14","1","1","7","5","0","1","1","1","0"
"22366","84792501","22366","31","1","1","7","6","0","2","2","1","0"
"22367","84792501","22367","17","1","1","7","2","1","0","1","2","0"
"22368","84792502","22368","17","1","1","7","2","0","2","0","1","0"
"22369","84792502","22369","24","1","1","7","2","1","0","1","2","0"
"22370","84792504","22370","11","1","1","7","2","1","0","1","2","0"
"22371","84792504","22371","52","3","1","7","0","1","1","0","2","0"
"22372","84792504","22372","11","1","1","7","6","0","2","0","1","0"
"22373","84792504","22373","11","1","1","7","6","0","1","1","1","0"
"22374","84793312","22374","53","1","1","7","6","0","1","1","1","0"
"22375","84793312","22375","13","1","3","2","6","0","1","1","1","0"
"22376","84793312","22376","31","1","1","7","6","0","0","1","3","0"
"22377","84793312","22377","52","1","1","7","2","1","0","1","2","0"
"22378","84793502","18475","72","1","1","7","6","1","0","1","2","0"
"22379","84794501","22379","16","1","1","7","6","0","1","1","1","0"
"22380","84794503","22380","16","1","1","7","6","1","0","1","2","0"
"22381","84794503","22381","51","1","3","2","6","1","0","1","2","0"
"22382","84794503","19796","52","2","1","7","6","0","2","2","1","0"
"22383","84794503","22383","42","3","1","7","6","0","2","2","1","0"
"22384","84794503","22384","11","1","1","7","6","1","0","2","2","0"
"22385","84794503","22385","71","1","2","2","6","1","0","1","2","0"
"22386","84794503","22386","51","1","1","7","6","0","2","6","1","0"
"22387","84794503","22387","17","1","1","7","2","1","0","1","2","0"
"22388","84794503","22388","18","1","1","7","4","1","0","1","2","0"
"22389","84794503","22389","42","1","2","1","6","1","0","1","3","0"
"22390","84794503","22390","11","3","1","7","4","0","1","1","1","0"
"22391","84794503","21110","11","1","1","7","6","0","1","1","1","0"
"22392","84794503","22392","11","1","1","1","6","0","2","2","1","0"
"22393","84794503","22393","52","3","3","2","6","1","3","0","2","0"
"22394","84794503","22394","16","1","1","2","4","0","1","1","1","0"
"22395","84794503","22395","11","5","1","7","6","0","1","2","1","0"
"22396","84794503","22396","51","1","3","2","6","0","1","0","1","0"
"22397","84794503","22397","12","3","3","2","6","1","0","1","2","0"
"22398","84794517","22398","51","1","1","7","6","0","1","1","1","0"
"22399","84794517","22399","11","3","1","2","6","0","1","3","1","0"
"22400","84802501","22400","14","1","3","1","6","0","1","1","1","0"
"22401","84803202","22401","13","1","1","7","5","0","2","1","1","0"
"22402","84803404","22402","14","1","1","7","6","0","3","0","1","0"
"22403","84803404","22403","51","3","2","2","6","0","1","1","1","0"
"22404","84803404","22404","19","1","1","7","5","0","2","1","1","0"
"22405","84803407","22405","16","1","6","7","3","0","1","1","1","0"
"22406","84803407","22406","16","1","1","7","6","0","1","2","1","0"
"22407","84803503","11132","72","1","1","7","6","0","1","1","1","0"
"22408","84803505","22408","14","3","3","2","6","0","1","1","1","0"
"22409","84803505","22409","14","1","1","7","6","0","1","1","1","0"
"22410","84803505","22410","17","1","6","1","2","0","2","1","1","0"
"22411","84803508","22411","14","1","1","7","6","0","3","0","1","0"
"22412","84803508","22412","14","1","1","7","6","0","1","1","1","0"
"22413","84803511","22413","14","1","1","7","6","0","1","2","1","0"
"22414","84803518","22414","19","1","1","7","5","0","1","1","1","0"
"22415","84803518","22415","31","2","1","7","6","0","2","1","1","0"
"22416","84804504","22416","16","1","1","7","4","1","0","1","3","0"
"22417","84804504","22417","11","1","1","7","6","0","1","1","1","0"
"22418","84804504","22418","17","1","1","7","2","0","1","1","1","0"
"22419","84804504","22419","11","1","1","7","6","0","1","1","1","0"
"22420","84804504","22420","11","1","1","7","6","0","1","1","1","0"
"22421","84804504","22421","51","3","3","1","6","0","1","1","1","0"
"22422","84804505","22422","17","3","1","7","2","0","1","2","1","0"
"22423","84804507","22423","75","3","1","7","6","0","1","2","1","0"
"22424","84804507","22424","16","1","1","7","6","0","1","1","1","0"
"22425","84804507","22425","17","1","1","7","2","0","1","1","1","0"
"22426","84804507","22426","16","1","1","7","6","0","2","1","1","0"
"22427","84804507","22427","17","1","1","7","2","1","0","1","2","0"
"22428","84804507","22428","16","1","1","7","6","0","1","1","1","0"
"22429","84804507","22429","23","1","1","7","4","0","1","1","1","0"
"22430","84804507","22430","17","3","2","1","2","0","1","1","1","0"
"22431","84804507","22431","11","2","2","1","4","0","1","0","1","0"
"22432","84804507","22432","24","1","1","7","2","0","1","1","1","0"
"22433","84804507","22433","51","1","1","7","6","0","1","1","1","0"
"22434","84804507","22434","51","1","1","7","6","0","1","1","1","0"
"22435","84804507","22435","17","1","1","7","2","0","1","1","1","0"
"22436","84804507","22436","11","2","4","3","6","0","1","1","1","0"
"22437","84804507","22437","11","1","1","7","6","0","1","1","1","0"
"22438","84804507","22438","51","1","1","7","6","0","1","1","1","0"
"22439","84804507","22439","17","1","1","1","2","0","1","1","1","0"
"22440","84804507","22440","16","1","1","7","6","0","1","1","1","0"
"22441","84804509","22441","23","1","3","1","6","0","1","1","1","0"
"22442","84804513","22442","17","1","1","7","2","0","1","1","1","0"
"22443","84804513","22443","16","3","1","7","5","0","1","1","1","0"
"22444","84804513","22444","14","1","1","7","6","0","1","1","1","0"
"22445","84804513","22445","19","1","1","7","6","0","1","1","1","0"
"22446","84804513","22446","32","1","1","7","3","0","1","1","1","0"
"22447","84804513","22447","17","1","1","7","1","0","1","1","1","0"
"22448","84804513","22448","19","1","1","7","4","0","1","1","1","0"
"22449","84805102","22449","51","1","1","7","6","0","1","3","1","0"
"22450","84805102","22450","11","1","1","1","6","0","2","1","1","0"
"22451","84805102","22451","11","3","1","7","6","0","2","1","1","0"
"22452","84805102","22452","11","1","1","7","6","0","2","0","1","0"
"22453","84805102","22453","51","3","2","1","6","0","1","2","1","0"
"22454","84805102","22454","51","1","1","1","6","0","1","2","1","0"
"22455","84805104","20711","11","1","1","7","6","0","1","1","1","0"
"22456","84805104","22456","43","1","3","2","6","1","0","2","2","0"
"22457","84805104","22457","51","1","3","2","6","0","1","2","1","0"
"22458","84805104","22458","14","1","3","2","6","0","2","2","1","0"
"22459","84805104","22459","51","3","2","2","6","0","2","1","1","0"
"22460","84805104","22460","14","1","1","7","6","0","1","1","1","0"
"22461","84805104","22461","51","1","6","1","6","0","1","2","1","0"
"22462","84805104","22462","11","1","1","7","6","0","1","1","1","0"
"22463","84805104","22463","43","1","1","7","6","0","2","2","1","0"
"22464","84805310","22464","16","1","1","7","6","0","1","1","1","0"
"22465","84805310","22465","16","3","1","7","6","0","1","0","1","0"
"22466","84805310","22466","11","1","1","7","6","0","1","1","1","0"
"22467","84805310","22467","16","1","1","7","3","0","1","1","1","0"
"22468","84805310","22468","16","1","3","1","6","0","1","1","1","0"
"22469","84805507","22469","72","1","1","7","7","0","1","1","1","0"
"22470","84806207","22470","72","1","1","7","6","0","1","1","1","0"
"22471","84806207","22471","11","1","1","7","6","0","2","4","1","0"
"22472","84806207","22472","51","3","3","2","6","0","1","1","1","0"
"22473","84806207","22473","11","1","1","7","6","0","1","1","1","0"
"22474","84806207","22474","51","3","1","7","6","0","4","2","1","0"
"22475","84806207","22475","11","3","1","7","6","0","1","2","1","0"
"22476","84806207","22476","74","2","1","7","6","0","2","1","1","0"
"22477","84806207","22477","51","3","1","1","6","0","1","2","1","0"
"22478","84806207","22478","42","1","1","7","6","1","0","1","2","0"
"22479","84806207","20075","51","1","1","7","6","0","1","2","1","0"
"22480","84806207","22480","11","1","1","7","6","0","2","0","1","0"
"22481","84806207","22481","11","1","1","7","6","1","0","1","2","0"
"22482","84806207","22482","51","1","1","7","6","0","1","3","1","0"
"22483","84806207","22483","19","1","1","7","6","0","3","1","1","0"
"22484","84806207","22484","51","1","1","1","0","0","1","0","1","0"
"22485","84806207","22485","11","3","1","7","6","0","2","1","1","0"
"22486","84806207","22486","18","1","1","7","5","0","1","1","1","0"
"22487","84806207","22487","51","1","2","1","5","0","1","1","1","0"
"22488","84806207","22488","51","3","3","1","0","1","0","0","2","0"
"22489","84806207","22489","11","3","1","7","6","0","1","1","1","0"
"22490","84806207","22490","11","1","1","7","6","0","5","0","1","0"
"22491","84806207","22491","52","3","1","1","0","0","2","1","1","0"
"22492","84806207","22492","42","1","1","7","6","0","4","0","3","0"
"22493","84806207","22493","11","1","1","7","6","0","2","2","1","0"
"22494","84806207","22494","11","1","3","1","6","0","1","1","1","0"
"22495","84806207","22495","11","1","3","1","6","0","2","1","1","0"
"22496","84806207","22496","64","3","3","1","6","0","1","1","1","0"
"22497","84806207","22497","51","1","1","7","6","0","1","2","1","0"
"22498","84806213","22498","18","1","3","1","6","0","1","1","1","0"
"22499","84806314","22499","19","1","1","7","3","0","1","1","1","0"
"22500","84807309","22500","11","1","1","7","9","0","1","0","1","0"
"22501","84807309","22501","51","1","1","7","6","0","1","1","1","0"
"22502","84807309","22502","52","3","6","4","7","0","2","1","1","0"
"22503","84807309","22503","18","1","1","7","6","0","1","1","1","0"
"22504","84807309","22504","51","3","1","7","6","0","1","1","1","0"
"22505","84807309","22505","51","1","3","2","6","0","2","2","1","0"
"22506","84807309","22506","11","1","1","7","6","0","1","1","1","0"
"22507","84807309","22507","81","1","3","2","6","0","1","1","1","0"
"22508","84807309","22508","12","1","1","7","9","0","1","1","1","0"
"22509","84807309","20020","52","1","6","1","6","0","1","1","1","0"
"22510","84807309","22510","11","1","1","7","6","1","0","1","2","0"
"22511","84807309","22511","12","3","3","1","6","0","1","3","1","0"
"22512","84807309","22512","11","1","1","1","6","0","1","1","1","0"
"22513","84807309","22513","41","1","1","7","9","0","1","0","1","0"
"22514","84807309","22514","11","1","1","7","6","0","1","2","1","0"
"22515","84807313","22515","51","1","1","7","6","0","1","1","1","0"
"22516","84807325","22516","43","3","1","7","6","0","9","0","1","0"
"22517","84807405","6939","81","1","1","1","6","0","2","2","1","0"
"22518","84807405","22518","13","1","3","1","6","0","1","1","1","0"
"22519","84807405","22519","51","1","1","1","0","1","0","0","2","0"
"22520","84807405","22520","21","1","3","1","6","0","3","1","1","0"
"22521","84807408","22521","23","3","3","2","3","0","1","1","1","0"
"22522","84807408","22522","12","3","3","2","6","0","1","2","1","0"
"22523","84807408","22523","11","1","1","7","6","0","1","1","1","0"
"22524","84807408","22524","11","1","3","2","6","0","1","1","1","0"
"22525","84807408","22525","11","1","1","7","5","0","1","1","1","0"
"22526","84807408","22526","11","3","3","1","6","0","1","1","1","0"
"22527","84807408","22527","64","3","3","1","6","0","2","0","1","0"
"22528","84807408","22528","81","3","1","1","6","0","1","3","1","0"
"22529","84811104","22529","16","1","1","7","3","0","1","1","1","0"
"22530","84811104","22530","51","1","1","7","6","0","2","0","1","0"
"22531","84811104","22531","14","3","3","2","6","0","1","2","1","0"
"22532","84811104","22532","16","1","1","7","4","0","1","1","1","0"
"22533","84811104","22533","16","3","1","7","6","0","1","1","1","0"
"22534","84811104","22534","16","1","1","7","6","0","3","0","1","0"
"22535","84811104","22535","18","1","1","7","6","0","1","1","1","0"
"22536","84811104","22536","16","2","1","7","6","0","2","0","1","0"
"22537","84811104","22537","11","1","1","7","6","0","1","1","1","0"
"22538","84811104","22538","11","1","1","7","6","0","1","1","1","0"
"22539","84811408","22539","14","3","3","1","6","0","1","1","1","0"
"22540","84811412","22540","14","1","1","7","6","0","2","0","1","0"
"22541","84811509","22541","31","1","1","7","6","2","0","1","2","0"
"22542","84812102","22542","14","1","1","7","6","0","1","1","1","0"
"22543","84812102","22543","14","1","3","2","6","0","3","0","1","0"
"22544","84812102","22544","63","3","1","7","6","0","1","1","1","0"
"22545","84812106","1796","16","3","1","7","6","1","0","1","2","0"
"22546","84812106","22546","17","2","1","7","2","0","1","1","1","0"
"22547","84812106","22547","35","1","1","7","4","0","1","1","1","0"
"22548","84812113","22548","52","3","3","1","0","0","3","0","1","0"
"22549","84812113","22549","31","1","1","7","3","0","2","1","1","0"
"22550","84812202","22550","72","1","1","7","6","1","0","1","2","0"
"22551","84812202","22551","16","1","1","7","6","1","0","1","2","0"
"22552","84812202","22552","17","1","7","7","2","0","1","1","1","0"
"22553","84812202","22553","35","1","1","7","3","0","1","1","1","0"
"22554","84812202","22554","16","1","1","1","6","0","2","1","1","0"
"22555","84812204","22555","14","3","3","2","6","0","1","1","1","0"
"22556","84812204","22556","14","3","3","2","6","1","0","1","2","0"
"22557","84812204","22557","52","1","1","7","6","0","1","2","1","0"
"22558","84812204","22558","19","1","1","7","6","0","1","1","1","0"
"22559","84812204","7488","19","1","1","7","4","0","1","2","1","0"
"22560","84812501","22560","31","1","1","7","6","0","1","2","1","0"
"22561","84813104","22561","14","1","1","7","6","0","1","1","1","0"
"22562","84813104","22562","14","3","1","7","6","0","2","1","1","0"
"22563","84813104","22563","16","1","1","7","4","0","1","1","1","0"
"22564","84813106","22564","14","1","1","7","6","0","1","1","1","0"
"22565","84813107","22565","14","3","1","7","6","0","1","1","1","0"
"22566","84813109","22566","14","1","1","7","6","0","1","1","1","0"
"22567","84813304","22567","52","3","1","7","0","2","0","0","2","0"
"22568","84813309","22568","13","1","1","7","6","0","1","1","1","0"
"22569","84813320","22569","24","1","1","7","2","0","1","1","1","0"
"22570","84813401","22570","23","3","1","7","5","0","2","1","1","0"
"22571","84814122","22571","41","1","1","7","6","0","1","1","1","0"
"22572","84814201","22572","31","1","3","2","6","0","1","1","1","0"
"22573","84814201","22573","14","1","1","7","6","0","2","4","1","0"
"22574","84814201","22574","16","3","1","7","4","0","1","1","1","0"
"22575","84814207","22575","81","1","1","7","6","0","2","1","1","0"
"22576","84815110","22576","16","1","3","2","4","0","1","1","1","0"
"22577","84815110","22577","19","1","1","7","4","0","1","1","1","0"
"22578","84815110","22578","16","1","1","7","3","0","1","1","1","0"
"22579","84815110","763","81","3","1","7","1","2","1","1","2","0"
"22580","84815110","22580","16","1","1","7","5","0","2","1","1","0"
"22581","84815110","22581","31","1","1","7","6","0","1","1","1","0"
"22582","84815112","22582","17","1","1","7","1","0","1","1","1","0"
"22583","84815112","22583","19","1","1","7","3","0","1","1","1","0"
"22584","84815115","22584","51","3","3","2","3","0","1","1","1","0"
"22585","84815115","22585","14","3","6","2","7","1","0","1","2","0"
"22586","84815115","22586","81","3","1","7","6","0","2","2","1","0"
"22587","84815115","22587","71","3","1","7","6","0","1","1","1","0"
"22588","84815115","22588","18","1","1","7","4","0","1","1","1","0"
"22589","84815115","22589","19","1","1","7","5","0","0","1","3","0"
"22590","84815310","22590","67","1","1","7","4","0","1","1","1","0"
"22591","84815414","13468","81","1","3","1","6","0","1","1","1","0"
"22592","84815503","22592","14","1","1","1","6","0","1","1","1","0"
"22593","84816103","22593","51","1","1","7","6","0","2","0","1","0"
"22594","84816202","22594","14","1","2","2","6","0","3","0","1","0"
"22595","84816202","22595","16","3","1","7","5","0","1","1","1","0"
"22596","84816202","22596","17","1","3","1","2","0","1","1","1","0"
"22597","84816202","22597","51","1","1","7","6","0","1","2","1","0"
"22598","84816211","22598","16","1","1","7","4","0","2","0","1","0"
"22599","84816211","22599","14","1","3","2","4","1","0","1","2","0"
"22600","84816211","22600","23","3","3","2","4","0","2","2","1","0"
"22601","84816211","22601","17","3","1","7","2","1","0","1","2","0"