"accident_id","lieu_id","date_id","cause_id","lum_id","intemp_id","etat_surface_id","impliq_id","nb_blesses_graves","nb_blesses_legers","nb_indemnes","gravite","nb_morts"
"24298","85824302","24298","11","3","1","2","6","0","1","2","1","0"
"24299","85824302","24299","18","1","1","7","5","0","1","1","1","0"
"24300","85824302","24300","14","1","1","7","6","1","0","1","2","0"
"24301","85824302","24301","41","3","1","7","6","0","1","0","1","0"
"24302","85824302","24302","11","3","3","1","6","0","1","5","3","0"
"24303","85824302","24303","18","1","1","7","3","0","1","1","1","0"
"24304","85824302","24304","11","3","3","1","6","0","1","1","1","0"
"24305","85824302","24305","11","3","1","7","3","0","1","0","1","0"
"24306","85824302","24306","11","3","1","7","6","0","3","0","1","0"
"24307","85824302","24307","11","2","1","7","6","0","1","1","1","0"
"24308","85824302","24308","11","1","3","1","6","0","3","1","1","0"
"24309","85824401","24309","72","1","3","1","6","0","1","1","1","0"
"24310","85824403","24310","16","2","1","2","4","0","1","2","1","0"
"24311","85824403","24311","14","1","1","7","6","1","0","2","2","0"
"24312","85824501","24312","14","3","1","2","6","0","1","1","1","0"
"24313","85824501","24313","14","1","1","7","4","0","1","1","1","0"
"24314","85824501","24314","21","1","1","7","4","0","2","0","1","0"
"24315","85824501","24315","21","3","1","7","6","0","1","3","1","0"
"24316","85824501","14175","17","1","1","7","2","0","1","1","1","0"
"24317","85825203","24317","31","1","1","7","6","0","1","1","1","0"
"24318","85825203","24318","64","3","1","7","4","0","1","1","1","0"
"24319","85825203","24319","64","1","1","7","6","0","1","1","1","0"
"24320","85825206","24320","74","3","4","3","6","0","2","1","1","0"
"24321","85825304","24321","41","3","1","7","6","0","1","1","1","0"
"24322","85825401","24322","19","3","1","7","6","1","0","1","2","0"
"24323","85825401","24323","19","1","3","2","6","0","3","1","1","0"
"24324","85825401","24324","19","1","3","2","6","0","1","1","1","0"
"24325","85825401","24325","17","3","1","7","2","0","1","1","1","0"
"24326","85825401","24326","19","1","1","2","6","0","2","2","1","0"
"24327","85825401","24327","19","1","1","7","6","0","2","1","1","0"
"24328","85825401","24328","19","1","1","7","6","0","1","2","1","0"
"24329","85825401","24329","19","1","1","7","6","0","1","0","1","0"
"24330","85825401","24330","63","3","1","7","4","0","1","1","1","0"
"24331","85825401","24331","19","3","1","7","6","0","1","1","1","0"
"24332","85825401","24332","19","2","2","1","6","0","2","3","1","0"
"24333","85825401","24333","19","1","1","7","3","0","1","1","1","0"
"24334","85825401","24334","19","1","1","7","6","0","1","2","1","0"
"24335","85825401","23089","51","1","1","7","4","0","1","0","1","0"
"24336","85825401","24336","19","1","1","7","3","0","1","0","1","0"
"24337","85825401","24337","19","1","1","1","6","0","1","1","1","0"
"24338","85825401","24338","19","1","3","1","3","0","1","1","1","0"
"24339","85825401","24339","19","1","1","7","6","0","1","4","1","0"
"24340","85825401","24340","19","1","1","7","6","0","3","1","1","0"
"24341","85825401","24341","52","3","1","7","2","0","1","1","1","0"
"24342","85825401","5197","17","1","1","7","2","0","1","1","1","0"
"24343","85825401","24343","19","1","1","7","6","0","1","1","1","0"
"24344","85825401","24344","19","3","1","7","4","1","0","1","2","0"
"24345","85825401","24345","19","1","3","1","6","0","2","1","1","0"
"24346","85825403","24346","14","1","1","7","6","0","1","2","1","0"
"24347","85825403","24347","14","1","1","7","4","1","1","2","2","0"
"24348","85825403","24348","14","1","1","7","3","0","1","1","1","0"
"24349","85825403","24349","19","1","1","7","6","0","1","1","1","0"
"24350","85825403","24350","19","1","1","7","6","0","1","1","1","0"
"24351","85825403","24351","19","3","1","7","6","0","1","1","1","0"
"24352","85825403","24352","71","3","1","7","5","0","1","1","1","0"
"24353","85825506","24353","16","1","1","7","6","0","2","3","1","0"
"24354","85825506","24354","11","1","1","7","6","0","2","1","1","0"
"24355","85825506","24355","71","1","1","7","6","0","1","1","1","0"
"24356","85825506","24356","16","1","1","7","3","0","1","1","1","0"
"24357","85825506","24357","16","3","1","7","8","0","1","1","1","0"
"24358","85825506","24358","51","3","1","7","6","0","1","3","1","0"
"24359","85825506","24359","11","1","1","7","6","0","1","2","1","0"
"24360","85825506","24360","11","1","3","1","6","0","1","3","1","0"
"24361","85825506","24361","11","1","1","7","6","0","1","2","1","0"
"24362","85825506","24362","51","1","1","7","0","0","1","1","1","0"
"24363","85825506","24363","16","3","3","1","6","0","1","1","1","0"
"24364","85825506","24364","23","3","3","2","6","2","2","0","2","0"
"24365","85825506","24365","11","1","1","7","6","0","1","1","1","0"
"24366","85825506","24366","16","1","1","7","5","0","1","1","1","0"
"24367","85825506","24367","41","1","1","7","6","0","2","1","1","0"
"24368","85825506","24368","17","1","1","7","2","1","0","1","2","0"
"24369","85825506","24369","16","1","3","1","6","0","3","2","1","0"
"24370","85825506","24370","11","1","1","7","6","0","1","1","1","0"
"24371","85825506","24371","11","3","3","1","6","0","2","1","1","0"
"24372","85825506","24372","11","1","1","7","6","0","2","2","1","0"
"24373","85825506","24373","16","1","1","7","4","0","1","1","1","0"
"24374","85825506","24374","18","1","1","7","4","0","1","2","1","0"
"24375","85825506","24375","14","1","1","7","6","0","1","1","1","0"
"24376","85825506","24376","11","1","1","7","6","0","1","2","1","0"
"24377","85826101","24377","11","1","6","1","6","0","1","1","1","0"
"24378","85826101","24378","51","1","1","7","7","0","0","1","0","0"
"24379","85826101","24379","51","3","1","7","6","0","2","0","1","0"
"24380","85826101","24380","26","1","1","1","3","0","1","1","1","0"
"24381","85826101","2219","16","3","1","7","4","0","1","1","1","0"
"24382","85826101","24382","17","1","1","7","4","0","1","0","1","0"
"24383","85826101","24383","17","1","1","7","4","0","1","1","1","0"
"24384","85826101","24384","11","1","1","7","6","0","1","2","1","0"
"24385","85826101","24385","51","1","1","7","6","0","1","0","1","0"
"24386","85826101","24386","41","1","1","7","6","0","1","1","1","0"
"24387","85826101","24387","11","1","1","7","4","0","1","1","1","0"
"24388","85826101","24388","82","1","1","7","6","0","1","2","1","0"
"24389","85826102","24389","51","3","1","7","6","0","1","2","1","0"
"24390","85826102","24390","51","3","1","1","6","0","2","1","1","0"
"24391","85826102","24391","11","1","3","2","6","0","2","1","1","0"
"24392","85826102","24392","12","1","1","7","6","0","4","0","1","0"
"24393","85826102","24393","11","1","1","7","6","0","1","1","1","0"
"24394","85826102","24394","16","1","1","7","6","0","1","2","1","0"
"24395","85826102","24395","17","3","1","7","2","0","1","1","1","0"
"24396","85826102","24396","51","2","1","7","0","0","1","1","1","0"
"24397","85826102","24397","31","3","1","7","6","0","1","0","1","0"
"24398","85826102","24398","16","3","1","7","3","0","1","1","1","0"
"24399","85826102","24399","17","1","1","7","2","0","1","1","1","0"
"24400","85826102","24400","11","1","1","7","4","0","1","1","1","0"
"24401","85826102","7867","11","1","1","7","6","0","1","1","1","0"
"24402","85826201","24402","19","1","1","7","6","0","1","2","1","0"
"24403","85826204","24403","20","1","1","7","6","0","1","1","1","0"
"24404","85826204","24404","71","5","1","7","4","0","1","1","1","0"
"24405","85826205","24405","71","1","1","7","6","1","0","2","2","0"
"24406","85826205","24406","19","1","1","7","4","0","1","1","1","0"
"24407","85826205","24407","71","3","1","7","4","0","1","1","1","0"
"24408","85826205","24408","19","1","1","7","4","0","1","1","1","0"
"24409","85826205","24409","17","1","1","7","2","0","2","1","1","0"
"24410","85826205","24410","19","1","1","7","4","0","1","1","1","0"
"24411","85826205","24411","41","1","1","7","5","0","2","0","1","0"
"24412","85826205","24412","81","1","1","7","3","0","0","1","3","0"
"24413","85826205","24413","81","3","1","7","6","0","1","1","1","0"
"24414","85826205","24414","17","1","1","7","2","0","1","1","1","0"
"24415","85826205","24415","17","1","1","7","1","0","1","1","1","0"
"24416","85826205","24416","13","3","1","7","6","0","1","1","1","0"
"24417","85826205","24417","17","1","1","7","2","0","1","1","1","0"
"24418","85826205","24418","16","1","7","7","6","0","2","2","1","0"
"24419","85826301","24419","13","3","1","7","6","0","1","1","1","0"
"24420","85826302","24420","14","1","1","7","4","0","1","1","1","0"
"24421","85826302","24421","14","1","1","7","6","0","2","1","1","0"
"24422","85826302","24422","41","1","1","7","6","0","2","1","1","0"
"24423","85826303","24423","71","1","1","7","6","0","1","1","1","0"
"24424","85826303","12321","19","1","1","7","6","0","0","1","3","0"
"24425","85826303","24425","35","1","1","7","5","0","2","1","1","0"
"24426","85826303","24426","17","3","3","1","2","0","1","1","1","0"
"24427","85826303","24427","17","1","1","7","2","0","1","0","1","0"
"24428","85826303","24428","24","1","1","7","2","0","0","1","3","0"
"24429","85826303","24429","71","3","1","7","6","0","1","1","1","0"
"24430","85826303","24430","19","3","1","7","4","0","1","1","1","0"
"24431","85826403","2364","41","1","1","7","6","1","0","1","2","0"
"24432","85826403","24432","25","1","1","7","7","0","1","1","1","0"
"24433","85826403","24433","41","3","1","1","6","0","2","2","1","0"
"24434","85826403","24434","18","1","1","7","3","0","1","0","1","0"
"24435","85826403","24435","17","1","1","7","2","0","1","0","1","0"
"24436","85826403","24436","18","1","1","7","4","0","1","1","1","0"
"24437","85826501","24437","41","1","1","7","2","0","1","0","1","0"
"24438","85826503","24438","17","3","1","7","2","0","1","1","3","0"
"24439","85826505","24439","17","1","3","2","2","0","1","1","1","0"
"24440","85826505","24440","72","3","3","2","6","0","1","1","1","0"
"24441","85826505","24441","71","1","1","7","6","0","2","1","1","0"
"24442","85826505","24442","22","1","1","7","7","0","1","1","1","0"
"24443","85826505","24443","77","1","1","7","8","0","1","0","1","0"
"24444","85826505","24444","22","1","1","7","6","0","1","1","1","0"
"24445","85826505","24445","17","1","1","7","1","1","0","1","2","0"
"24446","85826505","24446","17","1","1","7","2","0","1","1","1","0"
"24447","85826505","24447","51","1","1","7","6","0","3","0","1","0"
"24448","85826505","24448","41","1","1","7","6","0","1","1","1","0"
"24449","85826505","24449","51","3","3","1","6","0","1","2","1","0"
"24450","85827104","24450","51","1","1","7","6","0","1","1","1","0"
"24451","85827104","24451","14","1","1","7","3","0","1","1","1","0"
"24452","85827105","24452","14","1","1","7","6","0","1","2","1","0"
"24453","85827107","24453","17","1","1","7","2","0","1","1","1","0"
"24454","85827107","24454","11","3","1","7","6","0","1","1","1","0"
"24455","85827107","24455","19","3","1","7","6","0","1","4","1","0"
"24456","85827107","24456","19","3","1","7","5","0","3","1","1","0"
"24457","85827107","24457","17","3","3","1","2","0","1","1","1","0"
"24458","85827107","24458","41","1","1","7","6","0","1","1","1","0"
"24459","85827107","24459","31","1","1","7","5","0","1","1","1","0"
"24460","85827107","24460","11","3","1","7","4","0","1","1","1","0"
"24461","85827203","24461","25","3","1","7","6","0","1","3","1","0"
"24462","85827203","515","52","3","1","7","0","0","2","0","1","0"
"24463","85827204","24463","71","1","1","7","6","0","1","1","1","0"
"24464","85827204","24464","51","1","1","7","2","0","1","1","1","0"
"24465","85827303","24465","11","3","1","7","2","0","1","1","1","0"
"24466","85827303","24466","63","1","1","7","6","0","1","2","1","0"
"24467","85827303","24467","11","1","1","7","6","0","1","1","1","0"
"24468","85827303","24468","11","1","1","7","6","0","1","1","1","0"
"24469","85827303","24469","81","1","1","7","6","0","2","1","1","0"
"24470","85827303","24470","11","1","1","7","6","0","1","1","1","0"
"24471","85827303","24471","11","3","1","7","6","0","1","1","1","0"
"24472","85827304","24472","17","1","1","7","3","0","1","1","1","0"
"24473","85827304","24473","15","3","1","7","6","0","4","0","1","0"
"24474","85827304","24474","16","3","1","7","6","0","2","1","1","0"
"24475","85827304","24475","17","1","3","2","2","0","1","1","1","0"
"24476","85827304","24476","11","3","1","7","6","0","1","1","1","0"
"24477","85827304","24477","11","1","1","7","6","0","1","2","1","0"
"24478","85827304","24478","16","1","1","7","4","0","1","1","1","0"
"24479","85827304","24479","14","3","3","2","6","0","1","0","1","0"
"24480","85827304","24480","16","1","1","7","3","0","1","1","1","0"
"24481","85827304","24481","17","3","3","2","2","0","1","1","1","0"
"24482","85827304","24482","11","1","1","7","6","0","1","2","1","0"
"24483","85827304","24483","19","1","1","7","6","0","1","1","1","0"
"24484","85827304","24484","16","1","1","7","4","0","1","1","1","0"
"24485","85827304","24485","32","1","1","7","4","0","1","1","1","0"
"24486","85827304","24486","11","1","1","7","6","0","1","1","1","0"
"24487","85827304","24487","16","1","1","7","3","0","1","1","1","0"
"24488","85827304","24488","16","1","7","7","6","0","0","1","3","0"
"24489","85827304","24489","16","1","2","1","6","0","1","1","1","0"
"24490","85827305","24490","18","3","3","2","4","0","1","1","1","0"
"24491","85827309","24491","35","1","1","7","4","0","1","1","1","0"
"24492","85827403","24492","52","3","1","7","2","1","0","1","2","0"
"24493","85827405","24493","41","1","1","7","6","0","1","1","1","0"
"24494","85827405","24494","18","1","1","7","6","0","1","4","1","0"
"24495","85827405","24495","52","3","3","1","2","0","1","3","1","0"
"24496","85827405","24496","24","3","1","7","1","0","1","1","1","0"
"24497","85827406","24497","11","1","1","7","6","0","1","1","1","0"
"24498","85827504","24498","72","1","1","7","6","0","2","1","1","0"
"24499","85827506","24499","19","1","1","7","4","0","1","1","1","0"
"24500","85827506","24500","17","1","1","7","2","0","1","1","1","0"
"24501","85831103","24501","17","1","1","7","1","0","1","1","1","0"
"24502","85831105","24502","52","3","1","7","2","0","1","1","1","0"
"24503","85831107","24503","11","1","1","7","6","0","2","0","1","0"
"24504","85831107","24504","11","1","1","7","8","0","1","1","1","0"
"24505","85831107","24505","17","1","1","7","2","0","1","1","1","0"
"24506","85831107","24506","15","3","1","7","4","0","1","1","1","0"
"24507","85831107","24507","11","3","1","7","6","0","2","0","1","0"
"24508","85831107","24508","11","1","1","7","6","0","1","1","1","0"
"24509","85831107","24509","11","1","1","7","6","0","1","1","1","0"
"24510","85831107","24510","11","3","3","1","6","0","2","1","1","0"
"24511","85831107","24511","51","1","1","7","6","0","1","1","1","0"
"24512","85831107","24512","11","2","1","7","6","0","2","1","1","0"
"24513","85831107","24513","11","1","1","7","6","0","1","1","1","0"
"24514","85831107","24514","11","1","1","7","6","0","1","1","1","0"
"24515","85831107","24515","17","1","1","7","2","0","1","1","1","0"
"24516","85831201","24516","71","1","1","7","6","0","1","2","1","0"
"24517","85831202","24517","14","3","1","5","6","0","1","2","1","0"
"24518","85831202","24518","14","1","1","7","7","0","1","1","1","0"
"24519","85831303","24519","14","3","1","1","6","0","1","1","1","0"
"24520","85831303","24520","16","1","1","7","4","0","2","0","1","0"
"24521","85831303","24521","16","1","1","7","6","0","1","1","1","0"
"24522","85831303","24522","16","1","1","7","6","0","2","0","1","0"
"24523","85831303","24523","19","1","1","7","4","0","1","1","1","0"
"24524","85831303","24524","16","1","1","7","6","0","2","0","1","0"
"24525","85831303","24525","31","1","1","7","6","0","2","6","1","0"
"24526","85831303","24526","17","1","3","1","1","0","2","0","1","0"
"24527","85831303","24527","16","3","1","7","4","0","1","1","1","0"
"24528","85831304","24528","19","1","1","7","6","0","1","1","1","0"
"24529","85831305","24529","51","1","1","7","4","1","0","1","2","0"
"24530","85831402","24530","19","1","1","7","6","0","1","0","1","0"
"24531","85831402","24531","19","1","1","7","6","0","3","2","1","0"
"24532","85831402","24532","31","1","3","1","6","0","1","1","1","0"
"24533","85831402","24533","19","1","3","1","6","0","2","0","1","0"
"24534","85831403","24534","16","3","2","2","4","0","1","1","1","0"
"24535","85831502","24535","81","1","3","2","6","0","1","1","1","0"
"24536","85831502","24536","16","2","1","1","3","0","1","1","1","0"
"24537","85831502","24537","23","1","1","7","6","0","2","0","1","0"
"24538","85831504","24538","63","2","3","1","5","0","1","1","1","0"
"24539","85832101","24539","51","1","3","2","7","1","1","1","2","0"
"24540","85832101","24540","16","1","1","7","6","0","1","1","1","0"
"24541","85832101","24541","17","1","1","7","2","0","1","1","1","0"
"24542","85832105","24542","52","3","1","2","0","0","4","0","1","0"
"24543","85832105","24543","11","1","1","7","4","0","1","0","1","0"
"24544","85832105","24544","15","1","1","1","6","0","2","2","1","0"
"24545","85832203","24545","19","3","1","7","6","0","2","0","1","0"
"24546","85832203","24546","19","1","1","7","4","0","1","1","1","0"
"24547","85832203","24547","17","3","3","1","2","0","1","1","1","0"
"24548","85832203","24548","17","1","1","7","2","0","1","1","1","0"
"24549","85832501","24549","11","1","1","7","4","0","1","1","1","0"
"24550","85832501","24550","16","3","1","7","3","0","1","1","1","0"
"24551","85832501","24551","51","3","1","7","0","0","1","1","1","0"
"24552","85832501","24552","16","1","1","7","6","0","1","1","1","0"
"24553","85832501","24553","81","1","3","1","2","0","1","1","1","0"
"24554","85833103","24554","14","1","1","7","6","0","1","1","1","0"
"24555","85833103","24555","14","1","1","7","6","0","2","0","1","0"
"24556","85833103","24556","19","3","1","1","6","0","1","0","1","0"
"24557","85833205","24557","51","3","1","7","6","0","1","3","1","0"
"24558","85833205","24558","18","1","1","7","6","0","1","1","1","0"
"24559","85833208","24559","52","1","1","7","2","0","1","1","1","0"
"24560","85833208","24560","72","2","1","7","6","0","1","1","1","0"
"24561","85833208","24561","41","1","1","7","6","0","1","1","1","0"
"24562","85833208","24562","17","1","1","7","2","0","1","1","1","0"
"24563","85833208","24563","72","1","1","7","6","0","1","3","1","0"
"24564","85833208","24564","17","1","1","7","2","0","1","1","1","0"
"24565","85833211","24565","11","1","1","7","6","0","1","1","1","0"
"24566","85833211","24566","11","1","1","7","6","1","0","2","2","0"
"24567","85833211","24567","11","1","1","7","6","0","1","3","1","0"
"24568","85833211","24568","11","1","1","7","7","0","2","1","1","0"
"24569","85833211","24569","12","1","1","7","4","0","1","1","1","0"
"24570","85833211","24570","15","3","3","1","6","0","2","0","1","0"
"24571","85833211","24571","51","1","1","7","6","0","2","2","1","0"
"24572","85833211","24572","11","1","1","7","6","0","1","1","1","0"
"24573","85833211","24573","16","1","1","7","6","0","1","1","1","0"
"24574","85833211","24574","11","3","1","7","6","0","1","2","1","0"
"24575","85833211","24575","11","1","3","2","6","0","1","2","1","0"
"24576","85833211","24576","16","1","1","7","6","0","2","0","1","0"
"24577","85833211","24577","11","1","1","7","6","1","0","1","2","0"
"24578","85833211","24578","42","1","1","7","6","0","1","3","1","0"
"24579","85833211","24579","16","1","1","7","6","0","1","2","1","0"
"24580","85833211","24580","42","1","1","7","4","0","1","1","1","0"
"24581","85833211","24581","16","3","3","1","6","0","1","2","1","0"
"24582","85833301","24582","71","1","1","7","6","0","1","1","1","0"
"24583","85833301","24583","17","3","3","2","1","0","1","1","1","0"
"24584","85833301","24584","17","3","1","1","2","0","1","1","1","0"
"24585","85833301","24585","18","1","1","7","4","0","1","1","1","0"
"24586","85833301","19672","71","3","1","7","5","0","1","1","1","0"
"24587","85833301","24587","17","1","1","7","2","0","1","1","1","0"
"24588","85833305","24588","72","1","1","7","6","0","1","0","1","0"
"24589","85833306","24589","23","1","1","7","4","0","1","1","1","0"
"24590","85833306","24590","35","1","1","7","3","0","1","1","1","0"
"24591","85833306","24591","51","1","1","7","6","0","1","1","1","0"
"24592","85833308","24592","41","1","1","7","6","0","1","3","1","0"
"24593","85833308","24593","41","1","3","2","6","0","1","1","1","0"
"24594","85833308","24594","19","1","1","7","4","0","1","1","1","0"
"24595","85833401","24595","18","1","1","7","4","0","1","1","1","0"
"24596","85833401","24596","42","1","1","7","4","0","1","0","1","0"
"24597","85833401","24597","17","1","1","7","2","1","0","1","2","0"
"24598","85834101","24598","51","3","1","7","4","0","1","0","1","0"
"24599","85834102","24599","17","1","1","7","2","1","0","1","2","0"
"24600","85834102","24600","19","1","1","1","4","0","1","1","1","0"
"24601","85834102","24601","23","1","1","7","6","0","2","1","1","0"
"24602","85834102","24602","14","1","1","7","5","0","1","1","1","0"
"24603","85834103","24603","14","1","1","7","6","0","2","2","1","0"
"24604","85834103","24604","41","1","1","7","6","0","1","0","1","0"
"24605","85834103","24605","41","3","1","7","6","0","5","1","1","0"
"24606","85834103","24606","14","1","1","7","6","0","1","0","1","0"
"24607","85834103","24607","14","1","1","7","6","0","1","0","1","0"
"24608","85834104","24608","16","1","3","2","6","0","1","2","1","0"
"24609","85834104","24609","18","1","1","7","5","0","2","0","1","0"
"24610","85834104","12573","81","1","1","7","6","0","1","3","1","0"
"24611","85834104","24611","16","3","1","7","6","0","1","1","1","0"
"24612","85834104","24612","16","1","1","7","6","0","1","3","1","0"
"24613","85834104","24613","52","3","1","7","0","0","1","1","1","0"
"24614","85834104","24614","16","3","1","7","6","0","2","0","1","0"
"24615","85834104","24615","17","1","3","7","2","0","1","1","1","0"
"24616","85834104","24616","16","1","1","7","6","0","2","1","1","0"
"24617","85834104","24617","16","1","1","7","6","0","1","1","1","0"
"24618","85834104","24618","16","1","1","7","6","0","1","2","1","0"
"24619","85834104","24619","17","3","2","1","2","0","1","1","1","0"
"24620","85834104","24620","16","3","1","7","6","0","1","2","1","0"
"24621","85834104","24621","16","1","1","7","6","0","3","0","1","0"
"24622","85834106","24622","51","1","1","7","2","0","1","2","1","0"
"24623","85834106","24623","19","1","1","7","6","0","1","0","1","0"
"24624","85834106","24624","23","2","1","2","2","1","0","2","2","0"
"24625","85834106","24625","17","3","1","7","2","1","0","1","2","0"
"24626","85834106","24626","17","1","1","7","2","0","1","1","1","0"
"24627","85834107","24627","21","3","3","2","6","0","1","1","1","0"
"24628","85834210","24628","15","1","1","7","6","0","2","0","1","0"
"24629","85834210","24629","11","1","1","7","6","0","2","4","1","0"
"24630","85834210","24630","16","1","1","7","6","0","1","1","1","0"
"24631","85834210","10667","11","1","1","7","6","0","1","1","1","0"
"24632","85834210","24632","51","1","1","7","6","0","1","1","1","0"
"24633","85834210","24633","31","1","1","7","6","0","1","1","1","0"
"24634","85834210","6671","17","1","1","7","2","0","1","1","1","0"
"24635","85834210","24635","11","1","1","7","6","0","1","2","1","0"
"24636","85834210","24636","16","3","1","1","6","0","2","1","1","0"
"24637","85834210","24637","18","2","1","7","4","0","1","0","1","0"
"24638","85834210","24638","11","2","1","7","6","0","1","1","1","0"
"24639","85834302","24639","19","1","1","7","4","0","1","0","1","0"
"24640","85834302","24640","64","1","1","7","4","0","1","2","1","0"
"24641","85834302","24641","17","3","1","7","2","0","1","1","1","0"
"24642","85834308","24642","51","1","1","7","6","0","1","3","1","0"
"24643","85834308","24643","11","1","1","1","6","1","0","1","2","0"
"24644","85834308","24644","11","1","1","7","4","0","1","1","1","0"
"24645","85834308","24645","15","1","1","7","4","0","1","1","1","0"
"24646","85834308","24646","18","1","1","7","6","0","1","1","1","0"
"24647","85834308","24647","16","1","1","7","6","0","1","2","1","0"
"24648","85834308","24648","11","1","3","2","6","0","1","1","1","0"
"24649","85834308","24649","11","1","1","2","2","0","0","2","3","0"
"24650","85834308","24650","16","1","1","7","4","0","1","1","1","0"
"24651","85834308","24651","11","1","3","1","6","0","3","0","1","0"
"24652","85834308","2184","51","3","1","1","6","0","1","0","1","0"
"24653","85834308","24653","14","3","1","7","6","0","3","3","1","0"
"24654","85834308","24654","11","1","1","7","6","0","1","1","1","0"
"24655","85834308","24655","17","1","1","7","2","0","1","1","1","0"
"24656","85834308","24656","11","1","1","7","6","0","1","1","1","0"
"24657","85834308","24657","11","1","3","1","6","0","1","1","1","0"
"24658","85834308","24658","42","1","1","7","6","1","0","1","2","0"
"24659","85834308","24659","71","1","1","7","6","0","1","1","1","0"
"24660","85834308","24660","42","1","1","7","2","0","1","1","1","0"
"24661","85834308","24661","35","1","1","7","4","0","1","1","1","0"
"24662","85834308","24662","16","1","1","7","4","0","1","1","1","0"
"24663","85834308","24663","16","3","1","7","6","0","2","2","1","0"
"24664","85834308","2245","17","1","1","1","2","0","1","1","1","0"
"24665","85834308","24665","11","1","1","7","6","0","1","1","1","0"
"24666","85834308","24666","81","3","1","1","6","1","8","0","2","0"
"24667","85834308","24667","16","1","3","1","6","0","1","2","1","0"
"24668","85834308","24668","16","2","1","7","6","0","1","1","1","0"
"24669","85834308","24669","81","3","1","7","6","0","1","3","1","0"
"24670","85834308","24670","17","1","1","7","2","0","1","1","1","0"
"24671","85834308","24671","11","1","1","7","2","1","0","2","2","0"
"24672","85834308","24672","12","2","3","1","7","0","4","0","1","0"
"24673","85834308","24673","71","3","1","7","6","0","1","1","1","0"
"24674","85834308","24674","11","3","1","1","2","0","1","1","1","0"
"24675","85834308","24675","11","3","1","7","6","0","1","1","1","0"
"24676","85834402","24676","31","3","1","7","3","0","1","0","1","0"
"24677","85834407","24677","18","1","1","7","5","0","2","0","1","0"
"24678","85834407","24678","41","3","1","7","6","0","1","1","1","0"
"24679","85834407","24679","19","1","1","7","6","0","1","2","1","0"
"24680","85834407","24680","16","1","3","1","6","0","1","2","1","0"
"24681","85834409","24681","17","1","1","7","6","0","1","1","1","0"
"24682","85834504","24682","21","1","1","7","6","0","2","1","1","0"
"24683","85834507","24683","72","1","1","7","6","0","1","1","1","0"
"24684","85835102","24684","81","3","1","7","6","0","1","1","1","0"
"24685","85835104","24685","17","1","1","7","1","0","1","1","1","0"
"24686","85835104","24686","19","3","1","7","3","0","1","0","1","0"
"24687","85835104","24687","16","1","1","7","6","0","1","3","1","0"
"24688","85835104","24688","63","1","1","7","6","0","2","1","1","0"
"24689","85835109","24689","19","1","1","1","6","0","2","1","1","0"
"24690","85835109","24690","19","3","1","7","6","0","1","1","1","0"
"24691","85835109","24691","52","1","1","7","6","0","1","1","1","0"
"24692","85835109","24692","17","1","1","4","2","0","1","1","1","0"
"24693","85835109","24693","41","2","1","7","5","0","1","1","1","0"
"24694","85835207","24694","71","3","1","7","6","0","2","1","1","0"
"24695","85835212","24695","19","1","1","7","6","0","2","0","1","0"
"24696","85835212","24696","19","1","1","7","4","0","1","1","1","0"
"24697","85835212","24697","18","1","1","7","6","0","1","2","1","0"
"24698","85835212","24698","19","3","1","7","4","0","1","1","1","0"
"24699","85835212","24699","19","1","3","1","6","0","3","2","1","0"
"24700","85835212","24700","19","1","1","7","4","0","1","1","1","0"
"24701","85835212","24701","19","3","1","7","4","0","1","1","1","0"
"24702","85835212","24702","19","1","4","3","3","0","1","1","1","0"
"24703","85835212","22374","19","1","1","7","4","0","1","1","1","0"
"24704","85835212","24704","19","1","1","7","6","0","1","0","1","0"
"24705","85835212","24705","19","1","1","7","6","0","2","2","1","0"
"24706","85835212","24706","19","1","1","7","6","0","1","2","1","0"
"24707","85835212","24707","71","3","1","7","6","0","0","1","3","0"
"24708","85835212","24708","51","1","1","7","3","0","0","1","3","0"
"24709","85835212","24709","16","1","1","7","6","0","2","1","1","0"
"24710","85835212","24710","19","1","1","7","4","0","1","2","1","0"
"24711","85835212","24711","19","3","1","1","4","1","0","2","2","0"
"24712","85835212","24712","19","1","1","7","6","0","1","3","1","0"
"24713","85835212","24713","19","1","1","7","6","0","5","1","1","0"
"24714","85835212","24714","19","1","3","2","4","0","1","1","1","0"
"24715","85835212","24715","19","1","1","7","3","0","1","1","1","0"
"24716","85835212","24716","17","3","1","7","2","0","1","0","1","0"
"24717","85835212","24717","19","2","1","7","5","0","1","1","1","0"
"24718","85835212","24718","19","1","3","2","6","0","1","1","1","0"
"24719","85835212","24719","19","3","3","2","4","0","1","0","1","0"
"24720","85835212","24720","19","1","1","7","6","0","2","1","1","0"
"24721","85835212","24721","19","1","3","2","6","0","2","4","1","0"