"accident_id","lieu_id","date_id","cause_id","lum_id","intemp_id","etat_surface_id","impliq_id","nb_blesses_graves","nb_blesses_legers","nb_indemnes","gravite","nb_morts"
"24722","85835212","24722","19","1","1","7","4","0","1","1","1","0"
"24723","85835212","24723","19","1","1","7","3","0","1","1","1","0"
"24724","85835212","24724","19","1","1","7","6","0","3","2","1","0"
"24725","85835212","24725","19","3","1","1","4","0","1","1","1","0"
"24726","85835212","24726","16","1","1","7","6","0","1","0","1","0"
"24727","85835212","4642","17","1","1","7","4","0","1","1","1","0"
"24728","85835212","24728","18","1","1","7","6","0","2","1","1","0"
"24729","85835212","24729","19","1","1","1","4","0","1","2","1","0"
"24730","85835212","24730","19","2","3","1","6","0","3","1","1","0"
"24731","85835212","24731","11","1","1","7","6","0","1","1","1","0"
"24732","85835212","24732","11","1","1","7","6","0","1","1","1","0"
"24733","85835212","24733","16","1","1","7","6","0","1","1","1","0"
"24734","85835212","24734","51","1","1","7","6","0","1","1","1","0"
"24735","85835303","24735","99","3","1","7","4","0","1","1","1","0"
"24736","85835303","24736","75","1","1","7","0","0","1","2","1","0"
"24737","85835303","24737","71","1","1","7","6","0","1","1","1","0"
"24738","85835303","24738","14","1","1","7","6","0","1","1","1","0"
"24739","85835303","24739","14","1","1","7","6","0","1","2","1","0"
"24740","85835303","24740","14","1","1","7","6","0","1","0","1","0"
"24741","85835303","24741","14","2","1","7","6","0","2","0","1","0"
"24742","85835303","24742","14","1","1","7","4","1","0","1","2","0"
"24743","85835303","24743","72","1","1","7","6","0","1","1","1","0"
"24744","85835304","24744","14","3","3","2","3","0","1","2","1","0"
"24745","85835401","24745","71","1","3","2","6","0","1","1","1","0"
"24746","85835401","24746","71","1","1","7","6","0","1","1","1","0"
"24747","85835401","24747","18","1","1","7","6","0","1","1","1","0"
"24748","85835401","24748","71","1","1","7","6","0","1","1","1","0"
"24749","85835401","24749","16","1","1","7","4","1","0","1","2","0"
"24750","85835401","24750","11","1","1","7","8","0","3","3","1","0"
"24751","85835401","24751","21","3","1","7","6","0","1","3","1","0"
"24752","85835401","4276","16","1","1","7","4","0","2","1","1","0"
"24753","85835405","24753","14","1","3","2","6","0","1","1","1","0"
"24754","85835405","24754","19","3","2","2","4","0","1","1","1","0"
"24755","85835405","24755","71","1","1","7","6","1","0","1","2","0"
"24756","85835405","24756","17","1","1","7","1","0","1","1","1","0"
"24757","85835405","24757","19","3","1","7","5","0","4","0","1","0"
"24758","85835405","24758","19","1","1","7","6","0","1","1","1","0"
"24759","85835406","24759","14","1","3","2","6","0","1","4","1","0"
"24760","85835406","24760","14","1","1","1","6","0","1","1","1","0"
"24761","85835406","24761","14","3","1","7","6","0","1","1","1","0"
"24762","85835406","24762","14","1","1","7","6","0","1","1","1","0"
"24763","85835406","24763","14","1","1","7","3","0","1","1","1","0"
"24764","85835406","24764","14","1","1","7","6","0","2","0","1","0"
"24765","85835406","24765","81","3","1","7","6","0","1","2","1","0"
"24766","85835407","24766","14","1","1","7","6","0","1","1","1","0"
"24767","85835407","24767","81","1","3","2","2","0","1","1","1","0"
"24768","85835407","24768","14","3","1","7","6","0","1","1","1","0"
"24769","85835407","24769","51","3","1","7","2","0","1","1","1","0"
"24770","85835407","24770","21","1","1","7","6","0","5","0","1","0"
"24771","85835407","24771","17","1","3","1","2","0","1","1","1","0"
"24772","85835506","24772","72","1","1","7","6","0","1","1","1","0"
"24773","85835506","24773","18","1","1","7","6","0","1","1","1","0"
"24774","85835507","24774","72","1","1","7","6","0","1","1","1","0"
"24775","85836106","24775","16","1","1","7","3","0","1","1","1","0"
"24776","85836106","24776","17","1","1","7","2","0","2","0","1","0"
"24777","85836106","24777","16","2","6","1","6","0","1","1","1","0"
"24778","85836106","24778","17","1","1","7","2","1","0","1","2","0"
"24779","85836106","24779","16","1","2","2","6","0","1","1","1","0"
"24780","85836106","24780","51","1","1","7","7","0","2","1","1","0"
"24781","85836106","24781","11","1","1","7","6","0","1","1","1","0"
"24782","85836106","24782","81","1","1","7","6","0","1","3","1","0"
"24783","85836106","24783","11","1","1","7","6","0","1","1","1","0"
"24784","85836106","24784","11","1","1","7","6","1","3","0","2","0"
"24785","85836106","24785","17","3","3","1","2","0","1","1","1","0"
"24786","85836106","24786","31","1","1","7","4","0","1","1","1","0"
"24787","85836106","24787","16","1","3","1","6","0","1","1","1","0"
"24788","85836106","24788","17","1","1","7","2","0","1","1","1","0"
"24789","85836106","24789","51","1","1","7","9","0","1","0","1","0"
"24790","85836106","24790","11","1","1","7","6","0","1","1","1","0"
"24791","85836106","24791","11","1","1","7","6","0","1","1","1","0"
"24792","85836106","24792","16","1","1","7","6","1","6","0","2","0"
"24793","85836106","24793","11","2","1","7","6","0","1","1","1","0"
"24794","85836106","24794","16","3","1","7","6","0","1","2","1","0"
"24795","85836106","24795","11","3","1","7","6","0","2","2","1","0"
"24796","85836106","24796","71","1","1","7","6","0","1","2","1","0"
"24797","85836301","24797","71","1","1","7","6","0","1","1","1","0"
"24798","85836303","24798","14","1","1","7","6","0","1","3","1","0"
"24799","85836303","24799","14","1","1","1","6","0","2","1","1","0"
"24800","85836303","24800","14","1","1","7","6","0","1","1","1","0"
"24801","85836303","24801","14","3","1","7","6","0","1","0","1","0"
"24802","85836303","24802","14","1","1","7","6","0","1","1","1","0"
"24803","85836303","24803","17","1","1","7","1","1","0","1","2","0"
"24804","85836303","24804","41","3","1","7","6","0","1","1","1","0"
"24805","85836303","24805","14","1","1","7","6","0","1","2","1","0"
"24806","85836303","24806","14","1","3","1","6","0","1","1","1","0"
"24807","85836303","24807","41","1","1","7","6","0","1","1","1","0"
"24808","85836303","24808","19","1","1","7","6","1","0","1","2","0"
"24809","85836303","24809","19","1","1","7","6","0","2","0","1","0"
"24810","85836401","24810","52","1","1","7","6","0","1","0","1","0"
"24811","85836402","24811","14","1","1","7","6","0","2","1","1","0"
"24812","85836402","24812","14","1","3","2","6","0","1","1","1","0"
"24813","85836404","24813","14","1","1","7","6","0","1","1","1","0"
"24814","85836404","24814","71","1","1","7","6","0","1","1","1","0"
"24815","85836404","24815","71","1","1","7","6","0","1","1","1","0"
"24816","85836404","24816","17","1","1","7","2","0","1","1","1","0"
"24817","85836404","24817","17","3","1","7","2","0","1","1","1","0"
"24818","85836405","24818","14","1","1","7","4","0","1","1","1","0"
"24819","85836405","6617","31","1","1","7","7","0","1","1","1","0"
"24820","85836503","24820","16","1","1","7","4","0","1","3","1","0"
"24821","85836503","24821","17","2","1","7","1","0","1","1","1","0"
"24822","85836503","24822","17","1","1","7","2","0","1","1","1","0"
"24823","85836503","24823","71","1","2","1","6","0","1","1","1","0"
"24824","85836503","24824","16","3","3","1","5","0","2","0","1","0"
"24825","85836503","24825","17","3","4","1","2","0","1","0","1","0"
"24826","85836503","24826","19","1","3","1","4","0","1","1","1","0"
"24827","85836508","24827","81","1","1","7","6","0","1","1","1","0"
"24828","85836508","24828","52","2","1","7","0","0","3","0","1","0"
"24829","85837101","24829","17","1","1","7","2","0","1","1","1","0"
"24830","85837101","24830","17","1","1","7","2","0","1","1","1","0"
"24831","85837101","24831","51","3","1","7","6","0","1","1","1","0"
"24832","85837101","24832","11","1","1","7","6","0","1","2","1","0"
"24833","85837101","24833","16","3","1","7","6","0","1","3","1","0"
"24834","85837101","24834","11","1","3","1","6","0","1","1","1","0"
"24835","85837103","24835","51","1","3","1","0","0","4","0","1","0"
"24836","85837103","23621","19","1","1","7","3","0","1","1","1","0"
"24837","85837301","24837","14","1","1","7","6","0","1","1","1","0"
"24838","85837302","24838","14","1","1","7","6","0","2","1","1","0"
"24839","85837402","24839","19","3","1","7","3","0","1","1","1","0"
"24840","85837402","24840","18","1","1","7","6","0","2","5","1","0"
"24841","85837402","24841","17","3","3","2","2","0","1","1","1","0"
"24842","85837402","24842","17","3","3","1","2","0","1","1","1","0"
"24843","85837402","24843","72","3","1","7","3","0","1","1","1","0"
"24844","85837402","24844","17","1","1","7","2","0","1","1","1","0"
"24845","85837402","24845","51","3","1","1","6","0","1","0","1","0"
"24846","85837402","372","17","3","1","7","2","1","0","1","2","0"
"24847","85837402","24847","19","1","1","7","4","0","1","1","1","0"
"24848","85837402","24848","20","3","1","7","2","0","1","1","1","0"
"24849","85837403","24849","51","1","1","7","6","0","1","1","1","0"
"24850","85837403","24850","51","1","1","7","7","0","1","0","1","0"
"24851","85837403","24851","17","3","3","1","2","0","1","1","1","0"
"24852","85837403","24852","14","1","1","7","6","0","1","1","1","0"
"24853","85837403","24853","14","1","1","7","7","0","1","1","1","0"
"24854","85837403","24854","14","1","1","7","6","0","2","1","1","0"
"24855","85837403","24855","17","1","3","1","2","0","1","1","1","0"
"24856","85837502","24856","72","1","1","7","6","0","1","1","1","0"
"24857","85837505","24857","14","1","1","7","6","0","1","1","1","0"
"24858","85837505","24858","14","1","1","7","5","1","0","1","2","0"
"24859","85837505","24859","14","1","1","7","6","0","1","1","1","0"
"24860","85837507","24860","14","1","1","2","4","1","0","1","2","0"
"24861","85837507","24861","81","1","3","2","6","0","1","2","1","0"
"24862","85837507","24862","14","1","1","7","6","0","1","1","1","0"
"24863","85837507","24863","71","1","3","1","6","0","1","1","1","0"
"24864","85837507","24864","72","1","1","7","6","0","1","1","1","0"
"24865","85837507","24865","17","1","1","7","2","0","1","1","1","0"
"24866","85837507","24866","17","1","3","1","2","0","1","1","1","0"
"24867","85837508","24867","19","2","1","7","6","0","1","1","1","0"
"24868","85841126","24868","51","3","1","7","6","0","1","2","1","0"
"24869","85841126","24869","11","3","1","1","6","0","2","1","1","0"
"24870","85841126","20312","11","1","3","1","6","0","1","1","1","0"
"24871","85841204","24871","64","1","1","7","6","0","1","1","1","0"
"24872","85841405","24872","52","3","6","4","0","0","1","1","1","0"
"24873","85841406","24873","24","1","1","7","2","0","1","1","1","0"
"24874","85841406","24874","71","1","1","7","6","0","1","1","1","0"
"24875","85841406","24875","13","1","1","7","4","1","0","1","2","0"
"24876","85841406","24876","13","3","1","7","6","0","1","1","1","0"
"24877","85841406","24877","52","1","3","1","6","0","1","1","1","0"
"24878","85841406","24878","23","1","6","1","6","0","1","1","1","0"
"24879","85841406","24879","11","3","1","7","6","1","0","1","2","0"
"24880","85841406","24880","17","1","1","7","2","1","0","1","2","0"
"24881","85841407","24881","71","1","1","3","6","0","2","1","1","0"
"24882","85841407","24882","51","3","1","7","6","0","1","0","1","0"
"24883","85841408","24883","17","1","1","1","2","0","1","1","1","0"
"24884","85841408","24884","23","1","1","7","5","1","1","1","2","0"
"24885","85841408","24885","16","1","1","7","6","0","4","0","1","0"
"24886","85841408","24886","85","3","1","7","6","0","1","1","1","0"
"24887","85841408","24887","17","1","1","1","2","0","1","1","1","0"
"24888","85841408","24888","81","3","3","1","3","0","2","0","1","0"
"24889","85841408","24889","52","1","1","4","6","0","1","1","1","0"
"24890","85841408","24890","17","1","1","7","2","1","0","1","2","0"
"24891","85841501","24891","13","1","1","7","5","1","0","1","2","0"
"24892","85841501","24892","13","3","1","1","6","0","2","1","1","0"
"24893","85841501","24893","71","1","1","7","6","0","1","1","1","0"
"24894","85841501","24894","13","1","1","7","6","0","1","1","1","0"
"24895","85841501","24895","13","3","3","1","6","0","1","1","1","0"
"24896","85841506","24896","11","1","1","2","6","0","1","1","1","0"
"24897","85841506","24897","71","3","1","2","6","1","0","1","2","0"
"24898","85841506","24898","11","1","1","7","6","0","1","1","1","0"
"24899","85841506","24899","81","3","2","1","6","0","1","1","1","0"
"24900","85841506","24900","15","1","1","7","6","0","1","1","1","0"
"24901","85841506","24901","11","1","1","7","4","0","1","1","1","0"
"24902","85841506","24902","11","3","1","7","5","0","3","1","1","0"
"24903","85841506","24903","51","1","3","2","6","0","1","1","1","0"
"24904","85841506","24904","16","2","3","1","6","0","2","1","1","0"
"24905","85841506","24905","81","3","3","2","6","0","1","1","1","0"
"24906","85841506","24906","11","1","1","7","6","0","1","1","1","0"
"24907","85841506","24907","81","3","1","7","0","0","1","0","1","0"
"24908","85841506","24908","11","2","6","4","6","0","1","1","1","0"
"24909","85841506","24909","71","1","1","7","6","1","0","1","2","0"
"24910","85841506","24910","71","1","1","1","6","0","1","1","1","0"
"24911","85841506","24911","11","3","3","1","6","0","1","2","1","0"
"24912","85841506","24912","11","1","1","1","6","0","1","1","1","0"
"24913","85841506","24913","81","1","4","7","6","1","0","1","2","0"
"24914","85841506","24914","71","1","1","7","6","1","0","1","2","0"
"24915","85841506","24915","81","3","3","1","6","0","0","1","3","0"
"24916","85842101","24916","20","1","1","7","6","0","1","1","1","0"
"24917","85842103","24917","16","1","1","7","6","0","1","2","1","0"
"24918","85842103","24918","16","1","1","7","6","0","1","2","1","0"
"24919","85842103","24919","16","1","1","7","6","0","1","0","1","0"
"24920","85842103","24920","11","1","1","7","6","1","0","1","2","0"
"24921","85842103","24921","16","1","1","2","6","0","1","0","1","0"
"24922","85842103","24922","16","3","1","7","6","0","1","1","1","0"
"24923","85842103","24923","16","1","1","7","6","0","1","2","1","0"
"24924","85842103","24924","16","1","1","7","6","0","1","2","1","0"
"24925","85842103","24925","16","1","1","7","6","0","2","0","1","0"
"24926","85842103","24926","16","1","1","7","6","0","2","1","1","0"
"24927","85842103","24927","16","1","3","1","6","0","1","0","1","0"
"24928","85842103","24928","51","3","1","7","6","0","3","2","1","0"
"24929","85842103","24929","51","1","1","7","6","0","1","1","1","0"
"24930","85842103","24930","16","1","1","7","6","0","1","1","1","0"
"24931","85842103","24931","16","1","1","7","6","0","2","1","1","0"
"24932","85842103","24932","11","3","3","1","4","0","1","1","1","0"
"24933","85842104","24933","16","3","1","7","6","0","1","1","1","0"
"24934","85842104","24934","51","3","1","7","3","0","1","1","1","0"
"24935","85842105","24935","16","1","1","7","6","0","2","0","1","0"
"24936","85842105","24936","16","1","1","7","6","0","1","1","1","0"
"24937","85842105","24937","35","1","1","7","5","0","1","1","1","0"
"24938","85842105","24938","81","3","3","1","6","0","1","2","1","0"
"24939","85842105","22610","16","1","1","7","6","0","1","1","1","0"
"24940","85842211","24940","18","1","1","7","4","0","1","1","1","0"
"24941","85842212","24941","51","1","1","7","6","0","1","1","1","0"
"24942","85842212","24942","18","1","1","7","6","0","1","1","1","0"
"24943","85842212","24943","16","1","3","2","6","0","1","1","1","0"
"24944","85842212","24944","67","1","3","1","6","0","1","1","1","0"
"24945","85842212","24945","51","1","3","2","6","0","3","3","1","0"
"24946","85842212","24946","16","3","1","1","6","0","2","0","1","0"
"24947","85842212","10035","22","1","1","7","6","0","1","1","1","0"
"24948","85842212","24948","16","2","3","2","5","0","1","1","1","0"
"24949","85842212","24949","16","1","1","1","6","0","1","1","1","0"
"24950","85842212","24950","22","1","1","7","4","0","1","1","1","0"
"24951","85842212","24951","51","1","1","7","6","0","1","2","1","0"
"24952","85842212","24952","22","1","1","7","5","0","1","1","1","0"
"24953","85842212","24953","16","1","1","7","6","0","3","1","1","0"
"24954","85842212","24954","16","1","2","2","6","0","2","0","1","0"
"24955","85842212","24955","52","1","1","7","0","0","1","0","1","0"
"24956","85842212","24956","11","1","3","1","6","0","1","1","1","0"
"24957","85842212","24957","51","1","1","7","6","0","2","0","1","0"
"24958","85842212","24958","81","2","1","7","6","0","2","0","1","0"
"24959","85842212","24959","19","1","1","7","6","0","1","1","1","0"
"24960","85842212","24960","16","1","1","7","6","0","1","1","1","0"
"24961","85842212","24961","51","1","1","7","6","0","1","1","1","0"
"24962","85842212","24962","23","1","1","7","6","0","1","0","1","0"
"24963","85843103","24963","17","3","3","2","1","0","1","1","1","0"
"24964","85843103","24964","71","1","1","7","6","0","1","1","1","0"
"24965","85843212","24965","16","1","1","1","6","0","1","1","1","0"
"24966","85843212","24966","19","1","1","7","6","0","1","2","1","0"
"24967","85844102","24967","72","1","1","7","6","0","1","1","1","0"
"24968","85844104","24968","19","1","1","7","6","0","1","1","1","0"
"24969","85844104","24969","17","1","1","7","1","0","1","1","1","0"
"24970","85844104","24970","19","2","2","1","6","0","1","1","1","0"
"24971","85844206","24971","16","1","3","2","6","0","1","1","1","0"
"24972","85844206","24972","51","1","1","7","3","1","0","1","2","0"
"24973","85844206","24973","11","3","3","1","4","0","1","1","1","0"
"24974","85844206","24974","11","1","1","1","7","1","0","1","2","0"
"24975","85844206","24975","16","1","1","5","4","0","1","1","1","0"
"24976","85844206","24976","16","1","1","1","4","0","0","1","3","0"
"24977","85844206","24977","16","1","1","7","4","0","1","1","1","0"
"24978","85844206","24978","16","1","1","7","5","0","1","3","1","0"
"24979","85844206","24979","16","1","1","1","6","0","1","1","1","0"
"24980","85844206","24980","16","1","1","7","6","0","1","1","1","0"
"24981","85844206","24981","16","1","1","7","6","0","2","0","1","0"
"24982","85844206","24982","31","1","1","7","3","0","1","1","1","0"
"24983","85844206","24983","16","1","3","1","6","0","1","1","1","0"
"24984","85844206","24984","51","1","1","7","6","0","1","2","1","0"
"24985","85844206","24985","51","1","1","7","6","0","1","2","1","0"
"24986","85844206","24986","99","1","1","7","3","0","0","1","3","0"
"24987","85844206","24987","16","3","1","7","4","0","1","4","1","0"
"24988","85844206","24988","16","1","1","7","6","0","1","2","1","0"
"24989","85844206","24989","11","1","1","7","6","0","1","1","1","0"
"24990","85844207","24990","51","2","1","7","0","0","1","0","1","0"
"24991","85844209","24991","52","5","1","7","6","0","3","1","1","0"
"24992","85844302","24992","14","1","1","7","6","0","2","0","1","0"
"24993","85844302","24993","14","1","1","7","6","0","3","1","1","0"
"24994","85844302","24994","14","1","1","1","6","0","1","2","1","0"
"24995","85844302","9428","14","3","1","7","6","0","1","1","1","0"
"24996","85844302","24996","14","3","1","7","6","0","1","1","1","0"
"24997","85844302","24997","14","3","1","7","6","0","2","0","1","0"
"24998","85844414","24998","14","3","3","1","6","0","1","1","1","0"
"24999","85844414","24999","52","1","1","1","0","0","1","0","1","0"
"25000","85844502","25000","51","1","3","1","6","0","1","1","1","0"
"25001","85844503","25001","14","1","1","7","4","0","1","1","1","0"
"25002","85844503","25002","14","1","1","7","4","0","1","1","1","0"
"25003","85845102","25003","14","1","1","7","6","0","1","2","1","0"
"25004","85845102","25004","14","1","1","7","6","0","2","0","1","0"
"25005","85845102","25005","14","1","1","7","6","0","2","1","1","0"
"25006","85845102","25006","14","1","1","7","4","0","2","1","1","0"
"25007","85845102","25007","14","1","1","7","6","0","1","1","1","0"
"25008","85845102","25008","19","2","1","7","6","0","2","1","1","0"
"25009","85845102","25009","19","1","1","7","6","0","2","1","1","0"
"25010","85845102","25010","19","1","1","7","4","0","1","1","1","0"
"25011","85845102","25011","19","3","1","7","4","0","2","1","1","0"
"25012","85845102","25012","64","1","1","7","6","0","1","1","1","0"
"25013","85845102","25013","19","3","1","7","4","0","1","1","1","0"
"25014","85845102","25014","19","1","1","7","6","0","2","1","1","0"
"25015","85845102","25015","19","1","1","7","6","0","1","1","1","0"
"25016","85845102","25016","19","1","1","7","6","0","1","1","1","0"
"25017","85845102","25017","13","1","1","7","6","0","1","2","1","0"
"25018","85845102","25018","13","1","1","7","6","0","1","1","1","0"
"25019","85845102","25019","13","3","1","7","6","0","1","1","1","0"
"25020","85845103","25020","51","1","1","7","3","0","1","1","1","0"
"25021","85845105","25021","17","3","1","1","2","0","1","1","1","0"
"25022","85845106","25022","67","3","1","7","4","0","1","1","1","0"
"25023","85845201","25023","14","1","1","7","6","0","1","0","1","0"
"25024","85845203","25024","35","1","1","7","5","0","1","1","1","0"
"25025","85845203","25025","31","3","1","7","6","0","3","2","1","0"
"25026","85845203","25026","71","1","1","7","4","0","2","0","1","0"
"25027","85845203","25027","19","1","3","2","4","0","1","1","1","0"
"25028","85845203","25028","61","1","1","7","3","0","1","1","1","0"
"25029","85845203","25029","19","1","1","7","6","1","1","1","2","0"
"25030","85845203","25030","18","3","1","7","4","1","1","1","2","0"
"25031","85845203","25031","74","1","1","7","3","0","1","1","1","0"
"25032","85845301","25032","18","1","1","7","6","0","1","1","1","0"
"25033","85845301","25033","19","1","1","7","4","0","1","1","1","0"
"25034","85845301","25034","52","3","1","7","0","0","2","1","1","0"
"25035","85845302","25035","31","2","1","7","7","0","1","1","1","0"
"25036","85845302","2361","18","2","1","7","6","0","1","2","1","0"
"25037","85845302","25037","13","3","2","1","6","0","1","1","1","0"
"25038","85845304","25038","15","3","3","2","8","0","1","1","1","0"
"25039","85845304","25039","15","1","1","7","6","0","2","1","1","0"
"25040","85845304","25040","16","1","1","7","6","0","2","0","1","0"
"25041","85845304","21803","11","1","1","7","6","0","1","1","1","0"
"25042","85845304","25042","16","3","1","4","6","0","2","0","1","0"
"25043","85845304","25043","15","3","3","2","6","0","3","0","1","0"
"25044","85845304","25044","35","1","1","7","5","0","1","1","1","0"
"25045","85845304","25045","17","1","1","7","2","0","1","1","1","0"
"25046","85845304","25046","11","1","1","7","6","0","2","1","1","0"
"25047","85845304","25047","11","3","3","1","6","0","1","1","1","0"
"25048","85845304","25048","51","1","1","7","6","0","2","1","1","0"
"25049","85845304","25049","16","3","1","7","4","0","1","1","1","0"
"25050","85845304","25050","11","1","1","7","6","0","1","1","1","0"
"25051","85845304","25051","16","1","1","7","6","0","1","2","1","0"
"25052","85845304","25052","16","3","1","7","6","0","2","0","1","0"
"25053","85845304","25053","11","3","3","1","6","0","1","1","1","0"
"25054","85845304","25054","16","3","1","7","5","0","1","1","1","0"
"25055","85845305","25055","16","2","1","7","4","0","1","1","1","0"
"25056","85845307","25056","14","1","1","7","6","0","1","1","1","0"
"25057","85845307","25057","51","1","1","7","6","0","1","1","1","0"
"25058","85845307","25058","18","1","1","7","5","0","1","1","1","0"
"25059","85845401","25059","11","1","1","7","6","0","1","2","1","0"
"25060","85845401","25060","11","1","1","7","6","0","1","1","1","0"
"25061","85845401","25061","11","1","1","7","6","0","1","1","1","0"
"25062","85845401","25062","15","3","2","2","6","0","1","0","1","0"
"25063","85845401","2143","11","1","1","1","6","0","1","1","1","0"
"25064","85845401","25064","11","3","1","7","6","0","2","3","1","0"
"25065","85845401","25065","11","3","1","7","6","0","1","1","1","0"
"25066","85845401","25066","11","1","1","7","8","0","3","0","1","0"
"25067","85845401","25067","11","1","1","7","6","0","4","0","1","0"
"25068","85845401","25068","11","1","1","7","2","0","2","0","1","0"
"25069","85845401","25069","11","2","1","1","6","0","1","3","1","0"
"25070","85845401","25070","17","1","1","7","1","0","1","2","1","0"
"25071","85845401","25071","11","3","1","7","6","0","2","6","1","0"
"25072","85845401","25072","11","1","1","7","5","0","1","1","1","0"
"25073","85845401","25073","11","1","1","7","6","0","1","0","1","0"
"25074","85845403","25074","16","2","1","7","6","1","0","2","2","0"
"25075","85845403","25075","72","1","1","7","5","0","1","1","1","0"
"25076","85845403","25076","13","3","1","7","6","0","2","2","1","0"
"25077","85846101","25077","17","3","1","2","2","1","0","1","2","0"
"25078","85846101","25078","14","1","1","7","6","0","3","5","1","0"
"25079","85846101","25079","14","1","1","7","4","1","0","1","2","0"
"25080","85846101","25080","19","1","1","7","3","0","1","1","1","0"
"25081","85846101","25081","19","3","1","7","6","0","1","4","1","0"
"25082","85846101","25082","19","3","1","4","4","0","1","1","1","0"
"25083","85846101","25083","17","1","1","7","1","0","1","1","1","0"
"25084","85846101","25084","19","1","1","7","6","0","3","0","1","0"
"25085","85846101","6550","16","1","1","7","4","0","1","1","1","0"
"25086","85846101","25086","17","3","1","7","1","0","1","1","1","0"
"25087","85846101","25087","19","3","1","7","4","0","1","1","1","0"
"25088","85846101","25088","41","1","1","7","6","0","1","1","1","0"
"25089","85846101","25089","14","2","1","1","4","0","1","1","1","0"
"25090","85846101","25090","71","1","1","7","6","1","0","0","2","0"
"25091","85846101","25091","19","1","1","7","4","0","1","1","1","0"
"25092","85846102","25092","51","1","1","7","6","0","1","1","1","0"
"25093","85846102","25093","31","3","1","7","8","0","1","1","1","0"
"25094","85846102","25094","19","3","1","7","6","0","1","3","1","0"
"25095","85846102","25095","16","3","1","7","4","0","1","1","1","0"
"25096","85846102","24871","19","1","1","7","4","0","2","0","1","0"
"25097","85846203","25097","72","1","1","7","6","1","0","1","2","0"
"25098","85846204","25098","14","1","1","7","3","0","1","1","1","0"
"25099","85846207","25099","72","1","1","7","6","0","1","1","1","0"
"25100","85846506","25100","52","3","1","1","4","0","1","2","1","0"
"25101","85846506","25101","21","1","3","2","6","0","1","1","1","0"
"25102","85846506","25102","17","1","2","1","2","0","1","1","1","0"
"25103","85847103","25103","14","1","1","7","6","0","0","1","3","0"
"25104","85847103","25104","14","1","1","7","6","0","1","0","1","0"
"25105","85847103","25105","14","3","1","7","6","0","1","1","1","0"
"25106","85847104","25106","14","3","1","7","6","0","1","1","1","0"
"25107","85847104","25107","14","1","1","7","6","0","1","1","1","0"
"25108","85847104","25108","14","1","1","7","6","0","2","1","1","0"
"25109","85847104","25109","14","1","1","7","6","0","1","1","1","0"
"25110","85847104","25110","14","3","1","7","6","0","1","1","1","0"
"25111","85847106","25111","14","1","1","7","6","0","1","1","1","0"
"25112","85847106","25112","14","3","1","7","6","0","2","1","1","0"
"25113","85847106","25113","14","1","6","1","6","0","1","1","1","0"
"25114","85847106","25114","14","1","1","7","6","0","1","2","1","0"
"25115","85847106","25115","14","1","1","7","6","0","1","1","1","0"
"25116","85847106","25116","17","3","3","1","2","0","1","1","1","0"
"25117","85847106","25117","71","1","1","7","6","0","1","1","1","0"
"25118","85847106","25118","14","1","1","7","4","0","1","3","1","0"
"25119","85847106","25119","14","1","1","7","6","0","2","2","1","0"
"25120","85847106","25120","14","3","1","1","6","0","1","1","1","0"
"25121","85847106","25121","14","1","1","7","6","0","1","1","1","0"
"25122","85847106","25122","14","3","2","1","6","0","2","1","1","0"
"25123","85847106","25123","14","3","1","7","6","0","1","2","1","0"
"25124","85847106","25124","14","1","1","7","6","0","2","2","1","0"
"25125","85847202","25125","17","1","1","7","1","0","1","1","1","0"
"25126","85847204","25126","14","1","1","7","6","0","1","1","1","0"
"25127","85847204","25127","51","1","1","7","4","0","1","1","1","0"
"25128","85847311","25128","16","3","1","7","4","0","1","1","1","0"
"25129","85847311","25129","31","3","3","1","6","0","1","0","1","0"
"25130","85847311","9142","16","1","1","7","6","0","4","2","1","0"
"25131","85847502","25131","17","1","1","7","1","0","1","0","1","0"
"25132","85847511","25132","13","2","1","7","4","2","0","0","2","0"
"25133","85847511","25133","17","1","1","7","1","0","1","1","1","0"
"25134","85847511","25134","51","1","1","7","6","0","1","1","1","0"
"25135","85851107","25135","11","1","3","2","6","0","1","1","1","0"
"25136","85851107","25136","16","1","1","7","6","0","2","0","1","0"
"25137","85851107","25137","11","2","1","7","6","1","0","1","2","0"
"25138","85851202","25138","11","3","1","1","6","0","4","0","1","0"
"25139","85851202","25139","36","1","1","7","5","1","1","3","2","0"
"25140","85851202","25140","11","3","1","7","6","0","0","1","3","0"
"25141","85851202","25141","11","1","1","7","4","1","1","1","2","0"
"25142","85851202","25142","11","4","2","2","6","0","1","1","1","0"
"25143","85851202","25143","11","1","7","7","6","0","1","1","1","0"
"25144","85851202","25144","16","3","1","7","6","0","1","1","1","0"
"25145","85851202","25145","51","1","3","1","6","0","1","2","1","0"