"accident_id","lieu_id","date_id","cause_id","lum_id","intemp_id","etat_surface_id","impliq_id","nb_blesses_graves","nb_blesses_legers","nb_indemnes","gravite","nb_morts"
"25146","85851202","25146","51","3","3","1","6","0","7","0","1","0"
"25147","85851202","25147","16","1","3","1","5","0","1","1","1","0"
"25148","85851202","25148","81","1","1","7","6","0","1","1","1","0"
"25149","85851202","25149","16","3","3","1","6","1","3","0","2","0"
"25150","85851202","25150","17","3","1","7","2","0","2","1","1","0"
"25151","85851303","16220","13","3","3","2","4","0","1","3","1","0"
"25152","85851303","25152","23","1","3","2","5","1","0","1","2","0"
"25153","85851303","25153","13","2","1","7","4","0","1","1","1","0"
"25154","85851303","25154","13","1","1","1","6","0","1","1","1","0"
"25155","85851303","25155","71","1","1","7","4","0","2","1","1","0"
"25156","85851303","25156","13","1","2","2","6","0","1","1","1","0"
"25157","85851303","25157","17","1","7","7","2","0","1","1","1","0"
"25158","85851303","25158","17","1","1","7","2","0","1","1","1","0"
"25159","85851303","25159","13","1","1","7","6","0","2","0","1","0"
"25160","85851303","25160","13","1","3","2","6","1","0","1","2","0"
"25161","85851303","25161","81","1","3","2","6","0","1","2","1","0"
"25162","85851303","25162","13","3","1","1","5","0","2","1","1","0"
"25163","85851303","25163","23","1","1","7","6","0","1","1","1","0"
"25164","85851303","25164","81","1","1","7","6","0","1","1","1","0"
"25165","85851303","25165","17","1","1","7","2","0","1","1","1","0"
"25166","85851303","25166","23","3","1","7","6","0","1","2","1","0"
"25167","85851303","25167","81","1","1","7","6","0","1","1","1","0"
"25168","85851303","25168","23","3","2","1","6","0","1","1","1","0"
"25169","85851303","25169","23","2","3","1","6","0","1","1","1","0"
"25170","85851303","25170","17","2","3","1","2","0","1","1","1","0"
"25171","85851303","25171","17","1","1","7","2","0","0","1","3","0"
"25172","85851303","25172","17","1","1","7","2","0","2","1","1","0"
"25173","85851304","25173","14","1","1","7","6","2","0","1","2","0"
"25174","85851304","25174","14","1","1","7","6","0","1","1","1","0"
"25175","85851305","25175","23","1","1","7","5","0","1","1","1","0"
"25176","85851308","25176","13","1","1","1","6","0","1","1","1","0"
"25177","85851308","25177","13","1","3","1","6","0","4","0","1","0"
"25178","85851308","25178","13","1","1","7","4","1","1","1","2","0"
"25179","85851308","25179","13","1","1","7","6","0","1","1","1","0"
"25180","85851308","25180","22","1","3","1","6","0","1","1","1","0"
"25181","85851308","25181","13","1","1","7","4","0","1","1","1","0"
"25182","85851309","22031","14","1","1","7","4","1","0","1","2","0"
"25183","85851309","25183","14","1","1","1","4","1","0","1","2","0"
"25184","85851309","25184","41","1","1","7","6","1","0","1","2","0"
"25185","85851309","25185","14","1","3","1","6","0","2","0","1","0"
"25186","85851309","25186","35","1","1","7","3","0","1","1","1","0"
"25187","85851310","25187","14","1","1","7","6","0","1","1","1","0"
"25188","85851401","25188","51","1","1","7","6","0","1","1","1","0"
"25189","85851401","25189","52","1","3","1","0","0","2","0","1","0"
"25190","85851401","14801","51","1","1","7","6","0","1","2","1","0"
"25191","85851401","25191","51","5","1","7","6","0","1","1","1","0"
"25192","85851401","25192","71","1","1","7","6","0","1","1","1","0"
"25193","85851401","10131","11","1","1","7","6","0","1","1","1","0"
"25194","85851401","25194","16","3","3","1","6","0","1","1","1","0"
"25195","85851401","25195","16","3","1","7","6","0","1","1","1","0"
"25196","85851401","25196","16","1","1","7","6","0","3","0","1","0"
"25197","85851401","25197","16","3","3","1","6","0","4","0","1","0"
"25198","85851401","25198","16","1","1","7","6","0","5","1","1","0"
"25199","85851401","25199","16","1","1","7","6","0","2","0","1","0"
"25200","85851401","25200","16","1","1","7","6","0","2","0","1","0"
"25201","85851401","25201","16","1","1","1","6","1","0","1","2","0"
"25202","85851403","22584","11","3","1","1","6","0","1","1","1","0"
"25203","85851403","25203","12","1","1","7","6","0","2","0","1","0"
"25204","85851403","25204","11","3","1","7","6","0","1","1","1","0"
"25205","85851403","25205","81","3","1","7","0","0","1","0","1","0"
"25206","85851403","9716","51","1","1","7","6","0","1","1","1","0"
"25207","85851403","25207","41","3","1","1","6","0","1","1","1","0"
"25208","85851403","25208","51","1","1","7","3","0","1","1","1","0"
"25209","85851403","25209","52","1","1","7","0","0","1","1","1","0"
"25210","85851403","25210","11","1","1","7","6","0","1","1","1","0"
"25211","85851403","25211","17","1","1","7","2","0","1","1","1","0"
"25212","85851403","25212","11","1","1","7","4","0","1","1","1","0"
"25213","85851403","25213","11","3","1","7","5","0","2","0","1","0"
"25214","85851403","25214","52","1","1","7","0","0","1","0","1","0"
"25215","85851406","25215","15","1","1","7","6","0","1","0","1","0"
"25216","85851406","25216","11","3","1","7","6","1","3","0","2","0"
"25217","85851406","25217","11","3","1","2","6","0","1","1","1","0"
"25218","85851406","25218","52","3","1","7","0","0","1","0","1","0"
"25219","85851406","25219","11","3","1","2","6","0","4","0","1","0"
"25220","85851406","25220","15","1","1","7","6","0","2","2","1","0"
"25221","85851406","25221","11","2","1","7","6","0","2","0","1","0"
"25222","85851406","25222","11","1","1","7","6","0","2","0","1","0"
"25223","85851406","25223","11","1","1","7","6","0","2","3","1","0"
"25224","85851406","25224","11","2","1","7","6","1","0","1","2","0"
"25225","85851406","25225","15","2","1","7","6","0","1","1","1","0"
"25226","85851406","25226","15","1","1","7","6","0","1","1","1","0"
"25227","85851406","25227","11","2","1","4","6","0","2","0","1","0"
"25228","85851406","25228","11","1","1","7","6","0","1","1","1","0"
"25229","85851406","25229","11","1","1","7","6","0","1","1","1","0"
"25230","85851406","25230","11","3","1","1","6","0","2","2","1","0"
"25231","85851406","25231","11","1","1","7","6","0","2","1","1","0"
"25232","85851406","25232","81","1","1","7","6","0","2","1","1","0"
"25233","85851406","25233","11","1","1","7","6","0","5","0","1","0"
"25234","85851406","25234","19","1","1","7","6","0","1","1","1","0"
"25235","85851406","25235","11","1","1","7","6","0","3","0","1","0"
"25236","85851406","25236","11","3","3","1","6","0","1","1","1","0"
"25237","85851406","25237","11","3","1","7","6","0","5","0","1","0"
"25238","85851406","25238","11","3","1","1","6","0","1","1","1","0"
"25239","85851406","25239","11","1","1","7","8","0","2","1","1","0"
"25240","85851406","25240","81","3","1","7","6","0","1","1","1","0"
"25241","85851406","25241","81","3","1","7","6","0","2","0","1","0"
"25242","85851406","25242","11","1","1","7","6","0","4","0","1","0"
"25243","85851406","25243","11","3","1","7","4","0","1","1","1","0"
"25244","85851406","25244","11","1","1","7","6","0","1","1","1","0"
"25245","85851406","25245","81","3","1","7","6","0","3","0","1","0"
"25246","85851406","25246","11","3","3","1","6","0","1","1","1","0"
"25247","85851406","25247","11","3","1","7","6","0","1","1","1","0"
"25248","85851406","25248","11","1","1","7","6","1","0","1","2","0"
"25249","85851406","25249","11","2","3","1","6","0","1","2","1","0"
"25250","85851406","25250","17","3","3","1","2","0","1","1","1","0"
"25251","85851406","25251","51","1","1","7","3","0","1","1","1","0"
"25252","85851406","25252","11","1","1","7","6","0","1","1","1","0"
"25253","85852106","25253","14","3","1","1","7","0","1","2","1","0"
"25254","85852106","25254","14","1","3","1","6","0","1","1","1","0"
"25255","85852106","25255","14","1","1","7","3","0","1","1","1","0"
"25256","85852106","25256","14","1","1","7","7","0","1","1","1","0"
"25257","85852106","25257","14","1","1","1","6","0","1","1","1","0"
"25258","85852106","25258","14","1","1","7","6","0","1","0","1","0"
"25259","85852106","25259","14","1","1","7","6","0","2","1","1","0"
"25260","85852106","25260","13","1","3","2","4","0","1","1","1","0"
"25261","85852106","25261","13","1","1","7","3","0","1","1","1","0"
"25262","85852106","25262","13","2","1","7","6","1","0","1","2","0"
"25263","85852106","25263","13","1","1","7","3","0","1","1","1","0"
"25264","85852201","25264","71","1","1","7","6","0","1","1","1","0"
"25265","85852402","25265","11","3","1","7","6","0","3","0","1","0"
"25266","85852402","25266","16","1","2","2","6","0","1","1","1","0"
"25267","85852402","25267","11","3","1","1","6","0","2","0","1","0"
"25268","85852402","25268","17","1","3","1","2","1","1","1","2","0"
"25269","85852402","25269","14","3","1","7","6","0","2","0","1","0"
"25270","85852402","25270","51","1","1","7","6","0","1","3","1","0"
"25271","85852402","25271","16","1","1","7","6","0","1","1","1","0"
"25272","85852402","25272","11","1","1","7","6","0","1","1","1","0"
"25273","85852402","25273","16","1","1","1","6","0","1","1","1","0"
"25274","85852402","25274","11","1","1","7","6","1","0","1","2","0"
"25275","85852402","25275","81","1","3","1","2","1","0","1","2","0"
"25276","85852402","25276","71","1","1","1","7","0","1","1","1","0"
"25277","85852402","25277","81","3","1","7","6","1","0","1","2","0"
"25278","85852402","25278","11","2","1","7","8","1","1","1","2","0"
"25279","85852402","25279","16","1","1","7","5","0","2","1","1","0"
"25280","85852402","25280","11","1","1","7","8","0","3","0","1","0"
"25281","85852402","25281","32","1","1","7","6","0","1","1","1","0"
"25282","85852403","25282","18","1","1","7","3","1","0","1","2","0"
"25283","85852403","25283","19","3","1","1","6","0","1","0","1","0"
"25284","85852403","25284","16","1","1","7","6","0","1","1","1","0"
"25285","85852403","25285","35","1","1","7","3","1","0","1","2","0"
"25286","85852403","25286","16","1","1","7","4","0","1","1","1","0"
"25287","85852403","25287","16","1","1","7","4","0","1","1","1","0"
"25288","85852403","25288","21","1","1","7","6","0","1","1","1","0"
"25289","85852403","25289","41","2","3","1","6","0","1","2","1","0"
"25290","85852407","25290","14","1","3","1","6","0","1","1","1","0"
"25291","85852407","25291","14","1","3","2","4","0","1","1","1","0"
"25292","85852410","25292","71","3","2","2","6","0","1","1","1","0"
"25293","85852410","25293","18","1","1","7","6","0","1","1","1","0"
"25294","85852503","25294","11","1","1","1","6","0","2","0","1","0"
"25295","85852503","25295","11","1","1","7","6","0","1","1","1","0"
"25296","85852503","25296","16","1","1","7","6","0","2","0","1","0"
"25297","85852503","25297","16","1","1","7","4","0","3","0","1","0"
"25298","85852503","25298","17","3","2","2","2","0","1","1","1","0"
"25299","85852503","25299","11","1","1","7","2","1","1","0","2","0"
"25300","85852503","25300","81","3","4","3","6","0","1","1","1","0"
"25301","85852503","25301","81","1","1","7","6","0","1","3","1","0"
"25302","85852503","25302","17","1","1","1","2","0","1","1","1","0"
"25303","85853202","25303","22","1","1","7","4","0","1","2","1","0"
"25304","85853202","25304","16","3","1","7","6","0","1","1","1","0"
"25305","85853202","25305","52","3","1","2","6","0","1","2","1","0"
"25306","85853202","25306","52","1","1","7","6","0","1","1","1","0"
"25307","85853202","25307","81","3","1","7","8","1","0","1","2","0"
"25308","85853202","25308","13","1","1","7","5","0","1","1","1","0"
"25309","85853202","25309","16","1","1","7","6","0","2","0","1","0"
"25310","85853303","25310","51","3","3","1","6","0","1","1","1","0"
"25311","85853303","25311","81","3","1","2","3","0","1","1","1","0"
"25312","85853303","25312","51","3","1","7","4","1","0","1","2","0"
"25313","85853303","25313","13","1","1","7","4","0","1","1","1","0"
"25314","85853404","25314","21","1","1","7","3","0","1","1","1","0"
"25315","85853404","25315","14","3","3","1","6","0","2","0","1","0"
"25316","85853404","25316","41","2","1","7","6","1","0","1","2","0"
"25317","85853404","25317","21","2","1","7","6","0","1","0","1","0"
"25318","85853405","25318","52","3","6","7","0","0","1","0","1","0"
"25319","85853405","25319","81","3","1","7","0","0","1","0","1","0"
"25320","85853405","25320","71","1","1","7","6","0","1","1","1","0"
"25321","85853406","25321","16","3","1","7","6","0","3","1","1","0"
"25322","85853406","25322","11","1","1","7","6","1","0","1","2","0"
"25323","85853406","25323","11","1","1","7","6","0","1","1","1","0"
"25324","85853406","25324","11","3","1","1","6","1","0","1","2","0"
"25325","85853406","25325","16","3","1","7","3","0","1","1","1","0"
"25326","85853406","25326","11","1","1","7","6","0","1","1","1","0"
"25327","85853406","25327","11","3","1","1","6","0","1","2","1","0"
"25328","85853406","25328","16","3","1","1","6","0","1","2","1","0"
"25329","85853406","25329","16","3","3","1","6","0","2","0","1","0"
"25330","85853406","25330","16","1","1","7","4","0","1","1","1","0"
"25331","85853406","25331","81","1","1","7","6","1","0","1","2","0"
"25332","85853406","25332","11","1","2","1","5","0","2","0","1","0"
"25333","85853406","25333","16","1","1","7","5","1","0","1","2","0"
"25334","85853406","25334","11","3","3","1","6","1","0","1","2","0"
"25335","85854104","25335","71","1","1","7","6","1","0","1","2","0"
"25336","85854106","7580","51","1","1","7","4","0","1","1","1","0"
"25337","85854106","25337","52","4","1","7","0","0","1","0","1","0"
"25338","85854106","25338","51","1","3","2","3","0","1","1","1","0"
"25339","85854106","25339","11","2","1","7","3","0","1","1","1","0"
"25340","85854106","25340","11","1","1","7","6","0","2","1","1","0"
"25341","85854106","25341","11","1","1","7","6","1","0","1","2","0"
"25342","85854106","2973","16","1","1","2","6","0","1","1","1","0"
"25343","85854106","25343","16","1","3","2","4","0","1","1","1","0"
"25344","85854106","25344","11","1","1","7","5","0","1","1","1","0"
"25345","85854106","25345","71","2","1","7","6","0","1","1","1","0"
"25346","85854106","25346","11","1","1","1","6","0","1","1","1","0"
"25347","85854106","25347","11","3","1","7","6","0","1","0","1","0"
"25348","85854106","25348","51","1","3","1","6","0","3","0","1","0"
"25349","85854106","25349","81","1","1","7","6","0","2","0","1","0"
"25350","85854106","25350","51","1","3","1","6","1","0","1","2","0"
"25351","85854106","25351","17","1","1","7","2","0","1","1","1","0"
"25352","85854201","25352","14","1","1","7","7","0","1","1","1","0"
"25353","85854201","25353","14","1","1","7","4","0","2","0","1","0"
"25354","85854201","25354","71","1","1","7","6","0","1","1","1","0"
"25355","85854201","25355","14","1","1","7","4","1","0","1","2","0"
"25356","85854302","25356","14","1","5","1","7","0","1","1","1","0"
"25357","85854302","25357","52","1","1","7","0","0","1","0","1","0"
"25358","85854401","6554","81","3","3","1","6","2","0","0","2","0"
"25359","85854401","25359","41","1","1","7","4","0","1","1","1","0"
"25360","85854401","25360","17","3","1","7","2","0","1","1","1","0"
"25361","85854401","25361","81","3","1","7","7","0","1","1","1","0"
"25362","85854401","25362","19","3","1","4","3","0","1","1","1","0"
"25363","85854401","25363","19","1","1","7","4","0","1","1","1","0"
"25364","85854401","25364","17","1","1","7","2","0","1","1","1","0"
"25365","85854401","25365","19","1","1","2","3","0","1","1","1","0"
"25366","85854401","25366","19","3","1","1","3","0","1","1","1","0"
"25367","85854401","25367","19","1","3","2","6","0","1","1","1","0"
"25368","85854401","21915","19","3","3","1","6","0","2","0","1","0"
"25369","85854401","25369","19","1","1","7","6","1","0","1","2","0"
"25370","85854401","25370","19","1","3","1","3","0","1","1","1","0"
"25371","85854401","25371","19","1","1","7","3","0","1","1","1","0"
"25372","85854402","25372","51","1","7","7","4","0","1","1","1","0"
"25373","85854402","25373","19","1","1","5","4","0","1","1","1","0"
"25374","85854402","25374","52","1","3","1","6","0","1","1","1","0"
"25375","85854501","25375","72","1","2","2","6","0","1","1","1","0"
"25376","85854501","25376","14","1","3","1","6","0","1","1","1","0"
"25377","85854502","25377","16","1","1","7","6","0","1","1","1","0"
"25378","85854502","25378","11","1","3","2","3","0","1","1","1","0"
"25379","85854502","25379","17","1","3","2","2","0","1","1","1","0"
"25380","85854502","25380","16","1","1","7","6","0","4","2","1","0"
"25381","85854502","25381","11","1","1","7","4","0","1","1","1","0"
"25382","85854502","25382","17","1","1","7","2","0","1","1","1","0"
"25383","85855202","25383","14","1","1","7","6","0","1","1","1","0"
"25384","85855302","25384","14","1","1","7","6","0","1","1","1","0"
"25385","85855305","25385","14","1","3","1","6","0","1","1","1","0"
"25386","85855503","25386","14","3","3","2","3","0","1","1","1","0"
"25387","85855503","25387","51","1","1","7","4","0","1","1","1","0"
"25388","85855503","6028","52","3","1","1","0","0","1","0","1","0"
"25389","85855503","25389","17","1","1","7","2","0","1","1","1","0"
"25390","85855503","25390","17","1","3","4","2","0","1","1","1","0"
"25391","85855503","25391","13","1","3","2","3","0","1","1","1","0"
"25392","85855503","25392","52","3","2","4","6","0","1","1","1","0"
"25393","85855503","25393","52","1","3","1","6","0","1","1","1","0"
"25394","85855503","25394","13","3","1","7","4","0","1","1","1","0"
"25395","85855503","25395","21","1","3","1","6","0","1","1","1","0"
"25396","85855503","25396","14","1","1","7","3","0","1","1","1","0"
"25397","85855503","25397","13","1","1","7","6","0","1","1","1","0"
"25398","85855503","25398","51","1","1","7","3","0","1","1","1","0"
"25399","85855503","25399","14","1","2","1","6","0","1","1","1","0"
"25400","85855503","25400","14","3","6","1","3","0","1","1","1","0"
"25401","85855503","25401","17","2","3","1","2","0","1","1","1","0"
"25402","85855503","25402","14","1","1","7","6","0","1","1","1","0"
"25403","85855504","25403","52","1","3","1","0","0","1","0","1","0"
"25404","85856116","25404","18","1","1","7","6","0","1","1","1","0"
"25405","85856209","25405","16","5","1","7","4","0","1","1","1","0"
"25406","85856303","25406","13","1","1","7","4","0","1","1","1","0"
"25407","85856303","25407","13","1","1","7","6","0","2","0","1","0"
"25408","85856303","25408","52","1","1","7","0","0","1","0","1","0"
"25409","85856303","25409","13","1","1","7","3","0","1","1","1","0"
"25410","85856303","25410","85","3","1","7","6","0","1","1","1","0"
"25411","85856303","25411","16","1","1","7","4","1","0","0","2","0"
"25412","85856303","25412","16","1","1","7","4","0","1","2","1","0"
"25413","85856306","25413","16","3","6","2","6","0","1","1","1","0"
"25414","85856306","25414","16","3","1","7","4","1","0","1","2","0"
"25415","85856306","3638","21","1","1","7","6","0","1","1","1","0"
"25416","85856306","16912","16","1","3","1","7","1","1","1","2","0"
"25417","85856306","25417","52","1","3","1","6","1","1","1","2","0"
"25418","85856306","25418","16","1","1","1","6","0","3","0","1","0"
"25419","85856306","25419","16","3","3","1","6","0","1","2","1","0"
"25420","85856306","25420","16","3","1","7","6","0","2","0","1","0"
"25421","85856306","25421","14","1","3","1","6","1","0","0","2","0"
"25422","85856405","25422","52","3","1","2","0","1","0","0","2","0"
"25423","85857103","25423","72","1","1","7","6","0","1","1","1","0"
"25424","85857103","25424","13","1","1","7","4","0","1","1","1","0"
"25425","85857104","25425","72","1","1","7","4","0","1","1","1","0"
"25426","85857106","25426","14","3","4","3","4","0","1","1","1","0"
"25427","85857106","25427","81","3","1","7","5","1","4","0","2","0"
"25428","85857106","25428","51","1","1","7","6","0","1","1","1","0"
"25429","85857106","25429","16","1","1","7","6","0","1","0","1","0"
"25430","85857106","25430","16","1","1","7","5","0","2","1","1","0"
"25431","85857106","25431","16","1","1","7","6","0","1","2","1","0"
"25432","85857106","25432","16","5","1","1","6","0","3","2","1","0"
"25433","85857106","25433","17","2","1","7","2","1","0","0","2","0"
"25434","85857109","25434","17","1","3","1","2","0","1","1","1","0"
"25435","85857202","25435","14","1","1","2","6","0","1","1","1","0"
"25436","85857303","25436","14","1","1","1","5","0","1","1","1","0"
"25437","85857303","25437","85","3","1","7","6","0","1","1","1","0"
"25438","85857311","25438","81","2","3","1","6","0","2","1","1","0"
"25439","85857402","25439","14","1","1","7","6","0","1","1","1","0"
"25440","85857503","25440","16","1","1","7","6","0","2","0","1","0"
"25441","85857503","25441","22","1","1","7","2","0","2","0","1","0"
"25442","85857503","25442","17","3","2","2","2","0","1","1","1","0"
"25443","85857503","25443","51","1","1","7","7","0","1","1","1","0"
"25444","85857503","25444","16","3","1","7","4","0","1","1","1","0"
"25445","85857503","25445","16","3","3","1","4","0","1","1","1","0"
"25446","85857503","25446","51","1","1","7","6","0","1","2","1","0"
"25447","85861101","25447","22","1","1","7","3","0","1","1","1","0"
"25448","85861101","25448","71","1","1","7","6","1","0","1","2","0"
"25449","85861102","25449","71","1","1","7","8","0","1","1","1","0"
"25450","85861102","25450","11","1","1","7","6","0","1","1","1","0"
"25451","85861102","25451","18","1","1","7","5","0","1","1","1","0"
"25452","85861102","25452","11","1","1","7","6","0","1","1","1","0"
"25453","85861102","25453","11","1","1","7","6","0","2","1","1","0"
"25454","85861102","25454","11","1","3","1","6","1","0","1","2","0"
"25455","85861104","25455","14","3","1","7","6","0","1","1","1","0"
"25456","85861104","25456","71","1","1","7","6","0","1","1","1","0"
"25457","85861104","25457","71","1","1","7","6","0","1","1","1","0"
"25458","85861107","25458","18","1","1","7","3","0","1","1","1","0"
"25459","85861107","25459","51","3","1","7","6","0","1","1","1","0"
"25460","85861107","25460","32","3","1","7","5","0","2","0","1","0"
"25461","85861107","25461","71","1","1","7","6","0","1","1","1","0"
"25462","85861107","25462","64","1","3","2","4","0","1","1","1","0"
"25463","85861107","25463","41","1","1","7","6","0","2","0","1","0"
"25464","85861107","25464","64","3","2","1","4","0","1","1","1","0"
"25465","85861107","25465","24","1","1","7","2","0","1","1","1","0"
"25466","85861107","25466","17","2","3","1","2","0","1","1","1","0"
"25467","85861107","25467","64","3","1","7","3","0","1","1","1","0"
"25468","85861204","25468","11","1","1","1","8","0","1","1","1","0"
"25469","85861204","25469","71","1","1","7","8","0","1","1","1","0"
"25470","85861204","25470","11","3","1","7","6","1","0","1","2","0"
"25471","85861205","25471","11","1","1","7","8","0","1","1","1","0"
"25472","85861205","25472","11","1","1","7","8","0","2","1","1","0"
"25473","85861205","25473","71","1","1","7","6","0","1","1","1","0"
"25474","85861205","25474","18","1","1","7","4","0","1","1","1","0"
"25475","85861205","25475","11","1","1","7","2","0","1","1","1","0"
"25476","85861205","25476","11","1","1","7","8","0","1","1","1","0"
"25477","85861205","25477","12","1","1","7","5","0","1","1","1","0"
"25478","85861205","25478","11","1","2","1","4","0","1","1","1","0"
"25479","85861211","25479","51","1","1","7","4","0","1","1","1","0"
"25480","85861211","25480","17","1","1","7","2","0","1","1","1","0"
"25481","85861211","2221","17","1","1","1","2","0","1","1","1","0"
"25482","85861211","25482","17","1","3","2","2","0","1","1","1","0"
"25483","85861211","25483","36","1","1","7","3","0","1","1","1","0"
"25484","85861211","25484","14","3","3","1","6","0","1","0","1","0"
"25485","85861211","25485","71","1","1","7","4","0","1","1","1","0"
"25486","85861211","25486","51","1","1","7","6","0","1","1","1","0"
"25487","85861211","25487","11","1","1","7","6","0","1","1","1","0"
"25488","85861211","25488","71","1","1","7","6","1","0","1","2","0"
"25489","85861217","25489","24","1","1","7","2","0","1","1","1","0"
"25490","85861301","25490","11","1","1","7","6","0","1","1","1","0"
"25491","85861301","25491","11","3","1","7","6","1","0","1","2","0"
"25492","85861301","25492","11","1","1","7","2","0","1","1","1","0"
"25493","85861302","25493","71","2","2","2","6","0","1","1","1","0"
"25494","85861302","25494","71","1","1","7","4","1","1","0","2","0"
"25495","85861302","25495","13","1","1","7","4","0","1","1","1","0"
"25496","85861302","23252","51","1","1","7","6","0","1","1","1","0"
"25497","85861302","25497","35","1","1","7","3","0","1","1","1","0"
"25498","85861302","25498","16","3","1","1","5","0","1","1","1","0"
"25499","85861302","25499","81","3","3","1","6","2","3","0","2","0"
"25500","85861302","25500","17","1","2","1","2","1","0","1","2","0"
"25501","85861304","25501","31","1","1","7","6","0","1","1","1","0"
"25502","85861304","25502","35","1","1","7","3","0","1","1","1","0"
"25503","85861304","25503","13","1","1","7","6","0","1","1","1","0"
"25504","85861304","25504","17","1","1","7","2","0","1","1","1","0"
"25505","85861304","25505","52","3","1","7","0","0","1","0","1","0"
"25506","85861401","25506","41","1","2","2","6","0","1","1","1","0"
"25507","85861401","25507","41","1","3","1","6","0","1","1","1","0"
"25508","85861401","25508","19","1","1","7","6","0","1","1","1","0"
"25509","85861401","9987","64","1","1","7","6","0","1","1","1","0"
"25510","85861401","25510","19","1","1","7","6","0","1","1","1","0"
"25511","85861502","25511","52","3","3","1","0","0","1","0","1","0"
"25512","85861502","25512","72","2","1","7","6","0","1","1","1","0"
"25513","85861502","25513","15","1","1","7","4","0","1","1","1","0"
"25514","85861502","25514","11","2","1","7","3","0","1","1","1","0"
"25515","85861502","25515","17","3","7","1","2","1","0","1","2","0"
"25516","85861502","25516","81","3","1","7","6","0","2","1","1","0"
"25517","85861502","25517","11","3","1","7","4","0","1","1","1","0"
"25518","85861503","25518","17","1","1","7","2","0","1","1","1","0"
"25519","85861503","25519","51","1","3","1","6","0","1","1","1","0"
"25520","85861505","25520","52","1","1","7","6","0","1","1","1","0"
"25521","85861505","25521","17","1","1","7","2","0","1","2","1","0"
"25522","85862101","25522","81","3","1","7","6","0","3","0","1","0"
"25523","85862101","25523","71","1","1","1","6","1","0","1","2","0"
"25524","85862101","25524","16","1","1","7","6","0","1","1","1","0"
"25525","85862101","25525","14","2","1","7","6","0","1","1","1","0"
"25526","85862101","25526","16","1","3","1","6","0","1","1","1","0"
"25527","85862101","25527","14","1","1","7","6","0","1","1","1","0"
"25528","85862101","25528","11","1","1","7","6","0","2","0","1","0"
"25529","85862101","25529","16","1","1","1","6","0","1","1","1","0"
"25530","85862101","25530","19","1","1","7","6","0","2","1","1","0"
"25531","85862101","25531","11","3","3","1","6","0","3","0","1","0"
"25532","85862101","25532","71","1","1","2","6","0","2","1","1","0"
"25533","85862101","13316","11","1","1","7","6","1","0","1","2","0"
"25534","85862101","25534","11","1","7","1","6","0","1","1","1","0"
"25535","85862101","25535","11","1","1","7","6","0","1","1","1","0"
"25536","85862101","25536","11","1","1","7","6","0","2","0","1","0"
"25537","85862101","25537","11","1","1","7","6","0","1","1","1","0"
"25538","85862101","25538","15","1","1","7","6","0","1","2","1","0"
"25539","85862101","25539","11","3","1","7","6","0","3","0","1","0"
"25540","85862101","25540","11","1","1","7","6","0","1","1","1","0"
"25541","85862101","25541","17","1","1","7","2","0","2","0","1","0"
"25542","85862101","25542","81","3","1","7","6","0","1","1","1","0"
"25543","85862101","18445","11","3","1","7","6","0","2","0","1","0"
"25544","85862101","25544","19","1","1","7","6","0","4","2","1","0"
"25545","85862101","25545","15","3","3","1","6","0","1","0","1","0"
"25546","85862103","25546","52","3","1","1","0","0","1","0","1","0"
"25547","85862201","25547","71","1","1","7","4","0","1","1","1","0"
"25548","85862201","25548","71","1","3","1","6","0","1","1","1","0"
"25549","85862201","25549","17","1","1","7","2","0","1","1","1","0"
"25550","85862203","25550","51","1","1","7","3","0","1","0","1","0"
"25551","85862203","25551","21","3","3","5","5","0","1","1","1","0"
"25552","85862204","25552","21","1","1","1","6","0","1","1","1","0"
"25553","85862204","25553","16","1","1","7","4","0","1","1","1","0"
"25554","85862301","25554","11","1","1","7","6","1","0","1","2","0"
"25555","85862301","25555","11","1","3","1","3","0","2","0","1","0"
"25556","85862301","25556","11","3","3","1","6","0","1","0","1","0"
"25557","85862306","25557","13","1","1","7","6","0","1","1","1","0"
"25558","85862306","25558","13","1","1","7","6","0","1","0","1","0"
"25559","85862306","25559","13","1","1","7","6","0","1","1","1","0"
"25560","85862306","25560","51","2","3","2","6","0","1","2","1","0"
"25561","85862306","25561","13","1","1","7","5","0","1","1","1","0"
"25562","85862306","25562","16","1","1","7","4","0","1","1","1","0"
"25563","85862320","25563","71","1","1","7","6","0","1","1","1","0"
"25564","85862403","25564","14","1","3","1","6","0","1","1","1","0"
"25565","85862406","25565","32","1","1","7","6","0","1","1","1","0"
"25566","85862406","25566","41","3","3","1","6","0","1","1","1","0"
"25567","85862406","25567","11","1","3","1","6","0","1","1","1","0"
"25568","85862407","25568","11","1","1","7","6","0","1","1","1","0"
"25569","85862407","25569","81","1","1","7","0","0","1","0","1","0"