"accident_id","lieu_id","date_id","cause_id","lum_id","intemp_id","etat_surface_id","impliq_id","nb_blesses_graves","nb_blesses_legers","nb_indemnes","gravite","nb_morts"
"25570","85862407","25570","11","1","1","1","6","0","2","0","1","0"
"25571","85862503","25571","71","1","1","7","5","0","2","0","1","0"
"25572","85863101","25572","20","1","1","7","6","0","1","1","1","0"
"25573","85863105","25573","11","1","1","1","6","0","1","1","1","0"
"25574","85863202","25574","11","1","1","7","6","0","3","1","1","0"
"25575","85863202","25575","11","1","1","7","6","0","1","1","1","0"
"25576","85863202","25576","11","1","1","7","6","0","1","1","1","0"
"25577","85863202","25577","11","1","1","7","6","0","1","1","1","0"
"25578","85863202","25578","51","1","1","7","6","0","1","1","1","0"
"25579","85863210","25579","72","1","1","7","6","0","1","1","1","0"
"25580","85863303","25580","51","3","3","1","6","1","0","1","2","0"
"25581","85863303","25581","51","3","1","7","6","0","1","0","1","0"
"25582","85863401","25582","11","3","2","1","6","0","1","2","1","0"
"25583","85863401","25583","11","1","3","2","6","1","0","1","2","0"
"25584","85863401","25584","11","1","1","7","6","0","3","0","1","0"
"25585","85863401","25585","51","1","1","7","3","0","1","1","1","0"
"25586","85863401","25586","11","1","1","1","6","0","1","1","1","0"
"25587","85863401","25587","11","1","3","1","6","0","1","1","1","0"
"25588","85863401","25588","11","1","1","7","6","0","1","2","1","0"
"25589","85863401","25589","81","3","1","7","6","0","2","0","1","0"
"25590","85863401","25590","23","1","1","7","4","0","1","1","1","0"
"25591","85863401","25591","11","3","1","7","6","0","1","1","1","0"
"25592","85863401","25592","17","3","3","1","2","0","1","1","1","0"
"25593","85863401","25593","11","3","1","1","4","0","2","1","1","0"
"25594","85863401","25594","31","2","1","7","4","0","1","1","1","0"
"25595","85863401","25595","17","1","3","1","2","0","1","1","1","0"
"25596","85863402","25596","81","3","1","7","6","0","1","1","1","0"
"25597","85863402","25597","13","3","1","1","5","1","0","1","2","0"
"25598","85863402","25598","71","2","1","7","5","0","2","0","1","0"
"25599","85863402","25599","17","1","1","7","1","0","1","0","1","0"
"25600","85863402","25600","41","3","4","3","6","0","2","1","1","0"
"25601","85863402","25601","41","3","1","4","6","0","1","0","1","0"
"25602","85863402","25602","13","1","1","2","4","0","1","1","1","0"
"25603","85863402","25603","16","1","1","7","5","0","1","1","1","0"
"25604","85863402","25604","41","1","3","1","6","0","3","0","1","0"
"25605","85863402","25605","16","3","1","7","4","0","1","1","1","0"
"25606","85863402","25606","16","1","1","7","6","0","1","1","1","0"
"25607","85863402","25607","16","1","1","7","4","0","1","1","1","0"
"25608","85863402","25608","13","1","3","1","6","0","1","1","1","0"
"25609","85863402","25609","17","1","1","7","1","0","1","1","1","0"
"25610","85863402","25610","41","1","1","7","6","0","1","1","1","0"
"25611","85863502","25611","14","1","1","7","6","0","1","1","1","0"
"25612","85863502","25612","14","2","3","2","3","0","1","1","1","0"
"25613","85863502","25613","14","1","1","7","6","0","3","1","1","0"
"25614","85863502","25614","14","1","1","7","6","0","1","1","1","0"
"25615","85863502","25615","14","1","1","1","6","0","1","1","1","0"
"25616","85863502","25616","19","1","1","7","6","0","1","1","1","0"
"25617","85863502","25617","19","1","1","7","6","1","2","0","2","0"
"25618","85863502","25618","19","1","1","7","5","0","1","1","1","0"
"25619","85863502","25619","19","1","1","7","3","0","1","1","1","0"
"25620","85863502","25620","19","3","1","7","6","0","1","0","1","0"
"25621","85863502","25621","19","3","1","7","4","0","1","1","1","0"
"25622","85864102","25622","11","1","1","7","6","1","0","1","2","0"
"25623","85864102","25623","19","1","2","1","6","0","1","1","1","0"
"25624","85864102","25624","81","3","1","7","6","0","3","0","1","0"
"25625","85864102","25625","11","3","2","1","6","0","1","1","1","0"
"25626","85864102","25626","11","1","1","7","6","0","4","1","1","0"
"25627","85864102","25627","11","1","1","7","6","0","1","1","1","0"
"25628","85864102","25628","11","1","3","1","6","0","5","0","1","0"
"25629","85864201","25629","81","1","1","7","6","0","1","1","1","0"
"25630","85864201","25630","52","3","1","7","0","0","2","0","1","0"
"25631","85864201","25631","24","1","1","7","3","0","1","1","1","0"
"25632","85864201","25632","19","1","1","7","6","0","1","1","1","0"
"25633","85864201","25633","19","1","2","1","6","1","0","1","2","0"
"25634","85864204","25634","19","3","1","7","4","0","1","1","1","0"
"25635","85864204","19399","19","1","1","7","4","0","1","1","1","0"
"25636","85864204","25636","72","1","1","7","6","0","1","1","1","0"
"25637","85864204","25637","19","1","2","2","6","0","1","2","1","0"
"25638","85864204","25638","71","3","1","2","5","0","1","1","1","0"
"25639","85864204","25639","19","1","1","7","6","0","5","0","1","0"
"25640","85864204","25640","19","3","2","1","6","0","1","1","1","0"
"25641","85864204","25641","81","1","3","1","6","0","2","0","1","0"
"25642","85864204","25642","19","3","1","7","6","0","2","0","1","0"
"25643","85864401","25643","14","1","1","7","6","0","2","1","1","0"
"25644","85864401","25644","14","1","1","7","6","0","1","1","1","0"
"25645","85864401","25645","14","1","1","1","6","0","1","1","1","0"
"25646","85864401","25646","14","3","1","7","6","0","3","0","1","0"
"25647","85864401","25647","81","3","1","7","6","0","1","1","1","0"
"25648","85864401","25648","14","1","3","1","6","0","3","0","1","0"
"25649","85864401","25649","14","1","1","7","4","0","1","1","1","0"
"25650","85864401","25650","13","1","1","7","6","1","0","1","2","0"
"25651","85864401","25651","71","1","1","7","6","1","0","1","2","0"
"25652","85864401","25652","14","1","1","7","4","0","1","1","1","0"
"25653","85864401","25653","16","3","1","1","3","0","2","1","1","0"
"25654","85864401","25654","14","1","1","7","6","0","1","1","1","0"
"25655","85864401","25655","14","3","1","7","6","0","1","1","1","0"
"25656","85864401","25656","14","1","1","7","6","0","1","0","1","0"
"25657","85864403","25657","41","1","1","7","6","0","1","1","1","0"
"25658","85864403","25658","14","3","4","2","6","1","0","1","2","0"
"25659","85864403","25659","14","1","1","7","6","0","1","1","1","0"
"25660","85864503","25660","13","2","3","2","4","0","1","1","1","0"
"25661","85864503","25661","19","1","1","7","6","0","1","1","1","0"
"25662","85864503","25662","13","1","1","7","4","0","2","1","1","0"
"25663","85864503","25663","17","1","1","7","2","0","1","1","1","0"
"25664","85864503","25664","19","1","3","1","3","0","1","1","1","0"
"25665","85864503","25665","19","1","1","7","4","0","1","1","1","0"
"25666","85864504","25666","13","3","3","1","6","0","2","0","1","0"
"25667","85864504","25667","81","2","1","7","4","1","0","1","2","0"
"25668","85864504","25668","13","1","1","7","4","1","0","2","2","0"
"25669","85864504","25669","63","1","1","7","4","0","1","1","1","0"
"25670","85864504","25670","13","1","1","7","4","0","1","1","1","0"
"25671","85864504","25671","13","2","1","1","6","0","1","3","1","0"
"25672","85864504","25672","16","1","1","7","6","0","1","2","1","0"
"25673","85864504","25673","23","3","3","1","6","0","1","1","1","0"
"25674","85864504","25674","18","3","1","7","5","0","1","1","1","0"
"25675","85865102","25675","16","1","1","7","4","0","1","1","1","0"
"25676","85865102","25676","11","1","3","2","6","1","0","1","2","0"
"25677","85865102","19544","11","1","1","7","6","0","0","1","3","0"
"25678","85865102","25678","11","1","1","7","6","0","2","1","1","0"
"25679","85865103","25679","72","1","6","1","6","1","0","1","2","0"
"25680","85865103","25680","51","1","1","7","6","0","1","1","1","0"
"25681","85865103","25681","72","1","1","7","6","0","1","1","1","0"
"25682","85865103","25682","71","1","1","7","6","1","0","1","2","0"
"25683","85865205","25683","71","1","1","7","4","0","2","0","1","0"
"25684","85865207","25684","17","1","1","7","2","0","1","1","1","0"
"25685","85865207","25685","16","1","1","7","4","1","0","1","2","0"
"25686","85865207","25686","16","1","1","7","4","1","0","1","2","0"
"25687","85865207","25687","72","1","1","7","6","0","1","1","1","0"
"25688","85865207","25688","17","1","3","1","2","0","1","1","1","0"
"25689","85865207","25689","17","1","1","7","1","1","0","1","2","0"
"25690","85865305","25690","18","1","1","7","6","0","1","1","1","0"
"25691","85865306","25691","13","3","1","7","6","0","2","0","1","0"
"25692","85865306","25692","13","1","1","7","6","0","1","1","1","0"
"25693","85865306","25693","16","1","1","7","6","0","1","2","1","0"
"25694","85865306","25694","13","2","3","1","4","0","1","1","1","0"
"25695","85865306","25695","13","1","1","2","6","0","2","1","1","0"
"25696","85865306","25696","52","1","1","7","0","0","2","1","1","0"
"25697","85865306","25697","13","1","1","7","6","0","1","1","1","0"
"25698","85865306","25698","16","1","1","7","6","1","0","1","2","0"
"25699","85865306","25699","13","1","1","7","4","0","1","1","1","0"
"25700","85865306","25700","81","1","1","7","6","0","1","1","1","0"
"25701","85865306","25701","17","1","1","7","2","0","1","1","1","0"
"25702","85865306","25702","13","1","1","7","6","0","1","1","1","0"
"25703","85865306","25703","13","1","1","7","6","0","3","0","1","0"
"25704","85865306","25704","13","1","1","7","4","0","1","1","1","0"
"25705","85865306","25705","13","1","1","7","6","0","2","0","1","0"
"25706","85865306","25706","13","1","1","7","4","0","1","1","1","0"
"25707","85865306","25707","13","1","1","7","6","0","1","1","1","0"
"25708","85865306","25708","13","2","1","7","6","0","2","0","1","0"
"25709","85865306","25709","13","3","1","1","3","0","1","1","1","0"
"25710","85865306","25710","13","3","3","1","3","0","1","1","1","0"
"25711","85865306","25711","13","1","1","7","6","1","0","1","2","0"
"25712","85865306","25712","13","1","1","7","6","0","1","1","1","0"
"25713","85865306","25713","13","3","1","7","6","1","0","1","2","0"
"25714","85865306","25714","13","1","3","1","6","0","1","1","1","0"
"25715","85865306","25715","16","1","1","7","6","0","2","0","1","0"
"25716","85865306","25716","11","1","2","1","6","0","1","1","1","0"
"25717","85865306","25717","51","2","1","7","4","0","1","1","1","0"
"25718","85865401","25718","14","1","1","7","5","0","1","1","1","0"
"25719","85865502","25719","21","1","1","7","6","0","1","1","1","0"
"25720","85865502","25720","14","1","1","7","6","0","1","1","1","0"
"25721","85865503","25721","14","3","1","7","6","0","1","1","1","0"
"25722","85865503","25722","81","3","1","7","0","0","3","0","1","0"
"25723","85865503","25723","51","1","1","7","4","1","0","1","2","0"
"25724","85865503","25724","14","1","1","1","6","0","1","1","1","0"
"25725","85865503","25725","14","3","1","7","6","0","4","0","1","0"
"25726","85865503","25726","14","5","1","7","6","0","1","1","1","0"
"25727","85865504","25727","14","3","1","7","6","0","1","1","1","0"
"25728","85865504","25728","16","1","3","1","6","0","2","1","1","0"
"25729","85865505","25729","52","2","1","7","0","1","0","0","2","0"
"25730","85865505","25730","71","1","1","7","6","0","1","1","1","0"
"25731","85865507","25731","72","1","1","7","6","0","1","1","1","0"
"25732","85866102","25732","13","3","1","1","6","0","1","1","1","0"
"25733","85866103","25733","71","3","3","1","6","0","1","1","1","0"
"25734","85866207","25734","82","1","1","7","6","0","1","0","1","0"
"25735","85866304","25735","14","1","1","7","6","0","2","1","1","0"
"25736","85866304","25736","19","1","1","7","4","0","1","1","1","0"
"25737","85866304","25737","17","1","1","7","1","1","0","1","2","0"
"25738","85866304","25738","13","3","3","2","4","0","1","1","1","0"
"25739","85866304","25739","19","2","1","7","6","0","1","1","1","0"
"25740","85866304","25740","19","3","3","1","6","0","1","1","1","0"
"25741","85866304","13833","19","3","1","7","6","0","2","0","1","0"
"25742","85866304","25742","19","1","1","7","6","0","1","2","1","0"
"25743","85866304","25743","19","1","1","7","6","0","1","3","1","0"
"25744","85866304","25744","19","1","1","7","7","0","2","0","1","0"
"25745","85866307","25745","51","1","1","7","6","0","1","1","1","0"
"25746","85866307","25746","21","3","1","7","6","0","1","1","1","0"
"25747","85866309","25747","51","2","1","2","3","0","1","1","1","0"
"25748","85866402","25748","14","2","1","7","6","0","1","1","1","0"
"25749","85866402","25749","21","1","1","1","6","0","2","1","1","0"
"25750","85866402","25750","14","1","6","7","6","0","1","2","1","0"
"25751","85866502","25751","21","1","1","1","6","0","1","1","1","0"
"25752","85866502","25752","22","1","1","7","6","0","1","1","1","0"
"25753","85866505","25753","41","1","1","7","6","0","1","1","1","0"
"25754","85866515","25754","21","1","1","7","3","0","1","1","1","0"
"25755","85867102","25755","14","1","1","7","5","0","3","0","1","0"
"25756","85867201","23619","14","1","2","1","6","0","1","1","1","0"
"25757","85867202","25757","52","1","1","1","7","1","0","1","2","0"
"25758","85867203","25758","28","1","1","7","9","0","1","1","1","0"
"25759","85867204","25759","14","2","1","7","6","0","1","1","1","0"
"25760","85867306","25760","17","1","1","7","1","0","1","1","1","0"
"25761","85867407","25761","19","1","1","7","6","0","1","1","1","0"
"25762","85867502","13257","14","1","1","7","6","0","3","0","1","0"
"25763","85867502","25763","14","1","1","7","6","0","5","0","1","0"
"25764","85867502","25764","17","1","1","1","1","0","2","1","1","0"
"25765","85867502","25765","21","1","1","7","6","0","1","1","1","0"
"25766","85867502","25766","71","1","1","7","6","0","1","1","1","0"
"25767","85867502","25767","71","2","1","1","6","0","1","1","1","0"
"25768","85867502","25768","16","3","1","7","3","0","1","1","1","0"
"25769","85867502","25769","21","1","1","7","3","0","1","1","1","0"
"25770","85867502","25770","17","1","1","7","1","0","1","1","1","0"
"25771","85867502","25771","71","1","1","7","6","0","1","1","1","0"
"25772","85871109","25772","71","3","2","2","6","0","1","1","1","0"
"25773","85871109","25773","81","1","1","7","2","0","1","1","1","0"
"25774","85871109","25774","64","1","1","7","6","0","2","0","1","0"
"25775","85871109","25775","14","1","1","7","3","0","1","1","1","0"
"25776","85871111","25776","85","3","1","7","6","0","1","1","1","0"
"25777","85871111","25777","81","3","1","7","3","0","1","1","1","0"
"25778","85871111","25778","13","1","3","1","6","0","1","1","1","0"
"25779","85871111","25779","13","1","2","1","6","0","1","1","1","0"
"25780","85871111","25780","17","3","1","7","2","0","1","1","1","0"
"25781","85871202","25781","31","1","1","7","6","0","1","1","1","0"
"25782","85871202","25782","52","1","1","7","2","1","0","1","2","0"
"25783","85871202","25783","71","1","1","7","4","0","2","0","1","0"
"25784","85871202","25784","13","1","1","7","3","0","1","2","1","0"
"25785","85871202","25785","51","1","1","7","6","0","1","1","1","0"
"25786","85871202","25786","22","1","1","7","6","0","2","2","1","0"
"25787","85871202","25787","11","1","1","1","4","0","1","1","1","0"
"25788","85871202","25788","13","1","1","7","4","0","1","1","1","0"
"25789","85871202","25789","21","1","1","7","8","0","1","1","1","0"
"25790","85871206","14347","13","1","1","7","5","0","1","1","1","0"
"25791","85871206","25791","13","2","3","2","4","0","1","1","1","0"
"25792","85871206","25792","13","1","1","7","4","0","2","0","1","0"
"25793","85871206","25793","71","3","4","1","6","0","1","1","1","0"
"25794","85871206","25794","17","1","1","7","1","0","1","1","1","0"
"25795","85871206","25795","13","1","1","7","4","0","1","1","1","0"
"25796","85871206","25796","17","3","2","1","2","0","1","1","1","0"
"25797","85871206","25797","16","3","1","7","4","0","1","1","1","0"
"25798","85871206","25798","73","2","1","7","6","0","1","1","1","0"
"25799","85871206","25799","23","3","1","1","4","0","1","1","1","0"
"25800","85871207","25800","13","3","3","2","4","0","2","1","1","0"
"25801","85871207","25801","81","3","1","7","0","0","1","0","1","0"
"25802","85871207","25802","63","3","1","7","4","0","1","1","1","0"
"25803","85871208","25803","52","1","1","7","0","0","1","0","1","0"
"25804","85871208","25804","13","1","1","7","4","0","1","1","1","0"
"25805","85871208","25805","13","3","1","1","6","0","1","1","1","0"
"25806","85871308","25806","14","3","1","7","6","0","1","2","1","0"
"25807","85871308","25807","71","1","3","1","6","0","1","1","1","0"
"25808","85871308","25808","19","3","3","1","6","0","4","0","1","0"
"25809","85871308","25809","19","1","1","7","6","0","1","0","1","0"
"25810","85871311","25810","23","1","1","7","6","1","1","2","2","0"
"25811","85872105","25811","24","2","1","1","3","0","1","1","1","0"
"25812","85872107","25812","31","1","1","7","6","1","0","2","2","0"
"25813","85872113","25813","21","3","1","7","6","0","4","0","1","0"
"25814","85872113","25814","21","1","1","7","6","1","1","1","2","0"
"25815","85872301","2444","21","1","3","1","6","0","2","0","1","0"
"25816","85872301","25816","21","1","1","1","6","0","1","1","1","0"
"25817","85872302","25817","13","2","3","2","6","0","2","0","1","0"
"25818","85872302","25818","13","1","1","7","4","0","1","1","1","0"
"25819","85872302","25819","13","2","3","1","4","0","1","1","1","0"
"25820","85872302","25820","13","1","1","7","5","1","0","1","2","0"
"25821","85872302","25821","16","2","1","7","4","0","1","1","1","0"
"25822","85872302","25822","13","1","3","1","6","0","2","0","1","0"
"25823","85872302","25823","13","3","1","7","6","0","1","1","1","0"
"25824","85872302","25824","13","3","3","1","6","0","1","1","1","0"
"25825","85872302","25825","16","1","1","7","4","0","1","1","1","0"
"25826","85872304","25826","21","2","1","5","3","1","0","1","2","0"
"25827","85872304","25827","13","1","1","7","6","0","1","2","1","0"
"25828","85872304","25828","52","2","1","7","6","0","1","2","1","0"
"25829","85872304","25829","13","3","1","1","4","0","1","1","1","0"
"25830","85872306","25830","72","1","1","7","6","0","1","1","1","0"
"25831","85872306","25831","71","1","1","7","5","1","0","1","2","0"
"25832","85872306","25832","51","3","1","7","6","0","1","1","1","0"
"25833","85872306","25833","16","3","1","1","3","0","2","1","1","0"
"25834","85872306","25834","13","2","3","1","6","0","1","1","1","0"
"25835","85872401","25835","75","1","3","2","6","0","1","1","1","0"
"25836","85872401","25836","13","1","1","7","5","1","2","0","2","0"
"25837","85872401","25837","52","1","1","7","0","0","1","0","1","0"
"25838","85872401","25838","71","1","3","1","6","0","1","1","1","0"
"25839","85872401","25839","16","3","3","1","4","0","1","1","1","0"
"25840","85872402","25840","14","1","1","7","6","0","1","1","1","0"
"25841","85872402","25841","14","1","1","7","4","1","0","1","2","0"
"25842","85872404","25842","13","1","3","1","6","0","3","0","1","0"
"25843","85872502","25843","31","3","1","7","6","0","2","1","1","0"
"25844","85872502","3539","16","1","1","7","4","0","1","1","1","0"
"25845","85872502","4083","16","1","3","2","6","0","1","0","1","0"
"25846","85873104","25846","14","1","1","7","6","0","1","1","1","0"
"25847","85873104","25847","19","1","1","7","6","0","1","1","1","0"
"25848","85873104","25848","19","3","1","7","6","1","0","1","2","0"
"25849","85873104","25849","35","1","1","7","3","1","0","1","2","0"
"25850","85873104","25850","19","3","1","7","4","0","1","1","1","0"
"25851","85873104","25851","16","1","1","7","6","0","1","1","1","0"
"25852","85873104","25852","19","1","1","1","4","0","1","1","1","0"
"25853","85873104","25853","71","3","1","7","6","0","1","1","1","0"
"25854","85873104","25854","19","1","1","1","6","0","2","0","1","0"
"25855","85873105","25855","71","1","1","7","6","1","0","1","2","0"
"25856","85873105","12615","19","1","1","7","3","0","1","1","1","0"
"25857","85873106","25857","14","1","3","2","6","0","2","1","1","0"
"25858","85873106","25858","16","1","1","7","4","0","1","1","1","0"
"25859","85873106","25859","19","1","1","1","6","0","1","1","1","0"
"25860","85873203","25860","72","1","1","7","6","1","0","1","2","0"
"25861","85873203","25861","51","2","3","1","3","0","1","1","1","0"
"25862","85873203","25862","16","3","1","7","4","0","1","1","1","0"
"25863","85873203","25863","16","1","1","7","3","0","1","1","1","0"
"25864","85873203","25864","16","3","1","1","3","0","1","1","1","0"
"25865","85873205","25865","71","1","1","7","6","0","1","1","1","0"
"25866","85873205","25866","17","1","1","7","2","1","0","1","2","0"
"25867","85873304","25867","72","1","3","1","6","0","1","1","1","0"
"25868","85873305","25868","71","1","1","7","6","0","1","1","1","0"
"25869","85873408","25869","14","1","1","7","6","0","1","1","1","0"
"25870","85873501","25870","14","1","1","7","4","0","1","1","1","0"
"25871","85873501","25871","14","1","1","7","6","0","1","1","1","0"
"25872","85873501","25872","14","1","1","7","6","1","1","0","2","0"
"25873","85873501","25873","14","1","1","7","6","0","1","1","1","0"
"25874","85873501","25874","14","1","1","7","6","0","1","1","1","0"
"25875","85873501","25875","14","1","1","7","6","0","1","1","1","0"
"25876","85873509","25876","17","1","1","7","1","0","1","1","1","0"
"25877","85874104","25877","16","3","1","7","6","0","3","0","1","0"
"25878","85874104","25878","13","1","1","7","5","1","0","1","2","0"
"25879","85874104","25879","13","1","3","2","6","0","2","1","1","0"
"25880","85874104","25880","16","3","1","1","4","0","1","1","1","0"
"25881","85874104","25881","16","2","1","7","3","0","1","1","1","0"
"25882","85874104","7570","13","1","1","7","4","0","1","1","1","0"
"25883","85874104","25883","16","1","2","2","6","0","1","1","1","0"
"25884","85874104","25884","13","1","1","7","6","0","2","0","1","0"
"25885","85874104","25885","13","1","1","7","6","1","1","0","2","0"
"25886","85874104","25886","17","3","1","1","2","0","1","1","1","0"
"25887","85874104","25887","18","1","1","1","6","0","1","1","1","0"
"25888","85874104","25888","51","1","1","7","6","0","1","2","1","0"
"25889","85874104","25889","17","1","1","7","2","0","1","1","1","0"
"25890","85874104","25890","81","3","6","1","6","0","1","1","1","0"
"25891","85874104","25891","16","1","1","1","4","0","1","1","1","0"
"25892","85874104","25892","16","2","1","7","5","0","2","1","1","0"
"25893","85874105","25893","71","2","1","7","6","1","0","1","2","0"
"25894","85874202","25894","16","1","1","7","4","0","1","1","1","0"
"25895","85874202","25895","72","1","1","2","6","0","1","1","1","0"
"25896","85874206","25896","51","3","3","1","5","0","1","1","1","0"
"25897","85874210","25897","13","1","1","7","6","0","2","2","1","0"
"25898","85874210","25898","17","1","1","7","2","0","1","1","1","0"
"25899","85874210","25899","13","1","1","7","6","0","3","0","1","0"
"25900","85874304","25900","16","1","1","7","6","0","1","1","1","0"
"25901","85874304","25901","51","3","1","1","6","0","1","3","1","0"
"25902","85874304","25902","11","1","1","7","6","0","1","1","1","0"
"25903","85874304","25903","11","1","1","7","6","0","2","1","1","0"
"25904","85874304","25904","16","1","3","1","6","0","1","1","1","0"
"25905","85874401","25905","64","1","1","7","6","0","1","1","1","0"
"25906","85874401","25906","71","3","1","1","6","1","0","1","2","0"
"25907","85874402","25907","19","1","1","7","4","1","0","1","2","0"
"25908","85874501","25908","35","1","1","7","4","0","1","1","1","0"
"25909","85874501","25909","17","1","1","7","2","0","2","1","1","0"
"25910","85874501","25910","11","3","2","1","6","1","0","1","2","0"
"25911","85874507","16216","13","1","1","7","6","1","0","2","2","0"
"25912","85874508","25912","11","3","1","7","6","0","1","1","1","0"
"25913","85874508","25913","16","1","1","7","5","1","1","1","2","0"
"25914","85874508","25914","19","2","3","2","6","0","2","0","1","0"
"25915","85874508","25915","11","1","1","7","6","0","2","1","1","0"
"25916","85874508","25916","42","2","1","7","5","1","0","1","2","0"
"25917","85874508","25917","16","1","3","5","6","0","1","1","1","0"
"25918","85874508","25918","18","3","1","1","6","0","3","0","1","0"
"25919","85874508","25919","16","1","1","7","6","0","1","1","1","0"
"25920","85874508","25920","11","1","1","7","6","0","1","1","1","0"
"25921","85874508","25921","15","3","3","2","6","0","1","3","1","0"
"25922","85874508","25922","16","1","1","7","6","0","1","1","1","0"
"25923","85874508","25923","16","1","1","7","6","0","1","1","1","0"
"25924","85874508","25924","51","1","1","7","6","0","1","1","1","0"
"25925","85874508","25925","51","1","1","7","6","0","1","1","1","0"
"25926","85874508","25926","11","1","3","2","6","0","3","0","1","0"
"25927","85874508","25927","16","1","1","7","6","0","4","0","1","0"
"25928","85874508","25928","16","1","1","7","6","0","1","1","1","0"
"25929","85874508","25929","16","1","1","7","6","0","2","0","1","0"
"25930","85874508","25930","86","1","1","7","3","1","0","1","2","0"
"25931","85874508","25931","11","1","1","7","6","0","1","1","1","0"
"25932","85874508","25932","11","3","1","1","6","0","3","0","1","0"
"25933","85874508","25933","11","1","1","7","6","0","3","0","1","0"
"25934","85874508","25934","16","1","1","7","6","1","0","1","2","0"
"25935","85874508","25935","11","1","1","1","7","1","0","1","2","0"
"25936","85874508","25936","42","1","1","7","4","0","1","1","1","0"
"25937","85874508","25937","51","1","1","7","6","0","1","0","1","0"
"25938","85874508","25938","81","3","1","7","6","0","2","0","3","0"
"25939","85874508","25939","71","1","1","7","6","0","1","1","1","0"
"25940","85874508","25940","11","2","1","7","6","0","1","1","1","0"
"25941","85874510","25941","41","1","1","7","6","0","1","1","1","0"
"25942","85875102","25942","31","1","1","7","6","0","1","1","1","0"
"25943","85875102","25943","71","1","1","7","6","0","1","1","1","0"
"25944","85875102","25944","81","3","2","1","6","0","3","0","1","0"
"25945","85875104","25945","51","1","1","7","6","0","1","1","1","0"
"25946","85875110","25946","14","1","1","7","6","0","1","1","1","0"
"25947","85875501","25947","81","1","1","7","6","0","4","0","1","0"
"25948","85875501","25948","51","3","1","7","6","2","0","0","2","0"
"25949","85875501","25949","16","1","3","2","3","1","0","1","2","0"
"25950","85875501","25950","51","1","1","7","6","0","1","1","1","0"
"25951","85875501","25951","11","1","1","7","6","0","1","1","1","0"
"25952","85875501","25952","16","3","3","1","6","0","3","4","1","0"
"25953","85875501","25953","11","1","1","7","4","0","1","1","1","0"
"25954","85875501","25954","51","3","6","1","3","0","1","1","1","0"
"25955","85875501","25955","16","3","3","1","6","0","1","0","1","0"
"25956","85875502","25956","17","1","3","1","2","0","1","1","1","0"
"25957","85875502","25957","14","1","1","7","6","0","1","1","1","0"
"25958","85875502","25958","41","1","1","7","4","0","1","0","1","0"
"25959","85875502","25959","14","1","1","7","6","0","1","1","1","0"
"25960","85875502","25960","14","1","1","7","4","0","1","1","1","0"
"25961","85875502","25961","14","1","1","7","5","0","2","1","1","0"
"25962","85875502","25962","14","1","7","7","6","0","1","1","1","0"
"25963","85875502","25963","14","3","1","7","6","0","1","1","1","0"
"25964","85875502","25964","14","1","1","7","6","0","1","1","1","0"
"25965","85875502","25965","19","1","1","1","6","0","1","3","1","0"
"25966","85876101","20459","71","2","1","7","6","1","0","1","2","0"
"25967","85876107","25967","25","3","1","7","6","0","2","1","1","0"
"25968","85876201","25968","21","1","3","2","4","0","1","1","1","0"
"25969","85876201","25969","72","1","1","7","6","0","1","1","1","0"
"25970","85876201","25970","14","1","1","1","3","0","1","1","1","0"
"25971","85876301","25971","51","1","1","7","3","0","1","1","1","0"
"25972","85876301","25972","14","1","1","1","6","0","1","1","1","0"
"25973","85876301","25973","14","4","1","2","6","0","1","1","1","0"
"25974","85876301","25974","14","1","1","7","6","0","2","1","1","0"
"25975","85876301","25975","14","1","1","7","6","0","1","1","1","0"
"25976","85876301","25976","14","1","3","1","6","1","3","0","2","0"
"25977","85876301","25977","14","1","2","1","6","1","0","1","2","0"
"25978","85876301","25978","14","1","1","7","6","0","2","0","1","0"
"25979","85876301","25979","13","3","1","7","6","0","5","0","1","0"
"25980","85876402","3548","71","1","1","7","6","1","0","1","2","0"
"25981","85876501","25981","72","1","2","2","6","0","1","1","1","0"
"25982","85876501","25982","11","1","1","7","8","0","2","1","1","0"
"25983","85876501","23780","11","1","1","7","6","0","2","0","1","0"
"25984","85876501","25984","81","3","1","1","6","1","0","1","2","0"
"25985","85876501","25985","11","3","1","7","6","0","5","0","1","0"
"25986","85876501","25986","81","3","3","1","6","0","1","1","1","0"
"25987","85876501","25987","81","3","1","1","5","2","0","1","2","0"
"25988","85876501","25988","11","1","3","1","6","0","2","2","1","0"
"25989","85876501","25989","12","3","1","1","7","0","24","0","1","0"
"25990","85876502","25990","11","1","1","7","6","1","0","2","2","0"
"25991","85876502","25991","16","1","1","7","6","0","1","1","1","0"
"25992","85876502","25992","14","1","1","7","6","0","1","2","1","0"
"25993","85876502","25993","11","1","3","2","6","1","3","0","2","0"