"accident_id","lieu_id","date_id","cause_id","lum_id","intemp_id","etat_surface_id","impliq_id","nb_blesses_graves","nb_blesses_legers","nb_indemnes","gravite","nb_morts"
"26418","86805102","26418","14","1","1","7","4","0","1","1","1","0"
"26419","86805102","26419","14","1","1","7","6","0","1","0","1","0"
"26420","86805102","26420","14","3","1","1","6","0","1","0","1","0"
"26421","86805102","26421","13","1","1","7","6","0","2","1","1","0"
"26422","86805102","26422","13","3","3","1","6","0","2","1","1","0"
"26423","86805102","26423","13","1","3","1","6","0","1","1","1","0"
"26424","86805106","26424","41","1","1","7","6","0","1","1","1","0"
"26425","86805108","26425","21","3","3","2","3","0","1","1","1","0"
"26426","86805108","26426","21","1","1","7","6","2","0","0","2","0"
"26427","86805111","26427","14","1","1","7","6","1","0","1","2","0"
"26428","86805111","26428","21","1","1","7","6","1","0","1","2","0"
"26429","86805201","26429","52","1","1","7","6","0","1","1","1","0"
"26430","86805213","26430","19","1","1","7","6","0","2","0","1","0"
"26431","86805302","26431","19","3","1","7","6","0","3","0","1","0"
"26432","86805302","26432","19","3","1","7","6","0","2","0","1","0"
"26433","86805307","26433","19","1","1","7","8","0","2","1","1","0"
"26434","86805307","26434","14","1","1","7","3","1","0","1","2","0"
"26435","86805307","26435","19","1","1","7","6","0","1","2","1","0"
"26436","86805309","26436","14","1","1","7","4","0","1","1","1","0"
"26437","86805309","26437","14","1","1","7","4","0","1","1","1","0"
"26438","86805309","26438","31","1","1","7","6","0","2","1","1","0"
"26439","86805309","26439","85","3","1","7","6","2","0","2","2","0"
"26440","86805309","26440","16","1","1","7","4","0","2","1","1","0"
"26441","86805401","26441","14","1","1","7","6","0","2","0","1","0"
"26442","86805402","26442","19","3","3","1","6","0","2","1","1","0"
"26443","86805403","26443","14","1","1","7","6","0","1","1","1","0"
"26444","86805403","26444","14","1","1","7","6","0","1","2","1","0"
"26445","86805403","26445","14","1","1","7","6","0","2","1","1","0"
"26446","86805404","26446","11","1","1","7","4","0","1","1","1","0"
"26447","86805404","26447","16","1","1","7","5","0","1","1","1","0"
"26448","86805404","26448","51","1","1","7","6","0","1","1","1","0"
"26449","86805404","26449","51","1","1","7","4","0","1","0","1","0"
"26450","86805404","26450","81","1","1","7","6","0","1","1","1","0"
"26451","86805404","26451","17","1","1","1","2","0","2","2","1","0"
"26452","86805404","26452","11","1","1","7","6","1","0","1","2","0"
"26453","86805404","26453","51","1","3","1","6","0","1","2","1","0"
"26454","86805404","26454","17","1","2","1","2","0","1","1","1","0"
"26455","86805404","26455","18","1","1","1","6","0","1","2","1","0"
"26456","86805404","26456","11","3","1","7","6","0","2","0","1","0"
"26457","86805404","26457","16","1","1","7","6","0","1","3","1","0"
"26458","86805404","26458","16","1","1","7","6","0","2","1","1","0"
"26459","86805404","26459","16","1","1","7","6","0","1","1","1","0"
"26460","86805404","26460","16","1","1","7","6","0","4","2","1","0"
"26461","86805404","26461","51","1","1","1","6","0","1","2","1","0"
"26462","86805404","26462","16","1","1","7","6","0","1","1","1","0"
"26463","86805404","26463","16","1","1","7","6","0","2","1","1","0"
"26464","86806104","26464","72","1","1","7","5","0","1","1","1","0"
"26465","86806201","26465","18","1","1","7","4","0","1","1","1","0"
"26466","86806206","26466","11","1","1","7","4","0","1","1","1","0"
"26467","86806206","26467","19","3","1","7","6","0","1","1","1","0"
"26468","86806206","8499","16","1","1","7","4","1","0","1","2","0"
"26469","86806206","26469","51","1","1","7","4","0","1","1","1","0"
"26470","86806206","26470","17","3","1","1","2","0","1","1","1","0"
"26471","86806206","26471","16","1","1","7","6","0","1","1","1","0"
"26472","86806206","26472","17","2","1","7","6","0","1","1","1","0"
"26473","86806305","26473","72","1","1","7","6","0","1","1","1","0"
"26474","86806402","26474","51","1","1","7","4","0","1","1","1","0"
"26475","86806402","26475","16","1","1","7","4","0","1","1","1","0"
"26476","86806402","26476","16","1","1","7","6","0","1","1","1","0"
"26477","86806402","26477","16","1","1","7","6","0","2","1","1","0"
"26478","86806501","26478","52","3","1","7","0","0","1","5","1","0"
"26479","86806501","26479","17","1","1","7","2","0","1","1","1","0"
"26480","86806504","26480","51","1","1","7","2","0","1","1","1","0"
"26481","86806504","26481","11","3","1","7","2","0","1","2","1","0"
"26482","86806504","26482","16","1","1","7","6","0","1","1","1","0"
"26483","86806504","26483","19","3","1","1","6","0","2","0","1","0"
"26484","86806504","26484","17","1","1","7","2","0","1","1","1","0"
"26485","86806504","26485","19","3","1","7","6","0","2","1","1","0"
"26486","86806504","26486","19","3","1","7","6","0","1","3","1","0"
"26487","86806504","26487","18","1","1","7","5","0","1","1","1","0"
"26488","86806504","26488","11","3","3","1","6","0","1","1","1","0"
"26489","86806504","26489","81","3","1","7","6","0","3","1","1","0"
"26490","86806504","26490","17","1","3","1","2","0","1","1","1","0"
"26491","86806504","26491","41","3","1","7","6","0","2","1","1","0"
"26492","86806504","26492","11","1","1","7","6","0","1","1","1","0"
"26493","86806504","26493","17","1","1","7","2","0","2","1","1","0"
"26494","86807104","26494","18","1","1","7","5","0","1","1","1","0"
"26495","86807104","26495","14","1","1","7","6","0","1","1","1","0"
"26496","86807104","26496","18","1","1","7","6","0","1","1","1","0"
"26497","86807104","26497","14","3","1","7","6","0","2","0","1","0"
"26498","86807104","26498","63","3","1","7","6","0","1","1","1","0"
"26499","86807104","26499","14","1","1","7","6","0","2","1","1","0"
"26500","86807112","26500","17","1","1","7","2","1","0","1","2","0"
"26501","86807112","26501","14","3","2","2","6","0","1","1","1","0"
"26502","86807112","26502","71","3","3","1","6","0","1","1","1","0"
"26503","86807113","26503","51","1","1","7","6","0","1","1","1","0"
"26504","86807113","26504","51","1","1","7","6","0","1","2","1","0"
"26505","86807113","26505","14","1","1","7","6","0","2","0","1","0"
"26506","86807501","26506","32","1","1","7","4","0","1","1","1","0"
"26507","86811101","26507","14","1","1","7","5","0","1","1","1","0"
"26508","86811101","26508","14","3","1","2","6","0","1","2","1","0"
"26509","86811101","26509","14","1","1","7","6","0","1","0","1","0"
"26510","86811102","26510","14","1","1","7","6","0","2","2","1","0"
"26511","86811102","26511","14","1","1","7","6","0","2","0","1","0"
"26512","86811102","26512","14","1","1","7","6","0","2","2","1","0"
"26513","86811102","26513","14","1","1","7","6","0","1","1","1","0"
"26514","86811104","26514","31","1","1","7","6","0","1","1","1","0"
"26515","86811104","26515","19","1","1","7","4","0","1","1","1","0"
"26516","86811105","26516","19","1","1","7","6","0","2","2","1","0"
"26517","86811105","26517","19","1","1","7","3","0","1","1","1","0"
"26518","86811105","26518","19","1","1","7","6","0","2","0","1","0"
"26519","86811105","26519","19","2","1","7","6","0","1","0","1","0"
"26520","86811105","26520","19","3","1","7","6","0","2","0","1","0"
"26521","86811105","26521","19","1","3","1","6","0","2","0","1","0"
"26522","86811105","26522","19","1","1","7","6","0","2","0","1","0"
"26523","86811105","17182","19","3","3","1","6","0","3","0","1","0"
"26524","86811105","26524","19","1","1","7","6","0","1","1","1","0"
"26525","86811201","26525","19","3","1","7","4","1","0","1","2","0"
"26526","86811201","26526","19","2","1","1","4","0","1","1","1","0"
"26527","86811201","26527","35","1","1","7","3","0","1","1","1","0"
"26528","86811201","26528","19","3","2","1","3","0","1","1","1","0"
"26529","86811201","26529","19","1","1","7","4","0","1","1","1","0"
"26530","86811201","26530","19","2","3","1","5","0","1","1","1","0"
"26531","86811201","26531","51","1","1","7","5","0","1","1","1","0"
"26532","86811201","26532","19","1","1","7","3","0","1","1","1","0"
"26533","86811201","26533","19","3","3","1","5","0","1","2","1","0"
"26534","86811201","26534","19","1","1","7","4","0","1","1","1","0"
"26535","86811206","26535","19","1","1","7","3","0","1","1","1","0"
"26536","86811206","26536","17","3","1","7","2","0","1","1","1","0"
"26537","86811207","26537","19","1","1","7","4","0","1","1","1","0"
"26538","86811207","26538","19","1","1","7","4","0","1","2","1","0"
"26539","86811207","26539","19","1","3","1","3","0","1","1","1","0"
"26540","86811207","26540","19","1","1","7","3","0","1","1","1","0"
"26541","86811207","26541","51","1","3","1","7","0","1","1","1","0"
"26542","86811207","18472","19","1","1","7","3","0","1","1","1","0"
"26543","86811207","23218","19","1","1","1","6","0","1","1","1","0"
"26544","86811207","26544","19","3","1","7","8","0","3","0","1","0"
"26545","86811207","26545","19","2","1","7","4","0","1","1","1","0"
"26546","86811207","26546","19","3","1","7","3","0","1","1","1","0"
"26547","86811207","26547","51","1","1","7","6","0","3","1","1","0"
"26548","86811301","26548","72","1","1","7","6","0","1","1","1","0"
"26549","86811302","26549","19","1","7","1","3","0","1","1","1","0"
"26550","86811303","26550","71","3","3","1","6","0","1","1","1","0"
"26551","86811303","5139","17","1","1","7","2","0","1","1","1","0"
"26552","86811303","26552","99","1","1","7","2","0","1","1","1","0"
"26553","86811303","26553","21","1","1","1","6","0","1","6","1","0"
"26554","86811308","26554","19","1","1","7","6","0","2","2","1","0"
"26555","86811308","26555","19","1","1","7","6","0","1","1","1","0"
"26556","86811308","26556","19","3","7","7","6","0","1","2","1","0"
"26557","86811308","26557","19","1","1","7","6","1","0","2","2","0"
"26558","86811308","26558","19","1","1","7","6","0","1","1","1","0"
"26559","86811403","26559","19","3","1","1","6","0","1","1","1","0"
"26560","86811403","26560","72","1","1","7","6","0","1","1","1","0"
"26561","86811403","26561","81","1","1","7","6","0","1","1","1","0"
"26562","86811404","26562","19","1","1","7","6","0","1","2","1","0"
"26563","86811405","26563","19","3","1","1","6","0","1","1","1","0"
"26564","86812101","26564","21","1","1","7","6","0","1","1","1","0"
"26565","86812101","11911","71","1","1","7","6","0","1","1","1","0"
"26566","86812101","26566","17","1","3","1","2","0","1","1","1","0"
"26567","86812101","26567","16","3","3","1","6","0","1","2","1","0"
"26568","86812102","26568","19","1","1","7","4","0","1","2","1","0"
"26569","86812102","26569","25","3","1","7","6","0","1","7","1","0"
"26570","86812202","26570","19","1","1","7","4","0","1","1","1","0"
"26571","86812202","26571","16","1","1","7","3","0","1","1","1","0"
"26572","86812202","26572","36","1","1","7","4","0","1","1","1","0"
"26573","86812202","26573","19","2","3","1","6","0","1","2","1","0"
"26574","86812202","26574","32","1","1","7","6","0","1","1","1","0"
"26575","86812203","26575","19","1","2","1","6","0","2","4","1","0"
"26576","86812203","26576","51","1","1","7","6","0","1","1","1","0"
"26577","86812207","26577","17","3","3","2","2","0","1","1","1","0"
"26578","86812207","8347","71","1","1","7","6","0","1","1","1","0"
"26579","86812207","26579","19","3","1","7","4","0","1","1","1","0"
"26580","86812302","26580","74","1","1","7","6","0","1","1","1","0"
"26581","86812304","26581","71","2","1","1","6","0","1","1","1","0"
"26582","86812307","26582","17","1","1","7","1","0","1","1","1","0"
"26583","86812401","26583","11","1","1","7","6","0","1","1","1","0"
"26584","86812401","26584","14","1","1","7","6","0","1","1","1","0"
"26585","86812401","26585","17","1","1","7","2","0","1","1","1","0"
"26586","86812401","26586","16","1","1","7","4","0","1","1","1","0"
"26587","86812401","26587","11","1","1","7","6","0","1","1","1","0"
"26588","86812401","26588","11","1","1","7","3","0","1","1","1","0"
"26589","86812401","26589","11","1","1","7","6","0","1","1","1","0"
"26590","86812401","26590","11","1","1","7","4","0","1","1","1","0"
"26591","86812401","26591","16","1","1","7","4","0","1","1","1","0"
"26592","86812401","26592","16","1","1","7","4","0","1","1","1","0"
"26593","86812403","26593","17","1","1","7","1","0","1","1","1","0"
"26594","86812403","53","17","1","1","7","1","0","3","0","1","0"
"26595","86812403","26595","51","1","1","1","2","0","1","1","1","0"
"26596","86812403","26596","71","1","1","7","6","0","1","1","1","0"
"26597","86812501","26597","11","1","3","1","6","0","1","1","1","0"
"26598","86812501","26598","15","2","1","7","8","0","1","1","1","0"
"26599","86812501","26599","14","3","1","7","6","0","1","1","1","0"
"26600","86812501","26600","19","3","3","2","6","0","1","1","1","0"
"26601","86812501","26601","81","3","1","7","6","2","1","0","2","0"
"26602","86812501","26602","16","3","1","7","5","0","1","1","1","0"
"26603","86812501","26603","11","3","3","2","6","0","1","1","1","0"
"26604","86812501","26604","81","3","3","2","6","1","0","1","2","0"
"26605","86812501","26605","16","1","1","7","6","0","1","1","1","0"
"26606","86812501","26606","16","1","1","7","6","0","1","1","1","0"
"26607","86812501","26607","11","1","3","1","6","0","1","1","1","0"
"26608","86812501","26608","11","3","3","1","6","0","1","3","1","0"
"26609","86812501","26609","31","1","1","7","6","0","1","1","1","0"
"26610","86812501","26610","16","1","1","7","6","0","1","1","1","0"
"26611","86812502","26611","19","2","1","1","4","0","1","1","1","0"
"26612","86812503","26612","72","2","1","7","6","0","1","1","1","0"
"26613","86812504","26613","19","1","1","7","6","0","1","1","1","0"
"26614","86813101","26614","14","1","1","7","6","0","1","1","1","0"
"26615","86813101","26615","14","3","1","7","6","0","1","1","1","0"
"26616","86813101","26616","12","1","1","7","6","1","0","4","2","0"
"26617","86813101","26617","16","3","3","2","4","0","1","1","1","0"
"26618","86813101","26618","11","1","1","7","6","0","2","0","1","0"
"26619","86813101","26619","17","1","1","7","2","0","1","1","1","0"
"26620","86813101","26620","19","3","1","1","6","0","5","0","1","0"
"26621","86813101","26621","11","2","3","1","6","0","1","1","1","0"
"26622","86813101","26622","16","1","1","7","4","0","1","1","1","0"
"26623","86813101","26623","19","3","1","7","6","0","2","1","1","0"
"26624","86813101","26624","11","1","1","7","6","0","1","1","1","0"
"26625","86813101","26625","81","3","1","7","5","0","1","2","1","0"
"26626","86813101","26626","11","1","1","7","6","0","1","1","1","0"
"26627","86813101","26627","51","1","1","7","6","0","1","1","1","0"
"26628","86813103","26628","14","3","1","1","6","0","1","1","1","0"
"26629","86813104","26629","19","3","1","7","6","0","2","1","1","0"
"26630","86813104","26630","19","2","1","7","5","0","1","2","1","0"
"26631","86813104","26631","17","1","1","3","2","0","1","1","1","0"
"26632","86813104","26632","32","1","1","7","5","0","1","1","1","0"
"26633","86813104","26633","19","1","1","1","6","0","1","1","1","0"
"26634","86813104","26634","19","1","1","7","4","0","1","1","1","0"
"26635","86813104","26635","61","2","3","2","4","0","1","1","1","0"
"26636","86813104","26636","71","1","1","7","6","0","1","1","1","0"
"26637","86813104","26637","19","1","3","1","6","0","1","2","1","0"
"26638","86813107","26638","14","3","2","2","6","0","1","2","1","0"
"26639","86813107","26639","14","1","1","7","6","0","1","2","1","0"
"26640","86813107","26640","14","3","1","7","6","0","1","1","1","0"
"26641","86813107","26641","16","1","6","1","6","0","2","1","1","0"
"26642","86813107","26642","18","2","1","7","3","0","1","1","1","0"
"26643","86813107","26643","18","1","1","7","4","0","1","1","1","0"
"26644","86813302","26644","16","1","1","7","6","0","1","1","1","0"
"26645","86813302","26645","16","3","1","7","4","0","1","1","1","0"
"26646","86813306","26646","24","1","1","7","2","0","1","0","1","0"
"26647","86813402","26647","64","1","1","7","6","0","1","1","1","0"
"26648","86813404","26648","72","1","1","7","6","0","1","1","1","0"
"26649","86813405","26649","14","1","1","7","7","0","1","1","1","0"
"26650","86813405","13278","14","1","1","7","6","0","1","2","1","0"
"26651","86813405","26651","14","1","1","7","6","0","1","1","1","0"
"26652","86813405","26652","14","1","1","7","6","0","2","0","1","0"
"26653","86813405","26653","14","1","1","7","6","0","0","1","3","0"
"26654","86813405","26654","14","3","1","7","6","0","1","1","1","0"
"26655","86813405","26655","15","1","1","7","6","0","2","3","1","0"
"26656","86813405","26656","14","1","1","7","4","0","1","1","1","0"
"26657","86813405","26657","19","1","1","7","6","0","2","0","1","0"
"26658","86813405","26658","19","3","1","7","6","0","1","1","1","0"
"26659","86813405","26659","19","1","1","7","6","0","1","0","1","0"
"26660","86813405","26660","19","1","1","7","6","0","2","0","1","0"
"26661","86813405","26661","19","1","1","7","6","0","1","1","1","0"
"26662","86813405","26662","19","1","1","7","6","0","1","1","1","0"
"26663","86813405","26663","19","1","3","1","6","0","1","2","1","0"
"26664","86813405","26664","19","1","1","1","6","0","1","3","1","0"
"26665","86813405","26665","19","1","1","7","6","0","2","0","1","0"
"26666","86813508","26666","14","1","1","7","6","0","1","2","1","0"
"26667","86813508","26667","14","1","1","7","6","0","1","2","1","0"
"26668","86813508","26668","14","1","1","7","8","0","1","1","1","0"
"26669","86813508","7079","14","1","1","7","6","0","2","2","1","0"
"26670","86813508","26670","14","1","1","7","6","0","1","1","1","0"
"26671","86813508","26671","14","1","1","7","6","0","1","2","1","0"
"26672","86813508","26672","14","1","1","7","6","0","2","1","1","0"
"26673","86813511","10601","14","1","1","7","6","0","2","0","1","0"
"26674","86813511","26674","14","1","1","7","6","0","1","0","1","0"
"26675","86813511","26675","14","1","1","7","6","0","1","1","1","0"
"26676","86813511","26676","14","1","1","7","6","0","1","1","1","0"
"26677","86813511","26677","14","1","1","1","6","0","2","1","1","0"
"26678","86813512","26678","71","1","1","7","4","0","2","0","1","0"
"26679","86813512","26679","13","1","1","7","6","0","1","1","1","0"
"26680","86813512","26680","71","1","4","1","6","0","1","1","1","0"
"26681","86814101","26681","14","1","1","7","6","0","1","1","1","0"
"26682","86814101","26682","16","1","1","7","4","0","1","1","1","0"
"26683","86814101","26683","13","3","1","7","6","0","1","3","1","0"
"26684","86814101","26684","13","1","1","7","6","0","2","4","1","0"
"26685","86814101","26685","13","2","1","7","6","0","2","2","1","0"
"26686","86814101","26686","24","1","1","7","2","0","1","1","1","0"
"26687","86814101","26687","13","2","3","1","4","0","1","1","1","0"
"26688","86814101","26688","51","3","3","1","3","0","1","1","1","0"
"26689","86814101","26689","13","1","1","7","6","0","2","1","1","0"
"26690","86814101","26690","13","1","1","7","6","0","1","1","1","0"
"26691","86814103","26691","19","1","3","2","6","0","2","0","1","0"
"26692","86814103","26692","21","3","3","2","4","0","1","1","1","0"
"26693","86814201","26693","16","1","1","7","6","0","1","1","1","0"
"26694","86814201","26694","18","1","1","7","4","0","1","1","1","0"
"26695","86814201","11634","63","1","1","1","4","0","1","1","1","0"
"26696","86814201","26696","16","1","1","7","6","0","1","1","1","0"
"26697","86814201","26697","16","1","1","7","6","0","1","1","1","0"
"26698","86814201","26698","16","1","1","7","6","0","1","1","1","0"
"26699","86814202","26699","42","1","6","1","6","0","1","1","1","0"
"26700","86814204","26700","19","3","1","1","6","0","1","2","1","0"
"26701","86814204","26701","72","1","1","7","6","0","1","1","1","0"
"26702","86814205","26702","14","3","1","7","6","0","2","3","1","0"
"26703","86814205","26703","11","1","1","7","6","1","2","3","2","0"
"26704","86814205","26704","35","1","1","7","3","0","1","1","1","0"
"26705","86814205","26705","16","1","1","7","6","0","2","3","1","0"
"26706","86814205","26706","11","1","1","2","6","0","2","1","1","0"
"26707","86814205","26707","16","1","1","7","6","0","1","0","1","0"
"26708","86814205","26708","11","1","3","1","6","0","1","1","1","0"
"26709","86814205","26709","16","3","1","7","4","0","1","1","1","0"
"26710","86814205","26710","11","1","3","1","6","0","1","1","1","0"
"26711","86814205","26711","31","3","1","7","6","0","1","1","1","0"
"26712","86814205","26712","20","1","3","1","6","0","1","1","1","0"
"26713","86814401","11542","14","1","1","7","6","0","1","1","1","0"
"26714","86814401","26714","14","3","1","7","6","0","4","2","1","0"
"26715","86814401","26715","14","1","1","7","6","0","2","1","1","0"
"26716","86814401","13030","14","1","1","7","6","0","1","1","1","0"
"26717","86814401","26717","14","1","1","7","6","0","1","1","1","0"
"26718","86814401","26718","14","1","1","1","7","0","1","1","1","0"
"26719","86814401","26719","14","1","1","1","6","1","0","1","2","0"
"26720","86814401","26720","19","1","1","7","6","0","1","1","1","0"
"26721","86814401","26721","19","1","3","1","6","0","3","1","1","0"
"26722","86814504","26722","51","1","2","2","2","0","1","1","1","0"
"26723","86814504","26723","13","1","1","7","4","0","1","1","1","0"
"26724","86814504","26724","51","1","1","7","4","0","1","1","1","0"
"26725","86814504","26725","18","1","1","7","6","0","1","1","1","0"
"26726","86814505","26726","13","1","1","7","6","0","2","1","1","0"
"26727","86814505","26727","13","1","1","1","6","0","2","1","1","0"
"26728","86814505","26728","13","1","1","7","6","0","3","4","1","0"
"26729","86814505","26729","13","1","1","7","6","0","3","0","1","0"
"26730","86814505","26730","13","1","1","7","6","0","2","1","1","0"
"26731","86814505","26731","13","1","1","7","6","0","3","1","1","0"
"26732","86814505","26732","17","1","1","7","1","0","1","1","1","0"
"26733","86814505","26733","13","1","1","7","6","0","1","2","1","0"
"26734","86814505","26734","13","1","1","7","6","0","4","0","1","0"
"26735","86814505","26735","13","3","1","7","6","0","1","2","1","0"
"26736","86814505","26736","13","1","1","7","6","0","1","1","1","0"
"26737","86814505","26737","13","1","1","1","6","0","1","1","1","0"
"26738","86814505","26738","13","1","1","1","6","0","1","1","1","0"
"26739","86814505","26739","13","1","1","7","6","0","1","1","1","0"
"26740","86814505","26740","13","1","1","7","6","2","0","0","2","0"
"26741","86814505","26741","13","3","2","1","6","0","3","0","1","0"
"26742","86814505","26742","13","3","1","7","6","0","1","1","1","0"
"26743","86814505","26743","13","3","1","7","6","0","2","1","1","0"
"26744","86814505","26744","81","3","1","7","6","0","1","2","1","0"
"26745","86814505","26745","13","3","1","7","6","0","1","1","1","0"
"26746","86814508","26746","14","1","1","7","6","0","1","3","1","0"
"26747","86814508","26747","18","1","1","7","6","0","1","1","1","0"
"26748","86814508","26748","14","1","1","7","6","0","1","1","1","0"
"26749","86814508","26749","14","1","1","1","6","0","1","1","1","0"
"26750","86814508","26750","14","2","1","7","6","0","1","1","1","0"
"26751","86814508","26751","14","3","1","1","6","0","1","1","1","0"
"26752","86814508","26752","14","1","1","7","4","1","0","1","2","0"
"26753","86814508","26753","17","3","1","7","1","0","1","0","1","0"
"26754","86814508","26754","17","3","1","7","1","0","1","1","1","0"
"26755","86815101","26755","14","1","1","7","6","0","2","2","1","0"
"26756","86815101","26756","14","1","1","7","6","0","1","1","1","0"
"26757","86815103","26757","21","3","1","7","6","0","2","2","1","0"
"26758","86815212","26758","19","1","1","4","6","0","1","1","1","0"
"26759","86815303","26759","14","1","1","7","4","0","1","1","1","0"
"26760","86815303","26760","16","1","1","7","4","0","1","1","1","0"
"26761","86815303","26761","16","1","1","7","6","0","2","0","1","0"
"26762","86815304","26762","19","3","1","1","6","0","1","2","1","0"
"26763","86815304","26763","81","3","1","7","6","0","3","0","1","0"
"26764","86815307","26764","16","3","1","7","5","0","1","0","1","0"
"26765","86815307","26765","16","3","1","1","6","0","1","3","1","0"
"26766","86815307","26766","17","1","1","7","2","0","2","1","1","0"
"26767","86815307","26767","16","1","1","1","6","0","1","1","1","0"
"26768","86815308","26768","17","1","1","7","2","0","1","1","1","0"
"26769","86815404","26769","11","1","1","7","3","0","1","1","1","0"
"26770","86815404","26770","11","1","3","1","4","0","1","1","1","0"
"26771","86815404","26771","15","1","1","7","6","0","2","4","1","0"
"26772","86815404","26772","12","1","1","7","6","3","1","0","3","0"
"26773","86815404","26773","11","3","1","7","6","1","2","1","2","0"
"26774","86815404","26774","85","3","1","7","6","0","1","1","1","0"
"26775","86815404","26775","11","1","1","7","6","0","1","1","1","0"
"26776","86815404","26776","12","1","2","1","6","0","2","3","1","0"
"26777","86815404","26777","17","1","1","7","2","0","1","1","1","0"
"26778","86815404","26778","11","2","1","1","6","1","1","0","2","0"
"26779","86815406","26779","16","1","1","7","3","0","1","1","1","0"
"26780","86815406","26780","81","3","1","1","6","0","1","2","1","0"
"26781","86815503","26781","72","1","1","1","6","0","1","1","1","0"
"26782","86815504","26782","51","3","1","1","6","0","1","1","1","0"
"26783","86816105","26783","14","1","1","7","3","1","0","1","2","0"
"26784","86816204","26784","81","1","1","7","6","1","0","1","2","0"
"26785","86816208","26785","19","1","1","7","6","0","1","1","1","0"
"26786","86816208","26786","19","1","1","7","6","0","1","2","1","0"
"26787","86816208","26787","19","1","1","7","6","0","1","1","1","0"
"26788","86816208","534","19","3","1","1","4","0","1","1","1","0"
"26789","86816208","26789","19","1","1","7","6","0","1","1","1","0"
"26790","86816208","26790","19","3","1","7","4","0","1","1","1","0"
"26791","86816303","26791","13","1","1","7","4","0","1","1","1","0"
"26792","86816401","26792","81","3","1","7","6","0","3","4","1","0"
"26793","86816403","26793","63","1","1","7","4","0","1","1","1","0"
"26794","86816406","26794","11","1","1","7","6","0","1","1","1","0"
"26795","86816406","26795","16","1","1","7","6","0","1","2","1","0"
"26796","86816406","26796","16","1","1","7","3","0","1","1","1","0"
"26797","86816406","26797","11","1","3","1","6","0","2","0","1","0"
"26798","86816406","26798","16","1","1","7","3","1","0","1","2","0"
"26799","86816406","26799","11","1","1","1","6","0","5","0","1","0"
"26800","86816406","26800","16","1","1","7","3","0","1","1","1","0"
"26801","86816406","26801","16","3","1","7","6","0","1","1","1","0"
"26802","86816406","26802","11","1","1","7","7","0","1","1","1","0"
"26803","86816406","26803","11","1","1","7","1","0","1","0","1","0"
"26804","86816406","26804","16","1","6","1","6","0","2","1","1","0"
"26805","86816502","26805","18","1","1","7","4","0","1","1","1","0"
"26806","86816502","26806","81","5","1","7","2","1","0","1","2","0"
"26807","86816502","26807","72","1","1","7","6","0","1","1","1","0"
"26808","86816502","26808","22","1","1","7","6","0","1","1","1","0"
"26809","86816503","26809","19","1","1","7","4","0","1","1","1","0"
"26810","86816503","26810","72","3","1","7","6","0","1","1","1","0"
"26811","86816504","26811","19","3","6","1","6","1","3","0","2","0"
"26812","86816504","26812","18","3","1","7","4","0","1","1","1","0"
"26813","86816504","26813","16","1","1","7","6","0","1","1","1","0"
"26814","86816507","26814","16","3","1","7","4","0","1","1","1","0"
"26815","86816507","26815","16","3","3","1","4","0","1","1","1","0"
"26816","86816507","26816","16","1","1","7","6","0","1","1","1","0"
"26817","86817101","26817","71","1","1","7","6","0","1","1","1","0"
"26818","86817101","26818","16","1","1","7","4","1","0","1","2","0"
"26819","86817101","26819","51","3","1","7","6","0","1","8","1","0"
"26820","86817101","26820","17","1","1","7","1","0","1","1","1","0"
"26821","86817101","26821","11","2","1","7","6","0","1","1","1","0"
"26822","86817101","26822","19","1","1","7","6","0","1","1","1","0"
"26823","86817101","26823","16","3","1","7","6","0","1","2","1","0"
"26824","86817101","26824","16","1","1","7","6","0","4","1","1","0"
"26825","86817101","26825","16","1","1","2","8","0","1","1","1","0"
"26826","86817101","26826","18","1","1","7","5","0","1","1","1","0"
"26827","86817101","26827","11","1","1","7","6","0","1","1","1","0"
"26828","86817101","26828","16","1","1","7","6","0","4","0","1","0"
"26829","86817101","26829","71","3","3","2","6","0","2","1","1","0"
"26830","86817101","26830","16","3","1","7","6","0","2","0","1","0"
"26831","86817101","26831","71","3","3","2","6","0","1","1","1","0"
"26832","86817101","26832","16","1","1","7","4","0","1","1","1","0"
"26833","86817101","26833","19","3","1","7","6","3","2","0","2","0"
"26834","86817101","26834","16","3","1","7","3","0","1","1","1","0"
"26835","86817101","26835","16","2","3","1","6","0","1","1","1","0"
"26836","86817101","26836","35","1","2","2","4","0","1","1","1","0"
"26837","86817101","26837","16","1","1","7","6","0","2","0","1","0"
"26838","86817101","26838","11","1","1","7","6","0","1","1","1","0"
"26839","86817101","26839","19","3","1","7","6","0","1","1","1","0"
"26840","86817101","26840","11","1","1","7","6","0","1","2","1","0"
"26841","86817101","26841","16","1","1","7","6","0","1","2","1","0"
"26842","86817101","26842","51","1","1","7","6","0","1","1","1","0"