"accident_id","lieu_id","date_id","cause_id","lum_id","intemp_id","etat_surface_id","impliq_id","nb_blesses_graves","nb_blesses_legers","nb_indemnes","gravite","nb_morts"
"26843","86817101","26843","17","3","3","1","2","1","0","1","2","0"
"26844","86817101","26844","81","3","1","7","6","0","1","1","1","0"
"26845","86817101","26845","16","1","1","7","6","0","1","2","1","0"
"26846","86817101","26846","18","1","1","7","6","0","2","2","1","0"
"26847","86817101","26847","16","1","1","7","6","0","1","2","1","0"
"26848","86817101","26848","16","1","1","7","6","0","1","1","1","0"
"26849","86817101","26849","16","1","1","7","6","0","2","3","1","0"
"26850","86817101","26850","17","1","3","1","2","0","1","1","1","0"
"26851","86817101","26851","11","1","1","7","6","0","1","1","1","0"
"26852","86817101","26852","11","1","1","7","6","0","1","1","1","0"
"26853","86817101","26853","16","1","1","7","6","0","1","2","1","0"
"26854","86817101","26854","11","1","3","1","6","0","2","1","1","0"
"26855","86817302","26855","13","1","1","7","6","0","1","1","1","0"
"26856","86817302","26856","13","1","1","4","6","0","1","0","1","0"
"26857","86817302","26857","99","1","1","7","3","0","1","1","1","0"
"26858","86817302","26858","13","1","1","7","6","0","2","1","1","0"
"26859","86817302","26859","72","1","2","1","6","0","1","1","1","0"
"26860","86817302","26860","16","1","1","1","6","0","2","2","1","0"
"26861","86817304","26861","19","2","1","7","6","0","1","1","1","0"
"26862","86817304","26862","51","1","1","7","6","0","1","1","1","0"
"26863","86817304","26863","19","1","3","2","6","0","1","1","1","0"
"26864","86817304","26864","19","1","1","7","6","0","1","1","1","0"
"26865","86817304","26865","19","1","1","7","4","0","1","1","1","0"
"26866","86817304","26866","19","1","1","1","6","0","5","1","1","0"
"26867","86817304","26867","19","1","1","7","3","0","1","1","1","0"
"26868","86817304","26868","19","1","1","7","6","0","1","1","1","0"
"26869","86817304","26869","17","1","1","7","1","0","2","0","1","0"
"26870","86817304","26870","19","1","3","1","4","0","1","1","1","0"
"26871","86817304","26871","72","1","1","7","6","0","1","1","1","0"
"26872","86817304","26872","18","1","1","7","6","0","1","1","1","0"
"26873","86817304","26873","19","1","1","7","4","0","1","1","1","0"
"26874","86817401","26874","19","2","3","1","6","0","2","1","1","0"
"26875","86817401","26875","19","2","1","7","4","0","1","2","1","0"
"26876","86817401","26876","19","1","1","7","4","0","1","1","1","0"
"26877","86817401","26877","19","3","1","1","4","1","0","2","2","0"
"26878","86817401","26878","19","2","1","1","3","0","1","1","1","0"
"26879","86817401","26879","71","1","1","7","6","0","1","1","1","0"
"26880","86817401","6632","19","1","3","1","4","0","1","1","1","0"
"26881","86817401","26881","51","3","1","7","6","0","2","0","1","0"
"26882","86817401","26882","19","1","1","7","6","0","1","0","1","0"
"26883","86817402","26883","71","1","1","7","6","0","1","1","1","0"
"26884","86817402","26884","19","3","1","7","5","0","1","1","1","0"
"26885","86817402","26885","62","1","1","7","3","0","1","1","1","0"
"26886","86817402","26886","71","1","1","7","6","0","1","1","1","0"
"26887","86817402","26887","21","3","3","1","6","0","1","1","1","0"
"26888","86817402","26888","19","1","1","7","6","0","1","1","1","0"
"26889","86817402","26889","71","3","1","7","6","0","1","1","1","0"
"26890","86817501","26890","14","3","1","4","4","0","1","1","1","0"
"26891","86817501","26891","20","1","3","2","2","0","1","1","1","0"
"26892","86817501","26892","19","3","6","1","6","0","1","1","1","0"
"26893","86817501","26893","18","1","1","7","6","0","1","1","1","0"
"26894","86817501","26894","19","1","3","2","6","0","1","0","1","0"
"26895","86817501","26895","17","1","1","7","2","1","0","1","2","0"
"26896","86817501","26896","19","1","1","7","6","0","1","1","1","0"
"26897","86817501","26897","17","3","1","7","2","0","1","1","1","0"
"26898","86817501","26898","19","3","3","1","6","0","1","1","1","0"
"26899","86817502","26899","13","1","1","7","6","0","2","1","1","0"
"26900","86817502","26900","13","1","1","7","6","0","2","1","1","0"
"26901","86817502","26901","13","3","1","7","6","0","1","1","1","0"
"26902","86817502","26902","13","2","3","1","4","0","1","1","1","0"
"26903","86817502","26903","13","1","1","7","6","0","2","1","1","0"
"26904","86817502","26904","16","1","1","7","6","0","1","3","1","0"
"26905","86817502","26905","13","1","1","7","3","0","1","1","1","0"
"26906","86817504","26906","11","1","1","7","6","0","2","1","1","0"
"26907","86817504","26907","15","3","1","7","6","0","1","2","1","0"
"26908","86817504","26908","51","1","1","7","7","0","1","1","1","0"
"26909","86817504","26909","15","3","3","1","7","0","1","1","1","0"
"26910","86817504","26910","51","1","1","7","4","0","1","1","1","0"
"26911","86817504","18356","17","3","1","7","2","0","1","1","1","0"
"26912","86817504","26912","16","1","1","7","6","0","1","2","1","0"
"26913","86817504","26913","16","1","1","7","6","0","2","1","1","0"
"26914","86817504","26914","11","1","1","7","6","0","1","1","1","0"
"26915","86817504","26915","11","3","1","7","6","0","4","2","1","0"
"26916","86817504","26916","11","1","7","7","6","0","1","1","1","0"
"26917","86817504","26917","16","1","1","7","6","0","4","1","1","0"
"26918","86817504","26918","17","3","2","1","2","0","1","1","1","0"
"26919","86817504","26919","51","3","1","7","6","0","1","1","1","0"
"26920","86817504","26920","16","3","1","7","4","0","1","1","1","0"
"26921","86821102","26921","51","3","1","7","2","0","1","2","1","0"
"26922","86821102","26922","51","1","1","7","3","0","1","0","1","0"
"26923","86821105","26923","13","1","1","7","5","0","1","1","1","0"
"26924","86821106","26924","74","1","2","2","4","0","1","1","1","0"
"26925","86821303","26925","13","1","1","7","6","0","1","1","1","0"
"26926","86821303","26926","13","1","1","7","4","0","1","1","1","0"
"26927","86821303","26927","19","1","1","7","6","0","1","2","1","0"
"26928","86821303","26928","13","1","1","7","3","0","1","1","1","0"
"26929","86821303","26929","17","1","1","7","1","0","1","1","1","0"
"26930","86821303","26930","17","1","1","7","2","0","1","1","1","0"
"26931","86821304","26931","13","1","1","7","8","0","2","2","1","0"
"26932","86821402","26932","17","3","2","1","2","0","1","1","1","0"
"26933","86821402","26933","51","3","1","7","6","0","1","2","1","0"
"26934","86821402","26934","11","1","1","7","6","0","1","1","1","0"
"26935","86821402","26935","71","1","1","7","4","0","1","1","1","0"
"26936","86821402","26936","51","3","1","1","5","0","1","1","1","0"
"26937","86821402","26937","18","1","1","7","4","0","1","1","1","0"
"26938","86821402","8275","17","1","1","7","2","0","1","1","1","0"
"26939","86821402","26939","17","1","1","7","2","0","1","0","1","0"
"26940","86821402","26940","17","3","1","7","1","0","1","1","1","0"
"26941","86821402","26941","17","1","1","7","2","0","1","0","1","0"
"26942","86821406","26942","19","1","1","7","9","0","1","3","1","0"
"26943","86821406","26943","51","1","1","7","6","0","1","2","1","0"
"26944","86821406","26944","11","2","1","7","6","0","1","1","1","0"
"26945","86821406","26945","11","1","1","7","5","0","1","2","1","0"
"26946","86821406","26946","11","3","1","7","6","0","1","0","1","0"
"26947","86821406","26947","71","1","1","7","6","0","1","1","1","0"
"26948","86821406","26948","71","1","3","1","6","0","1","1","1","0"
"26949","86821411","26949","17","1","1","7","2","0","1","1","1","0"
"26950","86821411","26950","17","1","1","7","2","0","1","1","1","0"
"26951","86821411","26951","11","3","1","7","6","0","1","1","1","0"
"26952","86821411","26952","11","1","2","1","6","0","0","1","3","0"
"26953","86821411","26953","61","1","1","7","4","0","1","1","1","0"
"26954","86821411","26954","11","1","1","7","2","0","1","1","1","0"
"26955","86821411","26955","14","1","1","7","4","0","1","1","1","0"
"26956","86821411","26956","11","1","1","7","6","0","1","0","1","0"
"26957","86821411","26957","71","1","1","7","6","0","1","1","1","0"
"26958","86821411","26958","11","1","1","7","4","0","1","1","1","0"
"26959","86821411","26959","11","5","1","7","6","0","1","1","1","0"
"26960","86821501","26960","51","3","1","7","0","0","1","1","1","0"
"26961","86821502","26961","51","1","1","7","6","0","1","1","1","0"
"26962","86821502","26962","51","1","1","7","2","0","1","2","1","0"
"26963","86821505","26963","11","3","1","7","6","0","1","1","1","0"
"26964","86821505","26964","11","3","3","2","2","0","1","1","1","0"
"26965","86821505","26965","11","1","1","7","6","0","1","1","1","0"
"26966","86821505","26966","71","1","1","7","6","1","2","1","2","0"
"26967","86821505","26967","71","1","1","7","4","0","2","1","1","0"
"26968","86821505","26968","11","2","3","2","6","1","0","1","2","0"
"26969","86821505","26969","17","1","1","7","2","0","0","2","3","0"
"26970","86821505","26970","11","3","1","7","6","0","1","1","1","0"
"26971","86821505","26971","35","1","1","7","4","0","1","1","1","0"
"26972","86821505","26972","51","1","1","7","6","0","1","1","1","0"
"26973","86821505","26973","11","1","1","7","8","0","1","1","1","0"
"26974","86821505","26974","11","1","1","7","9","1","0","0","2","0"
"26975","86821505","26975","71","3","1","7","6","1","0","1","2","0"
"26976","86821505","26976","17","1","1","7","2","0","1","1","1","0"
"26977","86821505","26977","36","1","1","7","3","0","1","0","1","0"
"26978","86821505","26978","11","3","3","1","8","0","1","1","1","0"
"26979","86821505","26979","11","1","1","7","2","1","0","1","2","0"
"26980","86821505","26980","11","1","1","7","6","0","1","1","1","0"
"26981","86821505","26981","17","1","1","7","2","0","1","1","1","0"
"26982","86821505","26982","11","3","1","7","6","0","2","0","1","0"
"26983","86822103","26983","14","1","1","7","6","0","1","1","1","0"
"26984","86822103","26984","14","1","1","7","6","0","2","0","1","0"
"26985","86822103","26985","14","1","1","7","5","0","1","2","1","0"
"26986","86822105","26986","72","1","1","7","3","0","2","0","1","0"
"26987","86822105","26987","81","1","3","2","6","1","0","1","2","0"
"26988","86822105","26988","72","1","7","1","6","0","1","1","1","0"
"26989","86822201","26989","17","1","1","7","2","0","1","1","1","0"
"26990","86822201","26990","13","1","1","7","6","0","1","2","1","0"
"26991","86822202","26991","72","1","1","7","6","0","1","1","1","0"
"26992","86822202","26992","31","1","1","7","6","0","1","2","3","1"
"26993","86822203","26993","13","1","3","2","6","0","1","4","1","0"
"26994","86822203","26994","13","2","1","7","6","0","1","2","1","0"
"26995","86822203","26995","13","1","1","7","4","0","1","1","1","0"
"26996","86822203","26996","13","1","1","1","4","0","1","1","1","0"
"26997","86822203","26997","13","1","1","7","6","0","1","1","1","0"
"26998","86822203","26998","71","1","1","7","6","0","1","1","1","0"
"26999","86822203","26999","13","1","1","7","6","0","1","0","1","0"
"27000","86822203","27000","13","1","1","7","8","0","1","1","1","0"
"27001","86822203","27001","13","1","1","7","6","0","2","1","1","0"
"27002","86822203","27002","13","1","3","1","4","0","1","1","1","0"
"27003","86822203","27003","13","1","3","1","9","0","1","2","1","0"
"27004","86822203","27004","13","1","1","7","6","0","1","1","1","0"
"27005","86822203","27005","13","1","1","7","4","0","1","1","1","0"
"27006","86822203","27006","13","1","1","7","6","0","1","0","1","0"
"27007","86822203","27007","13","1","1","7","6","0","1","3","1","0"
"27008","86822203","27008","13","3","1","7","3","0","1","1","1","0"
"27009","86822203","27009","20","1","1","7","1","0","1","1","1","0"
"27010","86822301","27010","11","1","1","7","6","0","3","0","1","0"
"27011","86822301","27011","15","3","1","2","6","0","1","1","1","0"
"27012","86822301","27012","11","1","1","7","6","0","2","1","1","0"
"27013","86822301","27013","11","1","1","7","5","0","1","1","1","0"
"27014","86822301","27014","14","1","1","7","5","0","1","1","1","0"
"27015","86822301","27015","11","1","3","2","8","0","2","1","1","0"
"27016","86822301","27016","31","1","1","7","6","0","2","0","1","0"
"27017","86822301","27017","11","1","3","1","6","0","1","5","1","0"
"27018","86822301","27018","11","1","3","2","7","0","1","1","1","0"
"27019","86822301","27019","35","1","1","7","3","0","1","1","1","0"
"27020","86822301","27020","18","1","1","7","3","0","1","1","1","0"
"27021","86822301","27021","11","2","1","7","6","0","1","2","1","0"
"27022","86822301","27022","35","2","1","7","4","0","1","1","1","0"
"27023","86822301","27023","17","1","1","7","2","0","1","1","1","0"
"27024","86822303","27024","14","1","1","7","3","0","1","1","1","0"
"27025","86822303","27025","14","1","1","7","6","0","1","1","1","0"
"27026","86822303","27026","14","1","1","7","6","0","1","1","1","0"
"27027","86822307","27027","71","1","1","7","4","0","1","1","1","0"
"27028","86822407","27028","72","1","1","7","6","0","1","2","1","0"
"27029","86822407","27029","71","1","1","7","6","0","1","1","1","0"
"27030","86822407","27030","51","1","3","1","4","0","1","1","1","0"
"27031","86822502","27031","11","1","2","2","6","0","1","1","1","0"
"27032","86822502","27032","18","1","1","7","6","0","1","2","1","0"
"27033","86822502","27033","11","3","1","7","6","0","1","1","1","0"
"27034","86822502","27034","51","1","1","7","6","0","1","2","1","0"
"27035","86822502","27035","35","1","1","7","4","0","1","1","1","0"
"27036","86822502","27036","11","1","1","7","6","0","1","1","1","0"
"27037","86822502","27037","11","3","1","7","6","1","1","1","2","0"
"27038","86822502","27038","11","1","1","7","4","0","1","1","1","0"
"27039","86822502","27039","14","1","1","7","6","0","1","1","1","0"
"27040","86822502","27040","11","1","1","7","6","0","2","2","1","0"
"27041","86822502","27041","17","1","1","7","2","0","1","1","1","0"
"27042","86822502","27042","51","1","1","7","6","0","1","2","1","0"
"27043","86822502","27043","11","1","1","7","6","0","2","0","1","0"
"27044","86822502","27044","63","3","1","7","4","0","1","1","1","0"
"27045","86822502","27045","17","3","1","7","2","0","1","1","1","0"
"27046","86822502","27046","11","1","1","7","5","0","1","1","1","0"
"27047","86822502","27047","11","1","1","7","6","0","2","1","1","0"
"27048","86822503","27048","71","1","1","7","6","0","1","1","1","0"
"27049","86823104","27049","14","3","1","7","6","0","2","1","1","0"
"27050","86823104","27050","17","1","1","7","2","0","1","1","1","0"
"27051","86823104","27051","16","1","1","7","6","0","1","1","1","0"
"27052","86823104","27052","11","3","1","2","6","0","1","4","1","0"
"27053","86823104","27053","16","1","1","7","4","0","1","1","1","0"
"27054","86823104","27054","15","3","1","1","6","0","5","0","1","0"
"27055","86823104","27055","11","1","1","1","6","0","1","1","1","0"
"27056","86823104","27056","35","1","1","7","4","0","1","1","1","0"
"27057","86823104","27057","11","1","1","7","6","0","1","1","1","0"
"27058","86823104","27058","11","3","1","7","6","0","1","2","1","0"
"27059","86823104","27059","11","2","1","1","4","1","1","3","2","0"
"27060","86823104","27060","11","1","1","7","6","0","1","1","1","0"
"27061","86823104","27061","21","1","1","7","3","0","1","0","1","0"
"27062","86823104","27062","16","1","1","7","6","0","1","1","1","0"
"27063","86823104","27063","17","3","6","7","1","0","1","1","1","0"
"27064","86823108","27064","24","1","1","7","2","0","1","1","1","0"
"27065","86823108","27065","19","1","1","7","6","0","1","1","1","0"
"27066","86823108","27066","17","2","1","7","1","0","1","1","1","0"
"27067","86823108","27067","31","1","3","1","4","0","1","1","1","0"
"27068","86823108","27068","72","1","1","7","6","0","1","0","1","0"
"27069","86823108","27069","19","1","1","7","6","0","3","0","1","0"
"27070","86823112","27070","19","1","1","7","4","0","1","1","1","0"
"27071","86823112","27071","19","1","1","7","4","0","1","1","1","0"
"27072","86823112","27072","19","1","1","7","6","0","1","1","1","0"
"27073","86823203","27073","61","1","1","7","4","0","1","1","1","0"
"27074","86823203","27074","72","3","1","7","6","2","0","1","2","0"
"27075","86823301","27075","14","3","2","2","6","0","1","1","1","0"
"27076","86823301","27076","14","1","1","7","6","0","1","1","1","0"
"27077","86823301","27077","17","1","1","7","2","0","1","1","1","0"
"27078","86823301","27078","14","1","3","1","6","0","1","1","1","0"
"27079","86823301","27079","14","3","3","2","6","0","1","2","1","0"
"27080","86823301","27080","81","3","1","7","6","0","1","1","1","0"
"27081","86823301","27081","51","3","3","2","8","0","1","1","1","0"
"27082","86823301","27082","16","1","1","7","4","0","1","1","1","0"
"27083","86823301","27083","14","3","1","7","6","0","2","2","1","0"
"27084","86823301","27084","14","1","1","7","6","0","1","1","1","0"
"27085","86823301","27085","14","1","1","7","3","0","1","1","1","0"
"27086","86823301","27086","15","3","1","7","6","0","1","1","1","0"
"27087","86823301","27087","17","3","2","2","2","0","2","1","1","0"
"27088","86823301","27088","81","1","1","7","2","0","1","1","1","0"
"27089","86823301","27089","19","1","2","2","6","0","1","0","1","0"
"27090","86823301","27090","51","1","1","7","6","0","1","1","1","0"
"27091","86823301","27091","17","3","3","1","2","1","0","1","2","0"
"27092","86823301","27092","19","1","1","7","3","1","0","1","2","0"
"27093","86823301","27093","71","3","1","1","6","1","0","1","2","0"
"27094","86823301","27094","17","1","1","7","2","0","1","1","1","0"
"27095","86823301","27095","17","1","1","7","2","0","1","4","1","0"
"27096","86823304","27096","72","1","3","1","6","0","1","1","1","0"
"27097","86823304","27097","19","1","1","7","6","0","1","1","1","0"
"27098","86823304","4355","19","1","1","7","6","0","1","1","1","0"
"27099","86823304","27099","17","1","1","7","2","0","1","1","1","0"
"27100","86823304","27100","17","1","1","1","2","0","1","1","1","0"
"27101","86823304","27101","71","3","3","1","6","0","1","1","1","0"
"27102","86823304","27102","35","1","1","7","3","0","1","1","1","0"
"27103","86823304","27103","17","1","1","7","2","0","1","1","1","0"
"27104","86823304","27104","13","1","1","7","6","0","1","1","1","0"
"27105","86823305","27105","19","3","1","7","5","0","1","1","1","0"
"27106","86823305","24897","71","3","3","1","6","0","1","1","1","0"
"27107","86823305","27107","17","1","1","7","2","0","1","1","1","0"
"27108","86823305","27108","64","1","1","7","6","0","1","1","1","0"
"27109","86823305","27109","17","1","3","1","2","0","1","2","1","0"
"27110","86823305","27110","17","3","6","1","2","1","0","1","2","0"
"27111","86823305","27111","26","1","1","7","2","0","1","2","1","0"
"27112","86823305","27112","17","1","1","1","1","0","1","1","1","0"
"27113","86823305","27113","17","1","1","7","2","0","1","1","1","0"
"27114","86823307","27114","16","3","1","7","6","0","1","2","1","0"
"27115","86823307","27115","16","1","1","7","4","0","1","1","1","0"
"27116","86823307","27116","17","1","1","7","1","0","1","1","1","0"
"27117","86823307","27117","19","1","1","7","6","0","1","1","1","0"
"27118","86823307","27118","19","1","1","7","4","0","1","1","1","0"
"27119","86823307","27119","19","3","3","2","6","0","2","1","1","0"
"27120","86823307","27120","71","3","1","7","6","0","1","1","1","0"
"27121","86823307","4909","19","3","3","2","4","0","1","2","1","0"
"27122","86823307","27122","19","3","1","4","6","0","2","2","1","0"
"27123","86823307","27123","17","1","1","7","2","0","1","1","1","0"
"27124","86823307","27124","19","3","1","7","4","0","1","1","1","0"
"27125","86823307","27125","71","2","1","7","4","0","1","1","1","0"
"27126","86823307","27126","51","3","1","7","3","0","1","1","1","0"
"27127","86823307","19154","19","2","2","2","6","0","1","2","1","0"
"27128","86823307","27128","17","1","1","7","2","0","1","1","1","0"
"27129","86823307","27129","16","1","1","1","4","0","1","1","1","0"
"27130","86823307","27130","19","1","1","7","4","0","2","1","1","0"
"27131","86823307","27131","19","1","1","7","6","0","2","1","1","0"
"27132","86823307","27132","71","1","1","7","3","0","0","1","3","0"
"27133","86823307","27133","17","1","1","7","2","0","1","1","1","0"
"27134","86823307","27134","26","1","1","7","1","0","1","1","1","0"
"27135","86823307","27135","17","1","1","7","2","0","1","1","1","0"
"27136","86823307","27136","19","1","2","1","6","1","1","0","2","0"
"27137","86823307","27137","71","1","1","1","6","0","1","1","1","0"
"27138","86823307","27138","19","2","1","7","4","0","1","0","1","0"
"27139","86823307","27139","19","3","1","7","6","0","2","2","1","0"
"27140","86823307","27140","24","1","3","1","2","1","0","1","2","0"
"27141","86823307","27141","19","3","1","4","6","0","1","1","1","0"
"27142","86823307","27142","19","3","1","7","6","0","1","1","1","0"
"27143","86823307","27143","25","1","1","7","6","0","2","1","1","0"
"27144","86823406","27144","17","2","1","7","1","0","1","1","1","0"
"27145","86823406","27145","14","3","3","2","4","0","1","1","1","0"
"27146","86823406","27146","17","1","1","7","2","0","1","1","1","0"
"27147","86823406","27147","17","3","1","7","2","1","0","1","2","0"
"27148","86823406","27148","14","1","1","7","6","0","1","1","1","0"
"27149","86823406","27149","31","1","1","7","4","0","1","1","1","0"
"27150","86823406","27150","17","3","1","7","2","0","1","1","1","0"
"27151","86823406","27151","72","1","1","7","6","0","1","1","1","0"
"27152","86823406","27152","51","3","1","7","6","0","1","0","1","0"
"27153","86823406","27153","81","3","6","1","6","0","1","1","1","0"
"27154","86823406","27154","81","3","2","1","6","1","0","1","2","0"
"27155","86823406","21634","17","1","1","1","2","0","1","1","1","0"
"27156","86823406","27156","19","1","1","7","6","0","1","1","1","0"
"27157","86823503","27157","16","1","4","3","6","0","1","1","1","0"
"27158","86823503","27158","11","3","1","7","6","0","1","2","1","0"
"27159","86823503","27159","16","3","1","7","6","0","1","1","1","0"
"27160","86823503","7701","11","1","1","7","6","0","1","1","1","0"
"27161","86823503","27161","11","3","1","7","6","0","4","1","1","0"
"27162","86823503","27162","16","1","1","7","6","0","2","2","1","0"
"27163","86823503","27163","16","1","1","7","5","0","1","1","1","0"
"27164","86823503","27164","11","3","1","7","6","2","4","1","2","0"
"27165","86823503","27165","16","1","1","7","6","0","1","2","1","0"
"27166","86823503","27166","51","1","1","7","4","0","1","1","1","0"
"27167","86823503","27167","25","1","1","7","6","0","1","1","1","0"
"27168","86823503","27168","12","3","1","7","6","0","2","2","1","0"
"27169","86823503","27169","12","3","1","7","6","0","3","0","1","0"
"27170","86823503","27170","11","3","1","7","6","0","0","1","3","0"
"27171","86823503","27171","14","1","1","7","4","0","1","1","1","0"
"27172","86823503","27172","11","1","3","2","6","0","1","1","1","0"
"27173","86823503","27173","11","3","1","1","6","0","2","0","1","0"
"27174","86823503","27174","64","1","1","7","5","0","2","0","1","0"
"27175","86823503","27175","11","1","1","7","5","1","0","2","2","0"
"27176","86823503","27176","18","1","1","7","4","0","2","1","1","0"
"27177","86823503","27177","11","3","1","7","6","0","2","2","1","0"
"27178","86823503","27178","15","3","1","7","6","0","1","1","1","0"
"27179","86823503","27179","11","2","1","7","4","0","1","1","1","0"
"27180","86823503","27180","11","2","1","7","6","0","1","1","1","0"
"27181","86823503","27181","16","1","1","7","6","0","2","1","1","0"
"27182","86823503","27182","16","3","1","1","6","0","1","2","1","0"
"27183","86823503","27183","16","1","1","7","4","0","1","1","1","0"
"27184","86823503","27184","81","3","1","7","6","0","1","1","1","0"
"27185","86823503","27185","11","3","3","2","3","0","0","1","3","0"
"27186","86823503","27186","17","3","1","7","2","0","1","1","1","0"
"27187","86823503","27187","81","3","1","7","6","1","2","0","3","0"
"27188","86823503","27188","17","1","1","7","2","0","1","2","1","0"
"27189","86823503","27189","11","3","1","7","6","0","1","1","1","0"
"27190","86823503","27190","35","1","1","7","3","0","0","1","3","0"
"27191","86823503","27191","35","1","1","7","3","0","1","2","1","0"
"27192","86823503","27192","81","3","1","7","6","0","2","0","1","0"
"27193","86823503","27193","35","1","1","7","3","0","1","0","1","0"
"27194","86823503","27194","32","1","1","7","8","0","1","1","1","0"
"27195","86823503","27195","11","3","1","7","5","0","3","0","1","0"
"27196","86823503","27196","11","3","7","1","2","0","1","1","1","0"
"27197","86823503","27197","81","3","3","1","6","0","1","1","1","0"
"27198","86823503","27198","51","1","1","7","6","0","1","4","1","0"
"27199","86823503","27199","51","2","1","7","4","0","1","0","1","0"
"27200","86823503","27200","11","3","1","7","6","0","1","1","1","0"
"27201","86823503","27201","18","1","1","7","3","1","0","1","2","0"
"27202","86823505","27202","35","1","1","7","4","0","1","1","1","0"
"27203","86823505","27203","16","3","1","7","5","0","1","1","1","0"
"27204","86824101","27204","71","1","3","1","6","0","1","1","1","0"
"27205","86824102","27205","14","1","1","7","6","0","3","1","1","0"
"27206","86824102","27206","14","1","1","7","6","0","1","1","1","0"
"27207","86824109","27207","72","1","1","7","6","0","1","1","1","0"
"27208","86824204","27208","16","1","1","7","4","0","1","1","1","0"
"27209","86824204","27209","16","1","3","1","3","0","1","1","1","0"
"27210","86824204","27210","71","1","3","2","6","0","1","1","1","0"
"27211","86824204","27211","17","1","1","7","2","0","1","1","1","0"
"27212","86824204","27212","17","3","7","2","2","0","2","1","1","0"
"27213","86824204","27213","17","3","3","2","2","1","0","1","2","0"
"27214","86824204","27214","11","1","1","7","6","0","1","1","1","0"
"27215","86824204","27215","11","1","1","7","2","0","1","1","1","0"
"27216","86824204","27216","35","1","1","7","3","0","1","1","1","0"
"27217","86824204","27217","81","1","1","7","6","0","4","1","1","0"
"27218","86824204","27218","11","3","1","7","6","0","2","7","1","0"
"27219","86824204","27219","11","1","1","7","6","0","1","1","1","0"
"27220","86824204","27220","11","3","1","7","6","0","1","2","1","0"
"27221","86824204","27221","11","1","1","7","6","0","0","1","3","0"
"27222","86824204","27222","81","3","3","1","6","0","1","0","1","0"
"27223","86824204","27223","16","3","1","7","6","0","1","2","1","0"
"27224","86824204","27224","51","2","1","7","6","0","1","1","1","0"
"27225","86824206","27225","99","3","1","7","3","0","1","1","1","0"
"27226","86824206","27226","17","1","2","1","1","0","1","1","1","0"
"27227","86824207","27227","19","1","1","7","4","0","1","1","1","0"
"27228","86824207","27228","51","3","3","1","6","0","1","1","1","0"
"27229","86824207","27229","71","1","1","7","6","0","1","1","1","0"
"27230","86824301","27230","14","3","1","7","4","0","2","1","1","0"
"27231","86824301","27231","14","1","1","7","6","0","1","2","1","0"
"27232","86824301","27232","14","1","1","7","6","0","2","3","1","0"
"27233","86824301","27233","14","3","1","1","6","0","2","1","1","0"
"27234","86824301","27234","19","1","1","7","4","0","2","2","1","0"
"27235","86824301","27235","19","1","1","7","6","0","1","2","1","0"
"27236","86824301","27236","19","3","3","1","6","1","0","1","2","0"
"27237","86824301","13307","19","1","1","7","6","0","3","1","1","0"
"27238","86824301","27238","19","1","1","1","3","0","1","2","1","0"
"27239","86824301","27239","19","3","3","1","6","0","1","1","1","0"
"27240","86824301","27240","19","1","1","7","6","0","2","4","1","0"
"27241","86824301","27241","19","1","1","7","6","0","1","1","1","0"
"27242","86824301","27242","19","1","1","7","6","0","1","2","1","0"
"27243","86824301","27243","19","1","3","1","6","0","1","2","1","0"
"27244","86824404","27244","15","3","3","2","6","0","2","0","1","0"
"27245","86824404","27245","17","1","3","2","2","0","1","1","1","0"
"27246","86824404","27246","15","3","1","7","6","0","2","1","1","0"
"27247","86824404","27247","17","1","3","2","2","0","1","1","1","0"
"27248","86824404","27248","11","1","1","7","6","0","1","1","1","0"
"27249","86824404","27249","17","1","1","7","2","0","1","1","1","0"
"27250","86824404","27250","16","3","1","7","4","1","0","1","2","0"
"27251","86824404","6439","16","1","1","7","6","0","1","2","1","0"
"27252","86824404","27252","16","3","1","7","6","0","1","1","1","0"
"27253","86824404","27253","17","1","1","7","2","0","1","1","1","0"
"27254","86824404","27254","71","1","1","7","6","0","1","1","1","0"
"27255","86824404","27255","51","1","1","7","6","0","1","5","1","0"
"27256","86824404","27256","15","2","1","7","6","0","2","0","1","0"
"27257","86824404","27257","16","1","1","7","6","0","1","1","1","0"
"27258","86824404","27258","17","1","1","7","2","0","2","1","1","0"
"27259","86824404","27259","16","1","1","7","4","0","1","1","1","0"
"27260","86824404","27260","11","3","1","5","6","1","1","6","2","0"
"27261","86824404","27261","11","1","3","1","6","0","1","1","1","0"
"27262","86824404","27262","17","1","1","7","2","1","0","1","2","0"
"27263","86824404","27263","17","3","1","7","2","0","1","0","1","0"
"27264","86824404","27264","51","1","1","7","3","0","1","0","1","0"
"27265","86824404","27265","16","1","1","7","4","0","1","2","1","0"
"27266","86824404","27266","16","1","1","7","4","0","1","1","1","0"