"accident_id","lieu_id","date_id","cause_id","lum_id","intemp_id","etat_surface_id","impliq_id","nb_blesses_graves","nb_blesses_legers","nb_indemnes","gravite","nb_morts"
"29387","87837503","29387","15","1","1","7","6","0","1","1","1","0"
"29388","87837503","29388","16","1","1","7","6","0","1","2","1","0"
"29389","87837503","29389","16","1","1","1","4","0","1","1","1","0"
"29390","87837506","29390","16","1","1","7","5","0","1","1","1","0"
"29391","87837506","29391","52","3","1","1","6","0","1","3","1","0"
"29392","87837506","29392","16","1","1","7","6","0","2","0","1","0"
"29393","87837506","29393","71","1","1","7","6","0","1","1","1","0"
"29394","87837512","29394","18","4","1","7","4","1","1","0","2","0"
"29395","87841104","29395","14","1","1","7","6","0","3","0","1","0"
"29396","87841106","29396","72","1","1","1","6","0","1","1","1","0"
"29397","87841106","29397","72","3","1","2","6","0","1","1","1","0"
"29398","87841106","29398","13","1","1","7","6","0","1","2","1","0"
"29399","87841207","29399","17","1","1","7","1","0","1","1","1","0"
"29400","87841210","29400","72","1","1","7","9","1","1","0","2","0"
"29401","87841210","29401","11","1","1","7","4","0","2","1","1","0"
"29402","87841210","29402","16","1","1","7","6","0","1","1","1","0"
"29403","87841210","29403","52","3","1","7","0","3","0","0","2","0"
"29404","87841210","29404","11","1","2","1","6","0","2","1","1","0"
"29405","87841210","29405","11","1","1","7","6","0","2","0","1","0"
"29406","87841210","29406","11","3","3","1","6","0","2","2","1","0"
"29407","87841503","18483","18","1","1","7","6","0","2","1","1","0"
"29408","87841503","29408","14","1","1","1","6","1","1","0","2","0"
"29409","87841503","29409","14","1","3","1","6","0","1","0","1","0"
"29410","87841503","29410","14","1","1","7","6","0","1","1","1","0"
"29411","87841503","29411","14","1","1","7","6","1","0","1","2","0"
"29412","87841503","29412","35","1","1","7","6","0","0","1","3","0"
"29413","87841503","29413","14","1","1","7","5","0","2","1","1","0"
"29414","87841503","29414","14","3","3","1","6","0","2","1","1","0"
"29415","87841503","29415","14","1","3","1","6","0","3","0","1","0"
"29416","87842103","29416","13","1","1","7","4","0","1","1","1","0"
"29417","87842212","29417","71","1","1","7","6","0","2","1","1","0"
"29418","87842212","29418","13","1","1","7","5","0","1","1","3","0"
"29419","87842304","29419","14","1","1","7","6","0","1","1","1","0"
"29420","87842304","29420","51","3","1","1","3","1","1","2","2","0"
"29421","87842304","29421","17","3","2","1","2","0","1","1","1","0"
"29422","87842313","29422","14","1","1","1","6","0","1","1","1","0"
"29423","87842314","29423","16","1","1","7","4","0","1","0","1","0"
"29424","87842401","29424","14","1","1","7","6","0","1","1","1","0"
"29425","87843206","29425","31","1","1","7","6","1","0","1","2","0"
"29426","87843210","29426","17","3","1","7","2","1","1","0","2","0"
"29427","87843210","29427","14","3","3","1","6","0","1","2","1","0"
"29428","87843307","9055","14","2","1","7","6","1","0","1","2","0"
"29429","87843308","29429","14","1","1","7","4","0","1","0","1","0"
"29430","87843407","29430","19","1","1","1","5","0","1","1","1","0"
"29431","87843409","29431","31","1","1","7","6","0","1","1","1","0"
"29432","87843501","29432","14","1","1","7","6","1","0","1","2","0"
"29433","87844106","29433","21","1","1","7","6","1","0","1","2","0"
"29434","87844203","29434","82","1","1","7","9","0","1","0","1","0"
"29435","87844203","29435","14","1","1","7","6","0","1","1","1","0"
"29436","87844205","29436","18","1","3","1","4","0","1","2","1","0"
"29437","87844210","29437","51","1","1","7","6","0","1","1","1","0"
"29438","87844307","29438","14","1","1","7","8","0","1","1","1","0"
"29439","87844307","29439","14","2","1","7","6","0","1","1","1","0"
"29440","87844307","29440","14","1","1","7","6","0","2","0","1","0"
"29441","87844307","29441","14","1","1","7","6","0","1","1","1","0"
"29442","87844307","29442","14","1","1","7","6","1","0","1","2","0"
"29443","87844307","29443","14","1","1","7","6","0","1","1","1","0"
"29444","87844307","29444","14","3","2","1","6","0","2","1","1","0"
"29445","87844315","29445","72","1","1","7","6","0","1","1","1","0"
"29446","87844501","29446","14","1","1","7","4","0","1","1","1","0"
"29447","87844505","29447","63","1","1","2","3","0","1","1","1","0"
"29448","87844505","29448","19","1","1","7","6","0","1","2","1","0"
"29449","87844508","29449","16","3","3","2","4","0","2","0","1","0"
"29450","87844513","29450","72","3","1","7","6","0","1","1","1","0"
"29451","87845101","371","72","1","1","7","6","0","1","1","1","0"
"29452","87845206","29452","13","1","1","7","4","0","1","3","1","0"
"29453","87845206","29453","14","1","1","7","3","0","1","1","1","0"
"29454","87845206","29454","52","1","1","7","2","0","1","1","1","0"
"29455","87845405","29455","19","1","1","7","5","0","1","1","1","0"
"29456","87845405","29456","13","1","1","7","6","0","1","2","1","0"
"29457","87846101","29457","17","1","3","2","2","0","1","1","1","0"
"29458","87846101","29458","14","3","1","7","5","1","0","0","3","0"
"29459","87846107","29459","52","3","1","3","3","0","1","1","1","0"
"29460","87846107","7505","51","1","3","1","4","0","1","1","1","0"
"29461","87846206","29461","19","1","3","2","6","0","2","0","1","0"
"29462","87846206","29462","13","1","1","7","6","0","1","1","1","0"
"29463","87846206","29463","13","2","1","7","6","0","2","0","1","0"
"29464","87846206","29464","13","3","1","7","6","0","2","0","1","0"
"29465","87846206","29465","13","1","1","7","3","0","2","0","1","0"
"29466","87846206","29466","13","2","1","7","6","0","2","0","1","0"
"29467","87846206","29467","13","1","1","7","6","0","1","1","1","0"
"29468","87846206","29468","18","3","1","7","6","0","1","1","1","0"
"29469","87846206","29469","13","1","1","7","3","0","1","1","1","0"
"29470","87846208","29470","19","1","1","7","3","0","1","1","1","0"
"29471","87847104","29471","21","1","1","7","3","1","0","1","2","0"
"29472","87847104","29472","14","1","1","7","4","1","0","1","2","0"
"29473","87847104","29473","14","1","1","7","6","0","1","1","1","0"
"29474","87847104","29474","31","1","1","7","6","0","1","1","1","0"
"29475","87847104","29475","16","3","1","7","4","0","1","1","1","0"
"29476","87847104","29476","16","1","1","1","6","0","1","1","1","0"
"29477","87847104","29477","16","3","1","7","4","0","2","1","1","0"
"29478","87847104","29478","11","3","3","1","6","0","1","1","1","0"
"29479","87847104","29479","11","3","1","7","4","0","1","0","1","0"
"29480","87847104","29480","11","1","1","7","6","0","1","1","1","0"
"29481","87847104","29481","11","1","1","7","6","0","2","1","1","0"
"29482","87847104","29482","16","1","1","7","4","0","1","1","1","0"
"29483","87847104","29483","16","1","1","7","6","0","2","0","1","0"
"29484","87847104","29484","17","3","3","1","2","0","2","1","1","0"
"29485","87847104","29485","24","1","1","7","2","0","1","1","1","0"
"29486","87847104","29486","16","3","1","7","5","0","2","1","1","0"
"29487","87847104","29487","16","3","3","1","4","0","1","1","1","0"
"29488","87847104","29488","31","1","1","7","6","0","1","1","1","0"
"29489","87847104","29489","16","3","1","7","6","0","1","1","1","0"
"29490","87847104","29490","11","3","3","1","6","0","4","1","1","0"
"29491","87847108","29491","14","3","1","1","6","0","3","0","1","0"
"29492","87847108","29492","14","1","1","7","6","0","1","0","1","0"
"29493","87847109","29493","51","1","1","7","6","0","1","1","1","0"
"29494","87847112","29494","16","3","1","1","5","0","1","1","1","0"
"29495","87847112","29495","11","1","1","1","6","0","1","0","1","0"
"29496","87847112","29496","11","1","1","7","6","0","1","1","1","0"
"29497","87847112","29497","17","1","1","7","2","0","1","1","1","0"
"29498","87847112","29498","16","1","1","7","4","0","1","1","1","0"
"29499","87847112","29499","16","1","1","7","5","0","1","1","1","0"
"29500","87847112","29500","16","1","1","7","5","0","2","1","1","0"
"29501","87847207","29501","17","1","3","2","2","0","1","1","1","0"
"29502","87852304","29502","14","1","1","7","6","0","1","1","1","0"
"29503","87854101","29503","23","1","1","7","6","0","1","0","1","0"
"29504","87854108","29504","21","1","1","7","8","0","1","2","1","0"
"29505","88736503","29505","17","1","1","7","1","0","1","1","1","0"
"29506","88746204","29506","81","1","1","7","6","1","1","1","2","0"
"29507","88747404","29507","19","1","1","7","6","0","1","1","1","0"
"29508","88747404","29508","19","1","1","7","4","0","1","1","1","0"
"29509","88754403","29509","81","1","1","7","3","1","0","1","2","0"
"29510","88756307","29510","21","1","1","7","6","1","0","1","2","0"
"29511","88761204","29511","72","1","1","7","6","1","0","1","2","0"
"29512","88784201","29512","17","1","1","7","1","1","0","1","2","0"
"29513","88784201","29513","13","3","1","7","5","1","1","1","2","0"
"29514","88791306","29514","51","3","1","7","6","0","2","0","1","0"
"29515","88791309","29515","72","1","1","7","6","1","0","1","2","0"
"29516","88791310","29516","19","1","1","1","3","0","1","1","1","0"
"29517","88791310","29517","19","1","1","7","6","0","1","0","1","0"
"29518","88791402","29518","18","1","1","7","4","0","1","1","1","0"
"29519","88791402","29519","16","1","1","7","6","2","0","0","2","0"
"29520","88791402","29520","16","3","1","7","4","0","1","1","1","0"
"29521","88791402","29521","18","2","1","7","4","0","1","1","1","0"
"29522","88791404","29522","13","3","1","7","6","1","0","2","2","0"
"29523","88791404","29523","13","1","1","7","6","0","1","1","1","0"
"29524","88791405","29524","61","1","1","1","3","0","1","1","1","0"
"29525","88791405","29525","16","1","1","1","6","0","2","1","1","0"
"29526","88791405","29526","17","1","1","7","2","0","1","1","1","0"
"29527","88792101","29527","41","1","3","1","6","0","1","1","1","0"
"29528","88792202","1859","35","2","1","7","4","0","1","1","1","0"
"29529","88792202","29529","17","1","1","7","4","0","1","1","1","0"
"29530","88793301","29530","51","1","3","1","6","0","3","0","1","0"
"29531","88793301","29531","17","1","1","1","2","0","1","1","1","0"
"29532","88793305","29532","71","1","1","7","4","1","0","1","2","0"
"29533","88795304","29533","17","1","1","7","2","0","1","1","1","0"
"29534","88795314","29534","19","1","1","7","6","0","1","1","1","0"
"29535","88795314","29535","19","1","1","7","6","1","0","1","2","0"
"29536","88795321","29536","19","1","1","7","3","0","1","1","1","0"
"29537","88795321","29537","52","1","1","7","0","0","1","0","1","0"
"29538","88795321","29538","19","1","1","7","6","0","1","1","1","0"
"29539","88795403","29539","19","3","3","1","4","2","0","1","2","0"
"29540","88795403","29540","16","3","1","1","6","0","2","2","1","0"
"29541","88795406","29541","64","1","1","7","6","0","1","2","1","0"
"29542","88796203","29542","51","1","1","7","4","1","0","2","2","0"
"29543","88801207","29543","32","1","1","7","6","0","1","1","1","0"
"29544","88801207","29544","17","1","1","7","1","0","1","1","1","0"
"29545","88801304","29545","17","1","3","1","1","1","0","1","2","0"
"29546","88801304","29546","16","1","1","7","4","0","2","0","1","0"
"29547","88801304","29547","17","1","1","7","2","1","0","1","2","0"
"29548","88801304","29548","51","1","1","7","6","1","0","1","2","0"
"29549","88801308","29549","19","1","1","7","6","0","1","1","1","0"
"29550","88801308","29550","19","1","1","7","6","0","3","0","1","0"
"29551","88801308","29551","19","1","1","7","6","0","2","1","1","0"
"29552","88801308","29552","19","1","1","7","6","0","1","1","1","0"
"29553","88801308","29553","19","1","1","7","6","0","1","1","1","0"
"29554","88801309","29554","19","1","1","7","6","0","3","3","1","0"
"29555","88801309","29555","19","1","1","7","4","0","1","1","1","0"
"29556","88801413","29556","17","1","1","7","2","1","0","1","2","0"
"29557","88801413","29557","16","3","1","7","4","0","1","1","1","0"
"29558","88801413","29558","16","3","1","7","6","0","2","1","1","0"
"29559","88801413","29559","52","3","1","7","6","0","1","1","1","0"
"29560","88801415","29560","19","2","3","2","6","1","2","1","2","0"
"29561","88801509","29561","19","1","1","7","6","0","1","1","1","0"
"29562","88802207","29562","13","1","3","1","6","0","1","1","1","0"
"29563","88802404","29563","31","3","1","1","4","0","1","1","1","0"
"29564","88802404","29564","16","3","1","7","6","0","3","0","1","0"
"29565","88802404","29565","16","1","1","2","6","0","2","1","1","0"
"29566","88802404","29566","16","1","2","2","6","0","2","0","1","0"
"29567","88802404","29567","17","1","1","7","1","0","1","1","1","0"
"29568","88802404","29568","16","1","1","1","4","1","0","0","2","0"
"29569","88802404","29569","16","1","1","7","6","0","2","1","1","0"
"29570","88804201","29570","51","1","1","1","6","0","1","2","1","0"
"29571","88804501","29571","13","1","1","7","4","1","0","1","2","0"
"29572","88804504","29572","19","1","1","7","5","1","0","1","2","0"
"29573","88804504","29573","13","1","7","7","3","1","0","1","2","0"
"29574","88804504","29574","52","1","1","7","0","0","1","0","1","0"
"29575","88804504","29575","17","3","1","7","2","0","1","2","1","0"
"29576","88804504","29576","51","3","3","1","0","0","1","0","1","0"
"29577","88804504","29577","52","1","1","7","0","0","1","0","1","0"
"29578","88805402","29578","19","1","1","7","4","1","0","1","2","0"
"29579","88805402","29579","13","1","1","7","6","0","1","1","1","0"
"29580","88807503","29580","14","1","1","7","6","0","1","1","1","0"
"29581","88811102","29581","72","1","1","7","6","0","1","1","1","0"
"29582","88811201","29582","21","1","1","7","6","0","1","1","1","0"
"29583","88813416","29583","52","5","1","7","0","0","2","1","1","0"
"29584","88813423","29584","21","3","1","7","6","0","1","1","1","0"
"29585","88814304","29585","19","3","3","1","4","0","1","2","1","0"
"29586","88814304","29586","19","1","1","7","5","0","1","1","1","0"
"29587","88815104","29587","19","1","3","2","6","0","1","0","1","0"
"29588","88815104","29588","16","3","1","1","6","0","1","2","1","0"
"29589","88815104","29589","19","3","1","7","4","1","0","1","2","0"
"29590","88815106","29590","16","3","1","7","6","1","1","0","2","0"
"29591","88816506","29591","16","1","1","7","5","0","1","1","1","0"
"29592","88817302","29592","13","1","1","7","6","0","1","1","1","0"
"29593","88817302","29593","19","3","4","2","6","0","4","0","1","0"
"29594","88817302","8432","13","1","3","2","4","0","1","1","1","0"
"29595","88817304","29595","72","1","1","7","6","0","1","1","1","0"
"29596","88822303","29596","31","1","1","7","6","0","1","1","1","0"
"29597","88822310","29597","16","2","1","7","3","0","1","1","1","0"
"29598","88824203","11328","11","1","6","1","6","0","4","0","1","0"
"29599","88825102","29599","11","1","1","7","4","1","2","1","2","0"
"29600","88825102","29600","18","1","1","7","6","1","0","1","2","0"
"29601","88825102","29601","16","1","1","7","3","0","1","0","1","0"
"29602","88825102","29602","31","1","1","7","6","0","1","1","1","0"
"29603","88825102","29603","11","1","1","7","6","0","1","1","1","0"
"29604","88825102","29604","11","2","1","7","6","1","0","1","2","0"
"29605","88825102","29605","85","3","1","7","6","0","1","1","1","0"
"29606","88825102","29606","75","1","1","1","6","0","1","1","1","0"
"29607","88825102","29607","11","1","1","7","4","1","0","1","2","0"
"29608","88825102","29608","11","1","1","7","6","0","1","1","1","0"
"29609","88825102","29609","16","1","1","7","4","0","1","1","1","0"
"29610","88831302","29610","19","3","3","1","6","0","1","1","1","0"
"29611","88831302","29611","19","1","1","7","6","0","1","1","1","0"
"29612","88831302","29612","17","1","1","7","3","0","1","2","1","0"
"29613","88831302","29613","16","3","3","1","6","0","4","1","1","0"
"29614","88831502","29614","15","3","1","1","6","0","1","1","1","0"
"29615","88831502","29615","21","3","1","7","4","1","0","1","2","0"
"29616","88831502","29616","16","1","1","7","6","1","0","1","2","0"
"29617","88831509","29617","13","1","1","7","4","0","1","1","1","0"
"29618","88831509","29618","18","3","1","7","6","0","1","1","1","0"
"29619","88832403","29619","51","3","1","7","6","1","0","1","2","0"
"29620","88832405","29620","16","3","1","7","4","0","1","1","1","0"
"29621","88832405","29621","13","1","1","7","4","0","1","2","1","0"
"29622","88832405","29622","51","1","1","7","6","1","0","1","2","0"
"29623","88833403","14998","19","1","1","7","6","0","1","1","1","0"
"29624","88833403","29624","16","1","1","7","4","1","0","1","2","0"
"29625","88833403","29625","16","1","1","7","5","0","1","1","1","0"
"29626","88833403","29626","19","1","1","7","6","0","2","3","1","0"
"29627","88833403","29627","19","1","1","7","6","1","1","0","2","0"
"29628","88833403","29628","19","1","1","7","6","0","1","0","1","0"
"29629","88833403","29629","19","1","1","7","6","0","3","0","1","0"
"29630","88833403","29630","19","1","1","7","6","0","6","1","1","0"
"29631","88833403","29631","16","2","3","1","6","0","1","1","1","0"
"29632","88833403","29632","51","1","1","7","6","0","1","0","1","0"
"29633","88833403","29633","26","2","1","7","4","1","0","1","2","0"
"29634","88833403","29634","18","1","1","7","6","0","1","1","1","0"
"29635","88833403","29635","16","1","1","7","6","0","1","1","1","0"
"29636","88833403","29636","15","1","1","1","6","0","1","1","1","0"
"29637","88833403","29637","16","3","1","7","6","0","2","1","1","0"
"29638","88833403","138","51","1","1","7","6","0","1","2","1","0"
"29639","88833403","29639","16","1","1","7","5","0","1","1","1","0"
"29640","88833403","29640","11","1","1","7","9","0","1","1","1","0"
"29641","88833403","29641","16","3","1","7","6","0","1","1","1","0"
"29642","88833403","29642","11","3","3","1","6","0","1","1","1","0"
"29643","88833406","29643","52","3","1","7","0","0","1","0","1","0"
"29644","88833504","29644","11","1","1","7","6","0","3","1","1","0"
"29645","88833504","29645","11","3","1","7","6","0","1","1","1","0"
"29646","88835102","29646","21","1","1","1","4","0","1","1","1","0"
"29647","88835203","29647","19","1","1","7","6","0","1","1","1","0"
"29648","88835502","29648","52","3","4","3","2","0","1","1","1","0"
"29649","88835502","29645","19","3","1","7","6","0","1","1","1","0"
"29650","88837101","29650","21","2","1","7","6","0","3","0","1","0"
"29651","88837205","29651","21","1","1","7","6","0","1","0","1","0"
"29652","88837502","29652","85","3","1","7","6","0","1","3","1","0"
"29653","88837506","29653","16","3","1","7","6","0","4","0","1","0"
"29654","88841107","29654","51","1","1","7","4","0","1","1","1","0"
"29655","88841107","29655","41","3","3","1","6","1","6","0","2","0"
"29656","88841107","29656","17","1","1","7","2","0","1","2","1","0"
"29657","88841107","29657","19","1","1","7","6","0","1","1","1","0"
"29658","88841107","29658","13","3","1","7","6","0","2","1","1","0"
"29659","88841108","29659","14","1","1","7","4","0","1","1","1","0"
"29660","88841203","29660","64","1","1","7","4","0","1","1","1","0"
"29661","88842103","29661","18","1","1","7","6","0","1","1","1","0"
"29662","88842105","29662","51","1","1","7","6","0","1","1","1","0"
"29663","88842105","29663","15","1","1","7","6","0","2","0","1","0"
"29664","88842105","29664","11","3","1","2","6","1","0","1","2","0"
"29665","88842105","29665","16","3","1","7","6","0","2","0","1","0"
"29666","88842204","29666","11","3","1","7","6","1","0","1","2","0"
"29667","88842204","29667","19","1","1","7","7","1","0","1","2","0"
"29668","88842204","29668","19","2","1","7","6","3","1","0","2","0"
"29669","88842204","29669","19","1","1","7","5","0","1","1","1","0"
"29670","88842204","29670","11","3","1","1","6","0","1","1","1","0"
"29671","88842204","29671","51","1","2","2","6","0","1","1","1","0"
"29672","88842204","29672","11","1","1","7","6","0","1","1","1","0"
"29673","88842204","29673","51","3","3","2","6","0","1","0","1","0"
"29674","88842204","29674","11","1","1","7","6","0","3","0","1","0"
"29675","88842204","2616","11","3","6","1","6","0","1","0","1","0"
"29676","88842204","29676","51","2","1","7","6","0","1","0","1","0"
"29677","88842205","29677","31","3","1","7","6","0","1","1","1","0"
"29678","88842302","29678","52","3","1","1","6","0","2","1","1","0"
"29679","88842303","29679","14","1","1","7","3","0","1","1","1","0"
"29680","88842501","29680","51","1","1","7","6","0","4","0","1","0"
"29681","88842506","29681","21","1","1","7","6","0","1","1","1","0"
"29682","88843103","29682","11","1","1","7","6","0","1","1","1","0"
"29683","88843103","29683","16","3","3","1","6","0","3","0","1","0"
"29684","88843106","29684","51","3","1","7","6","0","1","1","1","0"
"29685","88843107","29685","51","1","1","1","3","0","1","0","1","0"
"29686","88843301","29686","19","1","1","7","3","0","1","1","1","0"
"29687","88843301","29687","17","1","1","7","2","0","1","1","1","0"
"29688","88843301","29688","52","3","3","1","0","0","3","2","1","0"
"29689","88843301","29689","51","1","1","7","6","0","1","2","1","0"
"29690","88843309","29690","17","1","1","7","1","0","1","1","1","0"
"29691","88843309","29691","17","3","1","2","1","0","1","1","1","0"
"29692","88843309","29692","17","1","1","7","2","0","1","1","1","0"
"29693","88843409","29693","16","1","1","7","3","0","1","1","1","0"
"29694","88843409","29694","17","1","1","7","2","0","1","1","1","0"
"29695","88843409","29695","17","3","3","1","2","0","1","1","1","0"
"29696","88844202","29696","13","1","1","1","4","0","1","1","1","0"
"29697","88844202","27805","31","1","1","7","4","0","1","2","1","0"
"29698","88844202","29698","16","1","1","7","6","0","2","0","1","0"
"29699","88844202","29699","13","3","1","7","6","0","1","1","1","0"
"29700","88844202","29700","17","2","1","1","2","0","1","1","1","0"
"29701","88844202","29701","13","4","1","7","6","0","3","0","1","0"
"29702","88844202","29702","13","1","1","7","4","0","2","1","1","0"
"29703","88844202","29703","16","1","1","7","4","0","1","1","1","0"
"29704","88844202","29704","13","1","3","2","3","0","1","1","1","0"
"29705","88844202","29705","31","1","1","7","6","0","1","1","1","0"
"29706","88844202","29706","13","3","1","7","4","0","1","1","1","0"
"29707","88844202","29707","16","3","1","7","6","0","2","1","1","0"
"29708","88844202","29708","13","1","3","1","4","0","1","1","1","0"
"29709","88844202","29709","13","2","1","7","4","0","1","1","1","0"
"29710","88844202","29710","13","1","1","7","4","0","1","1","1","0"
"29711","88844210","29711","31","1","3","2","9","1","0","0","2","0"
"29712","88844210","29712","13","1","1","7","6","0","1","1","1","0"
"29713","88844210","29713","13","1","3","1","4","0","1","0","1","0"
"29714","88844210","29714","13","1","1","7","6","0","2","2","1","0"
"29715","88844216","29715","14","1","1","7","4","0","1","1","1","0"
"29716","88844404","29716","31","1","1","7","6","0","1","1","1","0"
"29717","88844404","29717","72","1","1","7","6","1","0","1","2","0"
"29718","88844404","27976","52","3","1","7","6","0","1","0","1","0"
"29719","88844407","29719","71","1","1","7","4","0","2","0","1","0"
"29720","88844407","29720","16","1","1","7","6","0","2","2","1","0"
"29721","88845103","29721","21","1","6","1","4","0","1","1","1","0"
"29722","88845205","29722","21","2","3","1","6","0","1","1","1","0"
"29723","88845302","18907","13","1","1","7","5","0","1","1","1","0"
"29724","88845302","29724","13","1","3","1","8","0","1","2","1","0"
"29725","88845302","29725","17","1","1","7","2","0","1","1","1","0"
"29726","88845506","29726","19","1","6","1","6","0","1","1","1","0"
"29727","88845506","29727","17","1","2","1","2","0","1","1","1","0"
"29728","88846302","29728","52","1","1","7","2","0","2","1","1","0"
"29729","88846401","29729","51","1","1","7","4","0","1","1","1","0"
"29730","88846503","29730","13","1","3","2","6","1","0","1","2","0"
"29731","88846503","29731","19","3","3","1","6","0","1","1","1","0"
"29732","88846503","29732","19","3","3","2","4","0","1","1","1","0"
"29733","88847113","29733","72","1","1","7","6","0","1","1","1","0"
"29734","88847507","29734","20","1","3","1","2","0","2","1","1","0"
"29735","89734403","29735","51","1","3","1","6","0","1","2","1","0"
"29736","89734403","29736","19","1","3","2","6","0","2","2","1","0"
"29737","89734403","29737","81","1","6","1","6","0","1","1","1","0"
"29738","89737303","29738","21","1","1","7","6","1","1","2","2","0"
"29739","89745102","29739","51","1","1","7","3","1","0","1","2","0"
"29740","89745102","2479","19","1","1","7","6","0","4","2","1","0"
"29741","89746101","29741","19","1","3","1","6","1","0","1","2","0"
"29742","89761206","29742","13","3","1","7","4","1","0","1","2","0"
"29743","89761304","29743","52","1","1","7","0","0","1","0","1","0"
"29744","89761402","29744","16","1","1","7","6","1","0","1","2","0"
"29745","89762103","29745","71","3","4","3","6","1","0","2","2","0"
"29746","89762103","29746","51","1","1","7","3","0","1","1","1","0"
"29747","89762507","29518","14","1","1","7","6","1","0","1","2","0"
"29748","89811103","29748","13","3","1","7","6","0","1","1","1","0"
"29749","89811306","29749","99","1","1","7","6","0","0","1","3","0"
"29750","89811410","29750","21","3","1","7","6","0","1","1","1","0"
"29751","89811411","29751","14","1","1","7","3","0","1","1","1","0"
"29752","89811413","29752","19","1","1","7","4","0","1","2","1","0"
"29753","89811413","29753","19","1","1","7","4","0","1","1","1","0"
"29754","89812309","29754","21","1","1","7","6","0","1","1","1","0"
"29755","89812309","29755","18","1","1","7","4","0","1","2","1","0"
"29756","89812406","29756","17","3","2","2","2","0","1","1","1","0"
"29757","89812406","29757","51","1","3","1","6","0","1","2","1","0"
"29758","89812406","29758","14","1","1","7","6","0","1","1","1","0"
"29759","89812407","29759","71","1","1","7","6","0","1","1","1","0"
"29760","89812407","429","21","3","1","7","6","0","1","1","1","0"
"29761","89812407","29761","74","1","1","7","8","1","0","0","2","0"
"29762","89813320","29762","17","2","7","2","2","0","1","1","1","0"
"29763","89813403","29763","72","1","1","7","6","0","1","1","1","0"
"29764","89813504","29764","52","1","1","7","0","0","1","0","1","0"
"29765","89813510","29765","11","3","1","7","6","0","1","1","1","0"
"29766","89814307","29766","17","1","1","7","2","0","1","1","1","0"
"29767","89814307","29767","14","1","7","7","3","0","1","1","1","0"
"29768","89814307","29768","51","1","1","7","0","0","1","4","1","0"
"29769","89814408","29769","35","1","1","7","4","0","1","1","1","0"
"29770","89814504","29770","19","1","1","7","6","0","1","2","1","0"
"29771","89815403","29771","19","1","1","7","6","0","1","1","1","0"
"29772","89815504","29772","64","1","7","1","6","0","1","1","1","0"
"29773","89815504","29773","14","1","1","7","6","0","3","1","1","0"
"29774","89816509","29774","14","3","1","7","6","0","1","1","1","0"
"29775","89816509","29775","14","1","1","7","6","0","1","1","1","0"
"29776","89816509","19976","17","1","1","7","2","1","0","1","2","0"
"29777","89816509","29777","17","1","1","7","2","0","1","1","1","0"
"29778","89817403","29778","21","1","1","7","6","1","0","1","2","0"
"29779","89817403","29779","14","1","1","7","6","0","1","1","1","0"
"29780","89817403","29780","14","1","1","7","6","0","2","0","1","0"
"29781","89817403","29781","14","2","1","7","4","0","1","1","1","0"
"29782","89817505","29782","14","1","1","7","6","0","1","1","1","0"
"29783","89821303","29783","19","1","1","7","4","1","0","1","2","0"
"29784","89821303","29784","19","1","3","2","6","0","3","2","1","0"
"29785","89821303","29785","31","3","1","7","6","0","1","1","1","0"
"29786","89821303","29786","19","1","1","7","6","0","2","1","1","0"
"29787","89821303","29787","19","3","1","2","6","0","2","0","1","0"
"29788","89821303","29788","19","3","1","7","6","0","3","0","1","0"
"29789","89821303","29789","19","1","1","7","6","3","0","1","2","0"
"29790","89821303","29790","19","3","3","2","6","0","2","5","1","0"
"29791","89821303","29791","19","1","3","1","6","0","1","1","1","0"
"29792","89821303","29792","19","3","1","7","6","0","1","1","1","0"
"29793","89821303","29793","19","1","1","7","3","0","1","1","1","0"
"29794","89821303","29794","51","1","1","7","4","0","3","0","1","0"
"29795","89821303","29795","19","1","1","7","6","0","1","1","1","0"
"29796","89821317","29796","21","1","3","2","6","0","1","0","1","0"
"29797","89827101","29797","64","1","1","7","6","0","1","1","1","0"
"29798","89827106","29798","14","1","1","7","4","0","1","0","1","0"
"29799","89837411","29799","21","1","1","1","6","0","1","1","1","0"
"29800","89841105","29800","72","1","1","7","6","0","1","1","1","0"
"29801","89841303","29801","14","1","1","7","3","0","1","1","1","0"
"29802","89841303","29802","14","1","3","1","6","0","1","2","1","0"
"29803","89841405","29803","14","1","1","7","4","0","2","1","1","0"
"29804","89841512","29804","81","1","1","7","6","0","1","1","1","0"
"29805","89842218","29805","52","3","1","7","0","0","2","1","1","0"
"29806","89842218","29806","21","1","1","7","6","0","2","1","1","0"
"29807","89842305","29807","14","1","1","7","3","0","1","1","1","0"
"29808","89843101","29808","14","1","1","7","6","0","1","1","1","0"
"29809","90811501","29809","21","1","1","1","6","1","0","1","2","0"
"29810","90811502","29810","14","1","1","7","3","0","1","1","1","0"